Kategoria;Priorytet;Punkty;Firma;Miasto;Adres;Strona WWW;Stan strony;HTTPS;Na telefon (viewport);Rok w stopce;System strony;Social media (znalezione);Oklejenie aut / odzież / witryna;Sygnały zakupu;Pracownicy (LinkedIn);Zmiana zatrudnienia r/r;Rok założenia;Sieć / franczyza;Ocena ogólna;Luki;Szansa dla GW;Status kontaktu;Źródło;Sprawdzono
Biura i usługi B2B;B;5;Advocaten Willemstraat;Eindhoven;Willemstraat 15 5611HB;https://www.advocatenwillemstraat.nl/;PRZESTARZAŁA;tak;nie;2013;WordPress;;NIEUSTALONE (wymaga zdjęć lub wizji lokalnej);rekrutuje;;;;;Częściowe braki;"przestarzała strona (nie na telefon, stopka 2013); nie znaleziono social media na stronie";"nowa strona (mobile, HTTPS); materiały do social media; odzież/oklejenie dla nowych ludzi i aut";nie kontaktowano;OpenStreetMap (office=lawyer, node/2764373040);2026-10-10
Biura i usługi B2B;B;5;Hattrick Uitzendbureau;Eindhoven;Vestdijk 129 5611CB;https://hattrick.nl;PRZESTARZAŁA;tak;tak;2015;WordPress;;NIEUSTALONE (wymaga zdjęć lub wizji lokalnej);rekrutuje;;;;;Częściowe braki;"przestarzała strona (stopka 2015); nie znaleziono social media na stronie";"nowa strona (mobile, HTTPS); materiały do social media; odzież/oklejenie dla nowych ludzi i aut";nie kontaktowano;OpenStreetMap (office=employment_agency, node/2759644807);2026-10-10
Biura i usługi B2B;B;5;Janssens Interieurprojecten;Mierlo;Brugstraat 81 5731HG;http://www.interieurprojecten.nl/;PRZESTARZAŁA;nie;nie;2008;;;NIEUSTALONE (wymaga zdjęć lub wizji lokalnej);rekrutuje;;;;;Częściowe braki;"przestarzała strona (brak HTTPS, nie na telefon, stopka 2008); nie znaleziono social media na stronie";"nowa strona (mobile, HTTPS); materiały do social media; odzież/oklejenie dla nowych ludzi i aut";nie kontaktowano;OpenStreetMap (office=company, node/2876570991);2026-10-10
Biura i usługi B2B;B;5;Saasen;Mierlo;Industrieweg 54 5731HR;http://www.saasen.com/;PRZESTARZAŁA;nie;nie;;;;NIEUSTALONE (wymaga zdjęć lub wizji lokalnej);rekrutuje;;;;;Częściowe braki;"przestarzała strona (brak HTTPS, nie na telefon); nie znaleziono social media na stronie";"nowa strona (mobile, HTTPS); materiały do social media; odzież/oklejenie dla nowych ludzi i aut";nie kontaktowano;OpenStreetMap (office=company, node/2876570948);2026-10-10
Biura i usługi B2B;B;5;Van Vlerken;Mierlo;Heezerweg 1 5731PT;http://www.vv-vanvlerken.nl/;PRZESTARZAŁA;nie;tak;;;;NIEUSTALONE (wymaga zdjęć lub wizji lokalnej);rekrutuje;;;;;Częściowe braki;"przestarzała strona (brak HTTPS); nie znaleziono social media na stronie";"nowa strona (mobile, HTTPS); materiały do social media; odzież/oklejenie dla nowych ludzi i aut";nie kontaktowano;OpenStreetMap (office=company, node/2876056324);2026-10-10
Biura i usługi B2B;B;4;De Proost Administratiekantoor;Bergeijk;Kleine Broekstraat 8 5571KG;http://www.deproostadministratie.nl/overdeproost.html;PRZESTARZAŁA;nie;tak;2015;;;NIEUSTALONE (wymaga zdjęć lub wizji lokalnej);;;;;;Częściowe braki;"przestarzała strona (brak HTTPS, stopka 2015); nie znaleziono social media na stronie";"nowa strona (mobile, HTTPS); materiały do social media";nie kontaktowano;OpenStreetMap (office=company, node/2828723304);2026-10-10
Biura i usługi B2B;B;4;Dikkerboom;Waalre;Van Dijklaan 13b 5581WG;http://dikkerboom.nl/waalre;BŁĄD STRONY (do potwierdzenia);;;;;Facebook, LinkedIn;NIEUSTALONE (wymaga zdjęć lub wizji lokalnej);rekrutuje;;;;;Duże braki online;strona zwróciła błąd (do potwierdzenia);"nowa/naprawiona strona; odzież/oklejenie dla nowych ludzi i aut";nie kontaktowano;OpenStreetMap (office=company, node/2930059368);2026-10-10
Biura i usługi B2B;B;4;Eindhoven Relocations;Eindhoven;Leemkuil 15 5626EA;https://www.eindhovenrelocations.nl/;PRZESTARZAŁA;tak;tak;2019;Wix;;NIEUSTALONE (wymaga zdjęć lub wizji lokalnej);;;;;;Częściowe braki;"przestarzała strona (stopka 2019); nie znaleziono social media na stronie";"nowa strona (mobile, HTTPS); materiały do social media";nie kontaktowano;OpenStreetMap (office=company, node/2748575686);2026-10-10
Biura i usługi B2B;B;4;Harrie Houtsma BV;Mierlo;Ambachtweg 9 5731AE;https://www.houtsmabv.nl/;PRZESTARZAŁA;tak;tak;2016;;Facebook;NIEUSTALONE (wymaga zdjęć lub wizji lokalnej);rekrutuje;;;;;Częściowe braki;przestarzała strona (stopka 2016);"nowa strona (mobile, HTTPS); odzież/oklejenie dla nowych ludzi i aut";nie kontaktowano;OpenStreetMap (office=company, node/2876288794);2026-10-10
Biura i usługi B2B;B;4;HTL;Eindhoven;Kanaaldijk-Noord 123 5642JA;https://www.htl-dht.com/;PRZESTARZAŁA;tak;tak;2021;WordPress;LinkedIn;NIEUSTALONE (wymaga zdjęć lub wizji lokalnej);rekrutuje;;;;;Częściowe braki;przestarzała strona (stopka 2021);"nowa strona (mobile, HTTPS); odzież/oklejenie dla nowych ludzi i aut";nie kontaktowano;OpenStreetMap (office=company, node/2745963029);2026-10-10
Biura i usługi B2B;B;4;Huur inc housing;Eindhoven;Willemstraat 13 5611HA;https://www.huurinc.nl;PRZESTARZAŁA;tak;nie;;;;NIEUSTALONE (wymaga zdjęć lub wizji lokalnej);;;;;;Częściowe braki;"przestarzała strona (nie na telefon); nie znaleziono social media na stronie";"nowa strona (mobile, HTTPS); materiały do social media";nie kontaktowano;OpenStreetMap (office=estate_agent, node/2764372522);2026-10-10
Biura i usługi B2B;B;4;iO Campus Eindhoven;Eindhoven;Marconilaan 16 5621AA;https://www.iodigital.com/nl/over-ons/campussen/campus-eindhoven;BŁĄD STRONY (do potwierdzenia);;;;;Facebook, Instagram, LinkedIn, YouTube;NIEUSTALONE (wymaga zdjęć lub wizji lokalnej);rekrutuje;;;;;Duże braki online;strona zwróciła błąd (do potwierdzenia);"nowa/naprawiona strona; odzież/oklejenie dla nowych ludzi i aut";nie kontaktowano;OpenStreetMap (office=it, node/2780310257);2026-10-10
Biura i usługi B2B;B;4;Krings;Beek en Donk;Beekerheide 17 5741HB;https://krings.nl/;PRZESTARZAŁA;tak;nie;;;;NIEUSTALONE (wymaga zdjęć lub wizji lokalnej);;;;;;Częściowe braki;"przestarzała strona (nie na telefon); nie znaleziono social media na stronie";"nowa strona (mobile, HTTPS); materiały do social media";nie kontaktowano;OpenStreetMap (office=company, node/11952199014);2026-10-10
Biura i usługi B2B;B;4;Mol;Son en Breugel;Nieuwstraat 18b 5691AC;https://www.advocatenkantoormol.nl/;PRZESTARZAŁA;tak;nie;;;;NIEUSTALONE (wymaga zdjęć lub wizji lokalnej);;;;;;Częściowe braki;"przestarzała strona (nie na telefon); nie znaleziono social media na stronie";"nowa strona (mobile, HTTPS); materiały do social media";nie kontaktowano;OpenStreetMap (office=lawyer, node/2792747497);2026-10-10
Biura i usługi B2B;B;4;OAMKB Meierijstad- Sint Oedenrode;Sint-Oedenrode;Kwikstaart 5 5492PA;https://www.onlineaccountantsmkb.nl/administratiekantoor-meierijstad-sint-oedenrode.html;BŁĄD STRONY (do potwierdzenia);;;;;Facebook, Instagram, LinkedIn, YouTube;NIEUSTALONE (wymaga zdjęć lub wizji lokalnej);rekrutuje;;;;;Duże braki online;strona zwróciła błąd (do potwierdzenia);"nowa/naprawiona strona; odzież/oklejenie dla nowych ludzi i aut";nie kontaktowano;OpenStreetMap (office=company, node/2796127446);2026-10-10
Biura i usługi B2B;B;4;PreZero;Helmond;Gerstdijk 1 5704RG;https://prezero.nl/contact/locaties-overzicht/prezero-helmond;BŁĄD STRONY (do potwierdzenia);;;;;Facebook, Instagram, LinkedIn, YouTube;NIEUSTALONE (wymaga zdjęć lub wizji lokalnej);rekrutuje;;;;;Duże braki online;strona zwróciła błąd (do potwierdzenia);"nowa/naprawiona strona; odzież/oklejenie dla nowych ludzi i aut";nie kontaktowano;OpenStreetMap (office=company, node/2902838809);2026-10-10
Biura i usługi B2B;B;4;Raymakers Ontwerp;Mierlo;Oudvensestraat 1 5731SH;https://raymakersontwerp.nl;PRZESTARZAŁA;tak;tak;2018;WordPress;;NIEUSTALONE (wymaga zdjęć lub wizji lokalnej);;;;;;Częściowe braki;"przestarzała strona (stopka 2018); nie znaleziono social media na stronie";"nowa strona (mobile, HTTPS); materiały do social media";nie kontaktowano;OpenStreetMap (office=architect, node/2876288408);2026-10-10
Biura i usługi B2B;B;4;SI-Kwadraat;Nuenen;Gulberg 31 5674TE;http://www.si-kwadraat.nl;PRZESTARZAŁA;nie;nie;;;;NIEUSTALONE (wymaga zdjęć lub wizji lokalnej);;;;;;Częściowe braki;"przestarzała strona (brak HTTPS, nie na telefon); nie znaleziono social media na stronie";"nowa strona (mobile, HTTPS); materiały do social media";nie kontaktowano;OpenStreetMap (office=company, node/2992226141);2026-10-10
Biura i usługi B2B;B;4;Summox;Eindhoven;Quinten Matsyslaan 85 5642JC;https://summox.com;OK;tak;tak;;WordPress;;NIEUSTALONE (wymaga zdjęć lub wizji lokalnej);"rekrutuje; sklep online";;;;;Częściowe braki;nie znaleziono social media na stronie;"materiały do social media; odzież/oklejenie dla nowych ludzi i aut";nie kontaktowano;OpenStreetMap (office=company, node/9698601395);2026-10-10
Biura i usługi B2B;B;4;Van De Mortel Recycling;Eindhoven;Kanaaldijk-Noord 107 5642JA;http://www.vandemortelrecycling.nl/;PRZESTARZAŁA;nie;nie;;;;NIEUSTALONE (wymaga zdjęć lub wizji lokalnej);;;;;;Częściowe braki;"przestarzała strona (brak HTTPS, nie na telefon); nie znaleziono social media na stronie";"nowa strona (mobile, HTTPS); materiały do social media";nie kontaktowano;OpenStreetMap (office=company, node/2745962930);2026-10-10
Biura i usługi B2B;B;4;Van Genugten;Mierlo;Industrieweg 5B 5731HP;http://www.vangenugtenmierlo.nl;PRZESTARZAŁA;nie;nie;;;;NIEUSTALONE (wymaga zdjęć lub wizji lokalnej);;;;;;Częściowe braki;"przestarzała strona (brak HTTPS, nie na telefon); nie znaleziono social media na stronie";"nowa strona (mobile, HTTPS); materiały do social media";nie kontaktowano;OpenStreetMap (office=company, node/2876570957);2026-10-10
Biura i usługi B2B;B;4;W-dam;Beek en Donk;Beekerheide 17 5741HB;https://wdambv.nl/;PRZESTARZAŁA;tak;nie;;;;NIEUSTALONE (wymaga zdjęć lub wizji lokalnej);;;;;;Częściowe braki;"przestarzała strona (nie na telefon); nie znaleziono social media na stronie";"nowa strona (mobile, HTTPS); materiały do social media";nie kontaktowano;OpenStreetMap (office=company, node/11952199013);2026-10-10
Biura i usługi B2B;B;4;Winmix;Beek en Donk;Beekerheide 17 5741HB;https://winmix.nl/;PRZESTARZAŁA;tak;nie;;;;NIEUSTALONE (wymaga zdjęć lub wizji lokalnej);;;;;;Częściowe braki;"przestarzała strona (nie na telefon); nie znaleziono social media na stronie";"nowa strona (mobile, HTTPS); materiały do social media";nie kontaktowano;OpenStreetMap (office=company, node/11952199012);2026-10-10
Biura i usługi B2B;C;3;Activus;Gemert;Ridderplein 31 5421CX;https://www.activus.nl;OK;tak;tak;2026;WordPress;Facebook, Instagram, LinkedIn;NIEUSTALONE (wymaga zdjęć lub wizji lokalnej);"rekrutuje; sklep online";;;;;Podstawy online OK;;odzież/oklejenie dla nowych ludzi i aut;nie kontaktowano;OpenStreetMap (office=employment_agency, node/3005545133);2026-10-10
Biura i usługi B2B;C;3;Andes;;;https://www.andes.nl/;OK;tak;tak;2026;WordPress;LinkedIn;NIEUSTALONE (wymaga zdjęć lub wizji lokalnej);"rekrutuje; sklep online";;;;;Podstawy online OK;;odzież/oklejenie dla nowych ludzi i aut;nie kontaktowano;OpenStreetMap (office=it, node/13928342868);2026-10-10
Biura i usługi B2B;C;3;BenT Accountants en Belastingadviseurs;Eindhoven;Groenstraat 2A 5642CB;https://www.wijzijnbent.nl;OK;tak;tak;;WordPress;;NIEUSTALONE (wymaga zdjęć lub wizji lokalnej);rekrutuje;;;;;Częściowe braki;nie znaleziono social media na stronie;"materiały do social media; odzież/oklejenie dla nowych ludzi i aut";nie kontaktowano;OpenStreetMap (office=accountant, node/4723905913);2026-10-10
Biura i usługi B2B;C;3;Boels Zanders;Eindhoven;Vestdijk 76 5611CE;https://bz.nl/;OK;tak;tak;2026;WordPress;;NIEUSTALONE (wymaga zdjęć lub wizji lokalnej);rekrutuje;;;;;Częściowe braki;nie znaleziono social media na stronie;"materiały do social media; odzież/oklejenie dla nowych ludzi i aut";nie kontaktowano;OpenStreetMap (office=lawyer, node/2765284085);2026-10-10
Biura i usługi B2B;C;3;Coco & Sebas;Oirschot;de Scheper 325 5688HP;https://cocosebas.nl;OK;tak;tak;2026;Shopify;Facebook, Instagram;NIEUSTALONE (wymaga zdjęć lub wizji lokalnej);"rekrutuje; sklep online";;;;;Podstawy online OK;;odzież/oklejenie dla nowych ludzi i aut;nie kontaktowano;OpenStreetMap (office=company, node/2825835870);2026-10-10
Biura i usługi B2B;C;3;Coen Hagedoorn Bouwgroep;Eindhoven;Dillenburgstraat 45 5652AM;https://coenhagedoorn.nl/werken-bij/vestigingen/eindhoven/;OK;tak;tak;2026;WordPress;;NIEUSTALONE (wymaga zdjęć lub wizji lokalnej);rekrutuje;;;;;Częściowe braki;nie znaleziono social media na stronie;"materiały do social media; odzież/oklejenie dla nowych ludzi i aut";nie kontaktowano;OpenStreetMap (office=company, node/2712973615);2026-10-10
Biura i usługi B2B;C;3;Coolen;Eindhoven;Kanaaldijk-Noord 51 5642JA;https://www.coolen.nl;OK;tak;tak;2026;;;NIEUSTALONE (wymaga zdjęć lub wizji lokalnej);rekrutuje;;;;;Częściowe braki;nie znaleziono social media na stronie;"materiały do social media; odzież/oklejenie dla nowych ludzi i aut";nie kontaktowano;OpenStreetMap (office=company, node/2745963324);2026-10-10
Biura i usługi B2B;C;3;CQM;Eindhoven;Vonderweg 16 5616RM;https://cqm.nl;OK;tak;tak;2026;;;NIEUSTALONE (wymaga zdjęć lub wizji lokalnej);rekrutuje;;;;;Częściowe braki;nie znaleziono social media na stronie;"materiały do social media; odzież/oklejenie dla nowych ludzi i aut";nie kontaktowano;OpenStreetMap (office=company, node/2754062760);2026-10-10
Biura i usługi B2B;C;3;Crijns Rentmeesters;Asten;Koningsplein 20 5721GJ;https://www.crijns-rentmeesters.nl;OK;tak;tak;;;;NIEUSTALONE (wymaga zdjęć lub wizji lokalnej);rekrutuje;;;;;Częściowe braki;nie znaleziono social media na stronie;"materiały do social media; odzież/oklejenie dla nowych ludzi i aut";nie kontaktowano;OpenStreetMap (office=company, node/2872221447);2026-10-10
Biura i usługi B2B;C;3;European Leisure Support;Eindhoven;J C Dirkxpad 7 5631BZ;https://europeanleisurejobs.nl/voor-werkgevers/;BŁĄD STRONY (do potwierdzenia);;;;;;NIEUSTALONE (wymaga zdjęć lub wizji lokalnej);;;;;;Duże braki online;strona zwróciła błąd (do potwierdzenia);nowa/naprawiona strona;nie kontaktowano;OpenStreetMap (office=company, node/2766729798);2026-10-10
Biura i usługi B2B;C;3;Galal Export;Son en Breugel;Ekkersrijt 1337 5692AJ;https://galalexport.com/;OK;tak;tak;;Shopify;;NIEUSTALONE (wymaga zdjęć lub wizji lokalnej);sklep online;;;;;Częściowe braki;nie znaleziono social media na stronie;materiały do social media;nie kontaktowano;OpenStreetMap (office=company, node/2785222636);2026-10-10
Biura i usługi B2B;C;3;Guitjens Verzekeringen en Risicobeheer;Heeze;Schoolstraat 2 5591HL;https://www.guitjens.nl/;OK;tak;tak;;WordPress;;NIEUSTALONE (wymaga zdjęć lub wizji lokalnej);rekrutuje;;;;;Częściowe braki;nie znaleziono social media na stronie;"materiały do social media; odzież/oklejenie dla nowych ludzi i aut";nie kontaktowano;OpenStreetMap (office=insurance, node/2830077097);2026-10-10
Biura i usługi B2B;C;3;Heideweg;Eindhoven;Insulindelaan 111 5642CV;https://heideweg.nl/;OK;tak;tak;;WordPress;;NIEUSTALONE (wymaga zdjęć lub wizji lokalnej);rekrutuje;;;;;Częściowe braki;nie znaleziono social media na stronie;"materiały do social media; odzież/oklejenie dla nowych ludzi i aut";nie kontaktowano;OpenStreetMap (office=financial, node/12010262292);2026-10-10
Biura i usługi B2B;C;3;Hoppenbrouwers;Best;I.B.C.weg 6 5683PK;https://www.hoppenbrouwerstechniek.nl/vestiging/best/;OK;tak;tak;2026;WordPress;Facebook, Instagram, LinkedIn, TikTok, YouTube;NIEUSTALONE (wymaga zdjęć lub wizji lokalnej);"rekrutuje; nowa lokalizacja";;;;;Podstawy online OK;;"odzież/oklejenie dla nowych ludzi i aut; oznakowanie nowej lokalizacji / start marki";nie kontaktowano;OpenStreetMap (office=company, node/2737803110);2026-10-10
Biura i usługi B2B;C;3;Keiretsu Europe;Beek en Donk;Koppelstraat 91 5741GB;https://keiretsu-europe.nl/;OK;tak;tak;;WordPress;;NIEUSTALONE (wymaga zdjęć lub wizji lokalnej);rekrutuje;;;;;Częściowe braki;nie znaleziono social media na stronie;"materiały do social media; odzież/oklejenie dla nowych ludzi i aut";nie kontaktowano;OpenStreetMap (office=company, node/2899183656);2026-10-10
Biura i usługi B2B;C;3;Koninklijke Kuijpers;Helmond;Panovenweg 18 5708HR;https://www.kuijpers.nl/vestiging/helmond/;OK;tak;tak;2026;WordPress;;NIEUSTALONE (wymaga zdjęć lub wizji lokalnej);rekrutuje;;;;;Częściowe braki;nie znaleziono social media na stronie;"materiały do social media; odzież/oklejenie dla nowych ludzi i aut";nie kontaktowano;OpenStreetMap (office=company, node/2898022677);2026-10-10
Biura i usługi B2B;C;3;Likifin;Eindhoven;Meerenakkerweg 1-09 5652AR;https://www.likifin.nl;OK;tak;tak;2026;WordPress;;NIEUSTALONE (wymaga zdjęć lub wizji lokalnej);rekrutuje;;;;;Częściowe braki;nie znaleziono social media na stronie;"materiały do social media; odzież/oklejenie dla nowych ludzi i aut";nie kontaktowano;OpenStreetMap (office=lawyer, node/2712980660);2026-10-10
Biura i usługi B2B;C;3;M.w.w.S. Internetdiensten;Hapert;Corvus 26 5527ED;https://mwws.nl;PRZESTARZAŁA;tak;nie;;;Facebook, LinkedIn;NIEUSTALONE (wymaga zdjęć lub wizji lokalnej);;;;;;Częściowe braki;przestarzała strona (nie na telefon);nowa strona (mobile, HTTPS);nie kontaktowano;OpenStreetMap (office=it, node/2827402238);2026-10-10
Biura i usługi B2B;C;3;MB Veranda;Eindhoven;Adriaan Mulderweg 4 5657EM;https://mbveranda.nl/;OK;tak;tak;2026;WordPress;Facebook, Instagram, TikTok, YouTube;NIEUSTALONE (wymaga zdjęć lub wizji lokalnej);"rekrutuje; sklep online";;;;;Podstawy online OK;;odzież/oklejenie dla nowych ludzi i aut;nie kontaktowano;OpenStreetMap (office=company, node/2730158528);2026-10-10
Biura i usługi B2B;C;3;NXP Semiconductors;Eindhoven;High Tech Campus 60 5656AG;https://www.nxp.com;BŁĄD STRONY (do potwierdzenia);;;;;;NIEUSTALONE (wymaga zdjęć lub wizji lokalnej);;;;;;Duże braki online;strona zwróciła błąd (do potwierdzenia);nowa/naprawiona strona;nie kontaktowano;OpenStreetMap (office=company, node/2727694803);2026-10-10
Biura i usługi B2B;C;3;Ockhuizen;Someren;Kanaalstraat 105 5711EG;https://ockhuizen.nl;OK;tak;tak;2026;WordPress;;NIEUSTALONE (wymaga zdjęć lub wizji lokalnej);rekrutuje;;;;;Częściowe braki;nie znaleziono social media na stronie;"materiały do social media; odzież/oklejenie dla nowych ludzi i aut";nie kontaktowano;OpenStreetMap (office=company, node/12895095246) + wyszukiwarka;2026-10-10
Biura i usługi B2B;C;3;Omkeere;Eindhoven;Weegschaalstraat 3 5632CW;https://www.omkeere.com;OK;tak;tak;;;;NIEUSTALONE (wymaga zdjęć lub wizji lokalnej);rekrutuje;;;;;Częściowe braki;nie znaleziono social media na stronie;"materiały do social media; odzież/oklejenie dla nowych ludzi i aut";nie kontaktowano;OpenStreetMap (office=company, node/9502297334);2026-10-10
Biura i usługi B2B;C;3;Oomes Advocatuur;Son en Breugel;van den Elsenstraat 48 5694NH;https://www.oomesadvocatuur.nl;OK;tak;tak;;WordPress;;NIEUSTALONE (wymaga zdjęć lub wizji lokalnej);rekrutuje;;;;;Częściowe braki;nie znaleziono social media na stronie;"materiały do social media; odzież/oklejenie dla nowych ludzi i aut";nie kontaktowano;OpenStreetMap (office=lawyer, node/13248665991);2026-10-10
Biura i usługi B2B;C;3;Pieters Cleaning Groep;Mierlo;Ambachtweg 50 5731AG;https://www.pietersbv.nl;OK;tak;tak;2026;WordPress;;NIEUSTALONE (wymaga zdjęć lub wizji lokalnej);rekrutuje;;;;;Częściowe braki;nie znaleziono social media na stronie;"materiały do social media; odzież/oklejenie dla nowych ludzi i aut";nie kontaktowano;OpenStreetMap (office=company, node/2876288486);2026-10-10
Biura i usługi B2B;C;3;Poda Omheiningen Zuid Nederland;Sint-Oedenrode;Schoorse Hoefstraat 7 5492TA;https://www.poda-omheiningen.nl/poda-omheiningen-sint-oedenrode/;BŁĄD STRONY (do potwierdzenia);;;;;;NIEUSTALONE (wymaga zdjęć lub wizji lokalnej);;;;;;Duże braki online;strona zwróciła błąd (do potwierdzenia);nowa/naprawiona strona;nie kontaktowano;OpenStreetMap (office=company, node/2796133983);2026-10-10
Biura i usługi B2B;C;3;PVA;Helmond;Engelseweg 235 5705AE;https://pva-europe-bv.business.site/;BŁĄD STRONY (do potwierdzenia);;;;;;NIEUSTALONE (wymaga zdjęć lub wizji lokalnej);;;;;;Duże braki online;strona zwróciła błąd (do potwierdzenia);nowa/naprawiona strona;nie kontaktowano;OpenStreetMap (office=company, node/2902558533);2026-10-10
Biura i usługi B2B;C;3;Raak Metals Best;Best;Fabrieksweg 21 5683PN;https://www.raakmetals.nl/;OK;tak;tak;;WordPress;;NIEUSTALONE (wymaga zdjęć lub wizji lokalnej);rekrutuje;;;;;Częściowe braki;nie znaleziono social media na stronie;"materiały do social media; odzież/oklejenie dla nowych ludzi i aut";nie kontaktowano;OpenStreetMap (office=company, node/4558592452);2026-10-10
Biura i usługi B2B;C;3;Sensite Solutions;Eindhoven;Lucas Gasselstraat 7D 5611ST;https://www.sensite-solutions.com;OK;tak;tak;2026;WordPress;;NIEUSTALONE (wymaga zdjęć lub wizji lokalnej);sklep online;;;;;Częściowe braki;nie znaleziono social media na stronie;materiały do social media;nie kontaktowano;OpenStreetMap (office=company, node/4680912103);2026-10-10
Biura i usługi B2B;C;3;StackSecure BV;Eindhoven;Weegschaalstraat 3 5632CW;https://www.stack-secure.com;BŁĄD STRONY (do potwierdzenia);;;;;;NIEUSTALONE (wymaga zdjęć lub wizji lokalnej);;;;;;Duże braki online;strona zwróciła błąd (do potwierdzenia);nowa/naprawiona strona;nie kontaktowano;OpenStreetMap (office=it, node/2752602424);2026-10-10
Biura i usługi B2B;C;3;Startselect;Eindhoven;Hoevenweg 19 5652AW;https://www.startselect.com/;OK;tak;tak;2026;;Facebook, Instagram, LinkedIn, TikTok, YouTube;NIEUSTALONE (wymaga zdjęć lub wizji lokalnej);"rekrutuje; sklep online";;;;;Podstawy online OK;;odzież/oklejenie dla nowych ludzi i aut;nie kontaktowano;OpenStreetMap (office=company, node/2712964072);2026-10-10
Biura i usługi B2B;C;3;Thermo Fisher Scientific;Eindhoven;De Schakel 2 5651GH;https://www.fei.com/home/;OK;tak;tak;2026;;;NIEUSTALONE (wymaga zdjęć lub wizji lokalnej);sklep online;;;;;Częściowe braki;nie znaleziono social media na stronie;materiały do social media;nie kontaktowano;OpenStreetMap (office=company, node/2737111229) + wyszukiwarka;2026-10-10
Biura i usługi B2B;C;3;Total Fence;Mierlo;Industrieweg 15A 5731HP;https://www.totalfence.nl/;OK;tak;tak;2026;WordPress;LinkedIn;NIEUSTALONE (wymaga zdjęć lub wizji lokalnej);"rekrutuje; nowa lokalizacja";;;;;Podstawy online OK;;"odzież/oklejenie dla nowych ludzi i aut; oznakowanie nowej lokalizacji / start marki";nie kontaktowano;OpenStreetMap (office=company, node/2876570680);2026-10-10
Biura i usługi B2B;C;3;Truckland Eindhoven;Eindhoven;Meerenakkerweg 3 5652AR;https://www.truckland.nl/vestigingen/nederland/eindhoven;OK;tak;tak;2026;;Facebook, Instagram, LinkedIn, YouTube;NIEUSTALONE (wymaga zdjęć lub wizji lokalnej);"rekrutuje; nowa lokalizacja";;;;;Podstawy online OK;;"odzież/oklejenie dla nowych ludzi i aut; oznakowanie nowej lokalizacji / start marki";nie kontaktowano;OpenStreetMap (office=company, node/2712990267) + wyszukiwarka;2026-10-10
Biura i usługi B2B;C;3;VDL ETG Projects;Eindhoven;Wekkerstraat 1 5652AN;https://www.vdletgprojects.com/;OK;tak;tak;;;Facebook, LinkedIn, YouTube;NIEUSTALONE (wymaga zdjęć lub wizji lokalnej);"rekrutuje; nowa lokalizacja";;;;;Podstawy online OK;;"odzież/oklejenie dla nowych ludzi i aut; oznakowanie nowej lokalizacji / start marki";nie kontaktowano;OpenStreetMap (office=company, node/11526116565);2026-10-10
Biura i usługi B2B;C;3;Verhagen Netwerk Notarissen;Eindhoven;Vondellaan 14 5611NX;https://netwerknotarissen.nl/kantoren/verhagen-netwerk-notarissen;BŁĄD STRONY (do potwierdzenia);;;;;;NIEUSTALONE (wymaga zdjęć lub wizji lokalnej);;;;;;Duże braki online;strona zwróciła błąd (do potwierdzenia);nowa/naprawiona strona;nie kontaktowano;OpenStreetMap (office=notary, node/2755150465);2026-10-10
Biura i usługi B2B;C;3;Wouter Damen;Mierlo;Dorpsstraat 86 5731JK;http://www.damenmakelaardij.nl;PRZESTARZAŁA;nie;tak;;;Facebook;NIEUSTALONE (wymaga zdjęć lub wizji lokalnej);;;;;;Częściowe braki;przestarzała strona (brak HTTPS);nowa strona (mobile, HTTPS);nie kontaktowano;OpenStreetMap (office=estate_agent, node/2876516188);2026-10-10
Biura i usługi B2B;C;2;A & A Beton B.V.;Best;Kanaaldijk 19 5683CR;https://sites.google.com/view/aenabetonbv/home;OK;tak;tak;2024;;;NIEUSTALONE (wymaga zdjęć lub wizji lokalnej);;;;;;Częściowe braki;nie znaleziono social media na stronie;materiały do social media;nie kontaktowano;OpenStreetMap (office=company, node/2737801890);2026-10-10
Biura i usługi B2B;C;2;A&A Tax Lawyer;Eindhoven;Beemdstraat 27 5653MA;;NIE ZNALEZIONO STRONY W DANYCH;;;;;;NIEUSTALONE (wymaga zdjęć lub wizji lokalnej);;;;;;Do sprawdzenia;strony nie ma w danych mapy (do sprawdzenia);jeśli faktycznie brak: strona WWW;nie kontaktowano;OpenStreetMap (office=lawyer, node/2712422287);2026-10-10
Biura i usługi B2B;C;2;A-Team Works4u;;;;NIE ZNALEZIONO STRONY W DANYCH;;;;;;NIEUSTALONE (wymaga zdjęć lub wizji lokalnej);;;;;;Do sprawdzenia;strony nie ma w danych mapy (do sprawdzenia);jeśli faktycznie brak: strona WWW;nie kontaktowano;OpenStreetMap (office=employment_agency, node/11663176672);2026-10-10
Biura i usługi B2B;C;2;A. Jansen B.V.;Son en Breugel;Kanaaldijk Zuid 23 5691NL;https://www.ajansenbv.com;OK;tak;tak;;WordPress;Facebook, Instagram, LinkedIn, YouTube;NIEUSTALONE (wymaga zdjęć lub wizji lokalnej);rekrutuje;;;;;Podstawy online OK;;odzież/oklejenie dla nowych ludzi i aut;nie kontaktowano;OpenStreetMap (office=company, node/2798779067);2026-10-10
Biura i usługi B2B;C;2;aaff;Eindhoven;Dr Holtroplaan 25 5652XR;https://www.aaff.nl;OK;tak;tak;2026;;;NIEUSTALONE (wymaga zdjęć lub wizji lokalnej);;;;;;Częściowe braki;nie znaleziono social media na stronie;materiały do social media;nie kontaktowano;OpenStreetMap (office=accountant, node/2732695030) + wyszukiwarka;2026-10-10
Biura i usługi B2B;C;2;ABC Security Systems;Eindhoven;Steenoven 1 5626DK;https://abchekwerk.nl/vestiging/abc-hekwerk-security/;OK;tak;tak;2025;WordPress;Facebook, Instagram, LinkedIn, YouTube;NIEUSTALONE (wymaga zdjęć lub wizji lokalnej);rekrutuje;;;;;Podstawy online OK;;odzież/oklejenie dla nowych ludzi i aut;nie kontaktowano;OpenStreetMap (office=company, node/2748575433);2026-10-10
Biura i usługi B2B;C;2;Abstraction;Valkenswaard;Deken Mandersplein 2 5554HT;;NIE ZNALEZIONO STRONY W DANYCH;;;;;;NIEUSTALONE (wymaga zdjęć lub wizji lokalnej);;;;;;Do sprawdzenia;strony nie ma w danych mapy (do sprawdzenia);jeśli faktycznie brak: strona WWW;nie kontaktowano;OpenStreetMap (office=company, node/2828951882);2026-10-10
Biura i usługi B2B;C;2;ABZ Diervoeding;Eindhoven;Hastelweg 159 5652CJ;https://www.abzdiervoeding.nl;OK;tak;tak;2026;;Facebook, Instagram, LinkedIn, TikTok, YouTube;NIEUSTALONE (wymaga zdjęć lub wizji lokalnej);rekrutuje;;;;;Podstawy online OK;;odzież/oklejenie dla nowych ludzi i aut;nie kontaktowano;OpenStreetMap (office=company, node/4752371272);2026-10-10
Biura i usługi B2B;C;2;Aces;Eindhoven;Dillenburgstraat 49 5652AM;;NIE ZNALEZIONO STRONY W DANYCH;;;;;;NIEUSTALONE (wymaga zdjęć lub wizji lokalnej);;;;;;Do sprawdzenia;strony nie ma w danych mapy (do sprawdzenia);jeśli faktycznie brak: strona WWW;nie kontaktowano;OpenStreetMap (office=company, node/2712973624);2026-10-10
Biura i usługi B2B;C;2;ACN water;Helmond;Engelseweg 229 5705AE;https://acnwater.com/;OK;tak;tak;2026;WordPress;Facebook, LinkedIn;NIEUSTALONE (wymaga zdjęć lub wizji lokalnej);rekrutuje;;;;;Podstawy online OK;;odzież/oklejenie dla nowych ludzi i aut;nie kontaktowano;OpenStreetMap (office=company, node/2902558515);2026-10-10
Biura i usługi B2B;C;2;Actief Werkt!;Eindhoven;De Regent 2 5611HW;https://www.actiefwerkt.nl/;OK;tak;tak;;;Facebook, Instagram, LinkedIn, YouTube;NIEUSTALONE (wymaga zdjęć lub wizji lokalnej);rekrutuje;;;;;Podstawy online OK;;odzież/oklejenie dla nowych ludzi i aut;nie kontaktowano;OpenStreetMap (office=employment_agency, node/5301830522);2026-10-10
Biura i usługi B2B;C;2;Adriaan Heuvel;;;;NIE ZNALEZIONO STRONY W DANYCH;;;;;;NIEUSTALONE (wymaga zdjęć lub wizji lokalnej);;;;;;Do sprawdzenia;strony nie ma w danych mapy (do sprawdzenia);jeśli faktycznie brak: strona WWW;nie kontaktowano;OpenStreetMap (office=estate_agent, node/11955510586);2026-10-10
Biura i usługi B2B;C;2;Adviesbureau Dekker Engineering;Heeze;Aangelagen 2 5591KG;https://www.adviesbureau-dekker-engineering.nl/;OK;tak;tak;2026;WordPress;LinkedIn;NIEUSTALONE (wymaga zdjęć lub wizji lokalnej);rekrutuje;;;;;Podstawy online OK;;odzież/oklejenie dla nowych ludzi i aut;nie kontaktowano;OpenStreetMap (office=consulting, node/2830076906);2026-10-10
Biura i usługi B2B;C;2;Aelmans;Asten;Koningsplein 18 5721GJ;https://www.aelmans.com/;OK;tak;tak;2026;;Facebook, Instagram, LinkedIn;NIEUSTALONE (wymaga zdjęć lub wizji lokalnej);rekrutuje;;;;;Podstawy online OK;;odzież/oklejenie dla nowych ludzi i aut;nie kontaktowano;OpenStreetMap (office=company, node/2872220829);2026-10-10
Biura i usługi B2B;C;2;Air Liquide B.V.;Eindhoven;De Witbogt 1 5652AG;;NIE ZNALEZIONO STRONY W DANYCH;;;;;;NIEUSTALONE (wymaga zdjęć lub wizji lokalnej);;;;;;Do sprawdzenia;strony nie ma w danych mapy (do sprawdzenia);jeśli faktycznie brak: strona WWW;nie kontaktowano;OpenStreetMap (office=company, way/2209824770);2026-10-10
Biura i usługi B2B;C;2;akobe brandbeveiliging;Eindhoven;Dillenburgstraat 27 5652AM;;NIE ZNALEZIONO STRONY W DANYCH;;;;;;NIEUSTALONE (wymaga zdjęć lub wizji lokalnej);;;;;;Do sprawdzenia;strony nie ma w danych mapy (do sprawdzenia);jeśli faktycznie brak: strona WWW;nie kontaktowano;OpenStreetMap (office=company, node/2712980730);2026-10-10
Biura i usługi B2B;C;2;AKTIE Notarissen Eindhoven;Eindhoven;Esp 202 5633AC;;NIE ZNALEZIONO STRONY W DANYCH;;;;;;NIEUSTALONE (wymaga zdjęć lub wizji lokalnej);;;;;;Do sprawdzenia;strony nie ma w danych mapy (do sprawdzenia);jeśli faktycznie brak: strona WWW;nie kontaktowano;OpenStreetMap (office=lawyer, node/1451008353);2026-10-10
Biura i usługi B2B;C;2;Albema Robema;Helmond;Vossenbeemd 112A 5705CL;;NIE ZNALEZIONO STRONY W DANYCH;;;;;;NIEUSTALONE (wymaga zdjęć lub wizji lokalnej);;;;;;Do sprawdzenia;strony nie ma w danych mapy (do sprawdzenia);jeśli faktycznie brak: strona WWW;nie kontaktowano;OpenStreetMap (office=company, node/2902557307);2026-10-10
Biura i usługi B2B;C;2;Alvast;;;;NIE ZNALEZIONO STRONY W DANYCH;;;;;;NIEUSTALONE (wymaga zdjęć lub wizji lokalnej);;;;;;Do sprawdzenia;strony nie ma w danych mapy (do sprawdzenia);jeśli faktycznie brak: strona WWW;nie kontaktowano;OpenStreetMap (office=company, node/13113077799);2026-10-10
Biura i usługi B2B;C;2;Ammeraal Beltech;Eindhoven;Kanaaldijk-Noord 109C 5642JA;;NIE ZNALEZIONO STRONY W DANYCH;;;;;;NIEUSTALONE (wymaga zdjęć lub wizji lokalnej);;;;;;Do sprawdzenia;strony nie ma w danych mapy (do sprawdzenia);jeśli faktycznie brak: strona WWW;nie kontaktowano;OpenStreetMap (office=company, node/2745962954);2026-10-10
Biura i usługi B2B;C;2;ams Sensors Netherlands B.V.;Eindhoven;High Tech Campus 41 5656AE;;NIE ZNALEZIONO STRONY W DANYCH;;;;;;NIEUSTALONE (wymaga zdjęć lub wizji lokalnej);;;;;;Do sprawdzenia;strony nie ma w danych mapy (do sprawdzenia);jeśli faktycznie brak: strona WWW;nie kontaktowano;OpenStreetMap (office=company, node/7554366107);2026-10-10
Biura i usługi B2B;C;2;ANB Accountants;Eindhoven;Beemdstraat 50 5652AB;;NIE ZNALEZIONO STRONY W DANYCH;;;;;;NIEUSTALONE (wymaga zdjęć lub wizji lokalnej);;;;;;Do sprawdzenia;strony nie ma w danych mapy (do sprawdzenia);jeśli faktycznie brak: strona WWW;nie kontaktowano;OpenStreetMap (office=accountant, node/2713231045);2026-10-10
Biura i usługi B2B;C;2;ANWB Rijschool;Eindhoven;Dillenburgstraat 24 5652AP;;NIE ZNALEZIONO STRONY W DANYCH;;;;;;NIEUSTALONE (wymaga zdjęć lub wizji lokalnej);;;;;;Do sprawdzenia;strony nie ma w danych mapy (do sprawdzenia);jeśli faktycznie brak: strona WWW;nie kontaktowano;OpenStreetMap (office=company, node/2712990247);2026-10-10
Biura i usługi B2B;C;2;ANWB | Wegenwacht;Geldrop;Bogardeind 229 5664EG;;NIE ZNALEZIONO STRONY W DANYCH;;;;;;NIEUSTALONE (wymaga zdjęć lub wizji lokalnej);;;;;;Do sprawdzenia;strony nie ma w danych mapy (do sprawdzenia);jeśli faktycznie brak: strona WWW;nie kontaktowano;OpenStreetMap (office=company, node/2829541137);2026-10-10
Biura i usługi B2B;C;2;APS Group Eindhoven;Eindhoven;Dillenburgstraat 5E 5652AM;;NIE ZNALEZIONO STRONY W DANYCH;;;;;;NIEUSTALONE (wymaga zdjęć lub wizji lokalnej);;;;;;Do sprawdzenia;strony nie ma w danych mapy (do sprawdzenia);jeśli faktycznie brak: strona WWW;nie kontaktowano;OpenStreetMap (office=company, node/2713210150);2026-10-10
Biura i usługi B2B;C;2;APS Personeelservices;Son en Breugel;Heistraat 16 5691CA;https://apspersoneel.nl;OK;tak;tak;2026;;Facebook, LinkedIn;NIEUSTALONE (wymaga zdjęć lub wizji lokalnej);rekrutuje;;;;;Podstawy online OK;;odzież/oklejenie dla nowych ludzi i aut;nie kontaktowano;OpenStreetMap (office=employment_agency, node/2792747271);2026-10-10
Biura i usługi B2B;C;2;Aquasfeer BV;Sint-Oedenrode;Marie Curiestraat 8a 5491DD;;NIE ZNALEZIONO STRONY W DANYCH;;;;;;NIEUSTALONE (wymaga zdjęć lub wizji lokalnej);;;;;;Do sprawdzenia;strony nie ma w danych mapy (do sprawdzenia);jeśli faktycznie brak: strona WWW;nie kontaktowano;OpenStreetMap (office=company, node/4772163825);2026-10-10
Biura i usługi B2B;C;2;Arbores Hoogeloon;Hoogeloon;Hoofdstraat 42 5528AK;;NIE ZNALEZIONO STRONY W DANYCH;;;;;;NIEUSTALONE (wymaga zdjęć lub wizji lokalnej);;;;;;Do sprawdzenia;strony nie ma w danych mapy (do sprawdzenia);jeśli faktycznie brak: strona WWW;nie kontaktowano;OpenStreetMap (office=company, node/2827191418);2026-10-10
Biura i usługi B2B;C;2;Archipel Thuis;Eindhoven;Croy 18 5653LD;;NIE ZNALEZIONO STRONY W DANYCH;;;;;;NIEUSTALONE (wymaga zdjęć lub wizji lokalnej);;;;;;Do sprawdzenia;strony nie ma w danych mapy (do sprawdzenia);jeśli faktycznie brak: strona WWW;nie kontaktowano;OpenStreetMap (office=company, node/2711198040);2026-10-10
Biura i usługi B2B;C;2;Architectenbureau VANDERZANDEN;Bergeijk;De Roet 2 5571JN;;NIE ZNALEZIONO STRONY W DANYCH;;;;;;NIEUSTALONE (wymaga zdjęć lub wizji lokalnej);;;;;;Do sprawdzenia;strony nie ma w danych mapy (do sprawdzenia);jeśli faktycznie brak: strona WWW;nie kontaktowano;OpenStreetMap (office=architect, node/4625917281);2026-10-10
Biura i usługi B2B;C;2;ASML;Eindhoven;Croy 1 5653LC;;NIE ZNALEZIONO STRONY W DANYCH;;;;;;NIEUSTALONE (wymaga zdjęć lub wizji lokalnej);;;;;;Do sprawdzenia;strony nie ma w danych mapy (do sprawdzenia);jeśli faktycznie brak: strona WWW;nie kontaktowano;OpenStreetMap (office=company, node/2711198010);2026-10-10
Biura i usługi B2B;C;2;ASML;Eindhoven;Hurksestraat 20A 5652AK;;NIE ZNALEZIONO STRONY W DANYCH;;;;;;NIEUSTALONE (wymaga zdjęć lub wizji lokalnej);;;;;;Do sprawdzenia;strony nie ma w danych mapy (do sprawdzenia);jeśli faktycznie brak: strona WWW;nie kontaktowano;OpenStreetMap (office=company, node/2713230970);2026-10-10
Biura i usługi B2B;C;2;ASML 16;;;;NIE ZNALEZIONO STRONY W DANYCH;;;;;;NIEUSTALONE (wymaga zdjęć lub wizji lokalnej);;;;;;Do sprawdzenia;strony nie ma w danych mapy (do sprawdzenia);jeśli faktycznie brak: strona WWW;nie kontaktowano;OpenStreetMap (office=company, node/10867970670);2026-10-10
Biura i usługi B2B;C;2;ASML Building 22 High Tech Campus;Eindhoven;High Tech Campus 44 5656AE;;NIE ZNALEZIONO STRONY W DANYCH;;;;;;NIEUSTALONE (wymaga zdjęć lub wizji lokalnej);;;;;;Do sprawdzenia;strony nie ma w danych mapy (do sprawdzenia);jeśli faktycznie brak: strona WWW;nie kontaktowano;OpenStreetMap (office=company, node/9583384303);2026-10-10
Biura i usługi B2B;C;2;ASML Building 23 Brainport industries Campus;Eindhoven;BIC 1 5657BX;;NIE ZNALEZIONO STRONY W DANYCH;;;;;;NIEUSTALONE (wymaga zdjęć lub wizji lokalnej);;;;;;Do sprawdzenia;strony nie ma w danych mapy (do sprawdzenia);jeśli faktycznie brak: strona WWW;nie kontaktowano;OpenStreetMap (office=company, node/9230557757);2026-10-10
Biura i usługi B2B;C;2;Attero;Nuenen;Gulberg 7 5674TE;https://www.attero.nl/nl/locaties/nuenen/;OK;tak;tak;;;Facebook, LinkedIn, YouTube;NIEUSTALONE (wymaga zdjęć lub wizji lokalnej);rekrutuje;;;;;Podstawy online OK;;odzież/oklejenie dla nowych ludzi i aut;nie kontaktowano;OpenStreetMap (office=company, node/2992226275) + wyszukiwarka;2026-10-10
Biura i usługi B2B;C;2;Automatiserings Service Mierlo;Mierlo;Brugstraat 14A 5731HH;https://www.asmierlo.nl/;OK;tak;tak;;;;NIEUSTALONE (wymaga zdjęć lub wizji lokalnej);;;;;;Częściowe braki;nie znaleziono social media na stronie;materiały do social media;nie kontaktowano;OpenStreetMap (office=it, node/2876636457);2026-10-10
Biura i usługi B2B;C;2;Autoschade J. Persoon;Eindhoven;Langendijk 13 5652AX;;NIE ZNALEZIONO STRONY W DANYCH;;;;;;NIEUSTALONE (wymaga zdjęć lub wizji lokalnej);;;;;;Do sprawdzenia;strony nie ma w danych mapy (do sprawdzenia);jeśli faktycznie brak: strona WWW;nie kontaktowano;OpenStreetMap (office=company, node/2712973525);2026-10-10
Biura i usługi B2B;C;2;Aveco de Bondt;Eindhoven;Dillenburgstraat 25-03 5652AM;https://www.avecodebondt.nl/;OK;tak;tak;2024;;Instagram, LinkedIn, YouTube;NIEUSTALONE (wymaga zdjęć lub wizji lokalnej);rekrutuje;;;;;Podstawy online OK;;odzież/oklejenie dla nowych ludzi i aut;nie kontaktowano;OpenStreetMap (office=company, node/2712980702);2026-10-10
Biura i usługi B2B;C;2;AVZ;Best;Kanaaldijk 11 5683CR;https://www.avz.nl/;OK;tak;tak;2026;;LinkedIn;NIEUSTALONE (wymaga zdjęć lub wizji lokalnej);rekrutuje;;;;;Podstawy online OK;;odzież/oklejenie dla nowych ludzi i aut;nie kontaktowano;OpenStreetMap (office=company, node/2737801597);2026-10-10
Biura i usługi B2B;C;2;B&G Hekwerk;Veldhoven;Habraken 2320 5507TL;https://www.bghekwerk.nl;OK;tak;tak;2026;WordPress;Facebook, Instagram, LinkedIn, YouTube;NIEUSTALONE (wymaga zdjęć lub wizji lokalnej);rekrutuje;;;;;Podstawy online OK;;odzież/oklejenie dla nowych ludzi i aut;nie kontaktowano;OpenStreetMap (office=company, node/5281947106);2026-10-10
Biura i usługi B2B;C;2;Baneninhetgroen;Nuenen;Parkstraat 3A 5671GD;https://www.baneninhetgroen.nl;OK;tak;tak;;WordPress;Facebook, Instagram, LinkedIn, YouTube;NIEUSTALONE (wymaga zdjęć lub wizji lokalnej);rekrutuje;;;;;Podstawy online OK;;odzież/oklejenie dla nowych ludzi i aut;nie kontaktowano;OpenStreetMap (office=employment_agency, node/2994054518);2026-10-10
Biura i usługi B2B;C;2;BAV Bosch Security Systems;Eindhoven;Torenallee 49 5617BA;;NIE ZNALEZIONO STRONY W DANYCH;;;;;;NIEUSTALONE (wymaga zdjęć lub wizji lokalnej);;;;;;Do sprawdzenia;strony nie ma w danych mapy (do sprawdzenia);jeśli faktycznie brak: strona WWW;nie kontaktowano;OpenStreetMap (office=company, node/14003565985);2026-10-10
Biura i usługi B2B;C;2;Bekkers Autoschade Groep;Eindhoven;Dillenburgstraat 35 5652AM;;NIE ZNALEZIONO STRONY W DANYCH;;;;;;NIEUSTALONE (wymaga zdjęć lub wizji lokalnej);;;;;;Do sprawdzenia;strony nie ma w danych mapy (do sprawdzenia);jeśli faktycznie brak: strona WWW;nie kontaktowano;OpenStreetMap (office=company, node/2712973590);2026-10-10
Biura i usługi B2B;C;2;BenQ Europe;Eindhoven;Meerenakkerweg 1-19 5652AR;https://www.benq.eu/;OK;tak;tak;2024;;Facebook, Instagram, LinkedIn, YouTube;NIEUSTALONE (wymaga zdjęć lub wizji lokalnej);sklep online;;;;;Podstawy online OK;;;nie kontaktowano;OpenStreetMap (office=company, node/2712980670);2026-10-10
Biura i usługi B2B;C;2;Bergingsdienst.nl;Liempde;De Schoren 6 5298MH;;NIE ZNALEZIONO STRONY W DANYCH;;;;;;NIEUSTALONE (wymaga zdjęć lub wizji lokalnej);;;;;;Do sprawdzenia;strony nie ma w danych mapy (do sprawdzenia);jeśli faktycznie brak: strona WWW;nie kontaktowano;OpenStreetMap (office=company, node/2792001777);2026-10-10
Biura i usługi B2B;C;2;Bestcon;Best;Kanaaldijk 19 5683CR;https://www.bestcon.nl/;OK;tak;tak;;WordPress;LinkedIn;NIEUSTALONE (wymaga zdjęć lub wizji lokalnej);rekrutuje;;;;;Podstawy online OK;;odzież/oklejenie dla nowych ludzi i aut;nie kontaktowano;OpenStreetMap (office=company, node/12214105604);2026-10-10
Biura i usługi B2B;C;2;Bestronics;Veldhoven;De Run 4545 5503LT;https://www.bestronics.nl;OK;tak;tak;2026;WordPress;Facebook, Instagram, LinkedIn, YouTube;NIEUSTALONE (wymaga zdjęć lub wizji lokalnej);rekrutuje;;;;;Podstawy online OK;;odzież/oklejenie dla nowych ludzi i aut;nie kontaktowano;OpenStreetMap (office=company, node/2830876072);2026-10-10
Biura i usługi B2B;C;2;Bidfood Horeca groothandel;Helmond;Korendijk 16 5704RD;;NIE ZNALEZIONO STRONY W DANYCH;;;;;;NIEUSTALONE (wymaga zdjęć lub wizji lokalnej);;;;;;Do sprawdzenia;strony nie ma w danych mapy (do sprawdzenia);jeśli faktycznie brak: strona WWW;nie kontaktowano;OpenStreetMap (office=company, node/2902838830);2026-10-10
Biura i usługi B2B;C;2;Blink;Son en Breugel;Science Park Eindhoven 5049 5692EB;https://blinkontwikkelt.nl;OK;tak;tak;;WordPress;Facebook, Instagram, LinkedIn;NIEUSTALONE (wymaga zdjęć lub wizji lokalnej);rekrutuje;;;;;Podstawy online OK;;odzież/oklejenie dla nowych ludzi i aut;nie kontaktowano;OpenStreetMap (office=company, node/2785223283);2026-10-10
Biura i usługi B2B;C;2;Blink;Helmond;Gerstdijk 1 5704RG;https://mijnblink.nl;OK;tak;tak;;;;NIEUSTALONE (wymaga zdjęć lub wizji lokalnej);;;;;;Częściowe braki;nie znaleziono social media na stronie;materiały do social media;nie kontaktowano;OpenStreetMap (office=company, node/13297006753);2026-10-10
Biura i usługi B2B;C;2;Bodyon;;;;NIE ZNALEZIONO STRONY W DANYCH;;;;;;NIEUSTALONE (wymaga zdjęć lub wizji lokalnej);;;;;;Do sprawdzenia;strony nie ma w danych mapy (do sprawdzenia);jeśli faktycznie brak: strona WWW;nie kontaktowano;OpenStreetMap (office=company, node/6118078378);2026-10-10
Biura i usługi B2B;C;2;Bosmans project inrichting;Heeze;Nieuwendijk 42b 5591JK;;NIE ZNALEZIONO STRONY W DANYCH;;;;;;NIEUSTALONE (wymaga zdjęć lub wizji lokalnej);;;;;;Do sprawdzenia;strony nie ma w danych mapy (do sprawdzenia);jeśli faktycznie brak: strona WWW;nie kontaktowano;OpenStreetMap (office=company, node/2829796989);2026-10-10
Biura i usługi B2B;C;2;Bouwbedrijf J. van Lierop BV;Veldhoven;Zandven 8 5508RN;;NIE ZNALEZIONO STRONY W DANYCH;;;;;;NIEUSTALONE (wymaga zdjęć lub wizji lokalnej);;;;;;Do sprawdzenia;strony nie ma w danych mapy (do sprawdzenia);jeśli faktycznie brak: strona WWW;nie kontaktowano;OpenStreetMap (office=company, node/2833073857);2026-10-10
Biura i usługi B2B;C;2;Bouwbedrijf van Gerven;Mierlo;Bijenkorf 1 5731ST;https://www.bouwbedrijfvangerven.nl/;OK;tak;tak;;WordPress;Facebook, Instagram, LinkedIn;NIEUSTALONE (wymaga zdjęć lub wizji lokalnej);rekrutuje;;;;;Podstawy online OK;;odzież/oklejenie dla nowych ludzi i aut;nie kontaktowano;OpenStreetMap (office=company, node/2876288406);2026-10-10
Biura i usługi B2B;C;2;Brabant BV;;;;NIE ZNALEZIONO STRONY W DANYCH;;;;;;NIEUSTALONE (wymaga zdjęć lub wizji lokalnej);;;;;;Do sprawdzenia;strony nie ma w danych mapy (do sprawdzenia);jeśli faktycznie brak: strona WWW;nie kontaktowano;OpenStreetMap (office=estate_agent, node/6296036163);2026-10-10
Biura i usługi B2B;C;2;Brabant Engineering;Best;de Waal 22 5684PH;;NIE ZNALEZIONO STRONY W DANYCH;;;;;;NIEUSTALONE (wymaga zdjęć lub wizji lokalnej);;;;;;Do sprawdzenia;strony nie ma w danych mapy (do sprawdzenia);jeśli faktycznie brak: strona WWW;nie kontaktowano;OpenStreetMap (office=company, node/2736280612);2026-10-10
Biura i usługi B2B;C;2;Brabant Tegels;Eindhoven;Croy 34 5653LD;;NIE ZNALEZIONO STRONY W DANYCH;;;;;;NIEUSTALONE (wymaga zdjęć lub wizji lokalnej);;;;;;Do sprawdzenia;strony nie ma w danych mapy (do sprawdzenia);jeśli faktycznie brak: strona WWW;nie kontaktowano;OpenStreetMap (office=company, node/2711149972);2026-10-10
Biura i usługi B2B;C;2;Brabantia;Valkenswaard;Leenderweg 182 5555CJ;https://www.brabantia.com/;OK;tak;tak;;;;NIEUSTALONE (wymaga zdjęć lub wizji lokalnej);;;;;;Częściowe braki;nie znaleziono social media na stronie;materiały do social media;nie kontaktowano;OpenStreetMap (office=company, node/8980755938);2026-10-10
Biura i usługi B2B;C;2;Brainport Smart District;Helmond;Diepenbroek 8 5707DA;https://brainportsmartdistrict.nl/;OK;tak;tak;;;;NIEUSTALONE (wymaga zdjęć lub wizji lokalnej);;;;;;Częściowe braki;nie znaleziono social media na stronie;materiały do social media;nie kontaktowano;OpenStreetMap (office=company, node/2885842996);2026-10-10
Biura i usługi B2B;C;2;BREBB;;;;NIE ZNALEZIONO STRONY W DANYCH;;;;;;NIEUSTALONE (wymaga zdjęć lub wizji lokalnej);;;;;;Do sprawdzenia;strony nie ma w danych mapy (do sprawdzenia);jeśli faktycznie brak: strona WWW;nie kontaktowano;OpenStreetMap (office=company, node/6118078376);2026-10-10
Biura i usługi B2B;C;2;Broekx Makelaardij & Hypotheken;Eindhoven;Geldropseweg 159 5611SG;https://www.broekx.nl;OK;tak;tak;2026;WordPress;Facebook;NIEUSTALONE (wymaga zdjęć lub wizji lokalnej);rekrutuje;;;;;Podstawy online OK;;odzież/oklejenie dla nowych ludzi i aut;nie kontaktowano;OpenStreetMap (office=estate_agent, node/2759644936);2026-10-10
Biura i usługi B2B;C;2;Brunel;Eindhoven;High Tech Campus 97 5656AG;;NIE ZNALEZIONO STRONY W DANYCH;;;;;;NIEUSTALONE (wymaga zdjęć lub wizji lokalnej);;;;;;Do sprawdzenia;strony nie ma w danych mapy (do sprawdzenia);jeśli faktycznie brak: strona WWW;nie kontaktowano;OpenStreetMap (office=company, node/3918657423);2026-10-10
Biura i usługi B2B;C;2;BUKO Infrasupport;Eindhoven;Hooge Zijde 1 5626DC;https://www.bukoinfrasupport.nl/;OK;tak;tak;;WordPress;Facebook, Instagram, LinkedIn, YouTube;NIEUSTALONE (wymaga zdjęć lub wizji lokalnej);rekrutuje;;;;;Podstawy online OK;;odzież/oklejenie dla nowych ludzi i aut;nie kontaktowano;OpenStreetMap (office=company, node/2748575402);2026-10-10
Biura i usługi B2B;C;2;Caralu;Best;Industrieweg 189 5683CC;https://www.caralu.com/;OK;tak;tak;2026;;LinkedIn;NIEUSTALONE (wymaga zdjęć lub wizji lokalnej);rekrutuje;;;;;Podstawy online OK;;odzież/oklejenie dla nowych ludzi i aut;nie kontaktowano;OpenStreetMap (office=company, node/2737801885);2026-10-10
Biura i usługi B2B;C;2;Carrousel;Son en Breugel;Nieuwstraat 52 5691AA;;NIE ZNALEZIONO STRONY W DANYCH;;;;;;NIEUSTALONE (wymaga zdjęć lub wizji lokalnej);;;;;;Do sprawdzenia;strony nie ma w danych mapy (do sprawdzenia);jeśli faktycznie brak: strona WWW;nie kontaktowano;OpenStreetMap (office=employment_agency, node/6589896888);2026-10-10
Biura i usługi B2B;C;2;CBWS;Geldrop;Spaarpot Oost 6B 5667KT;https://cbws.nl;OK;tak;tak;2025;WordPress;;NIEUSTALONE (wymaga zdjęć lub wizji lokalnej);;;;;;Częściowe braki;nie znaleziono social media na stronie;materiały do social media;nie kontaktowano;OpenStreetMap (office=company, node/13202337647);2026-10-10
Biura i usługi B2B;C;2;Centric;Son en Breugel;Science Park Eindhoven 5206 5692EG;https://www.centric.eu/;OK;tak;tak;2026;;Facebook, Instagram, LinkedIn, YouTube;NIEUSTALONE (wymaga zdjęć lub wizji lokalnej);rekrutuje;;;;;Podstawy online OK;;odzież/oklejenie dla nowych ludzi i aut;nie kontaktowano;OpenStreetMap (office=company, node/2785223321);2026-10-10
Biura i usługi B2B;C;2;Cialona;Helmond;Achterdijk 26 5705CB;https://cialona.nl;OK;tak;tak;2025;WordPress;Facebook, Instagram, LinkedIn;NIEUSTALONE (wymaga zdjęć lub wizji lokalnej);rekrutuje;;;;;Podstawy online OK;;odzież/oklejenie dla nowych ludzi i aut;nie kontaktowano;OpenStreetMap (office=company, node/2902386102);2026-10-10
Biura i usługi B2B;C;2;Circet Nederland;Waalre;Van Dijklaan 19 5581WG;https://www.circet-benelux.eu;OK;tak;tak;2026;;Facebook, Instagram, LinkedIn;NIEUSTALONE (wymaga zdjęć lub wizji lokalnej);rekrutuje;;;;;Podstawy online OK;;odzież/oklejenie dla nowych ludzi i aut;nie kontaktowano;OpenStreetMap (office=company, node/2930060151);2026-10-10
Biura i usługi B2B;C;2;Claassen Advocaten;Eindhoven;Vondellaan 12 5611NX;https://www.claassenadvocaten.nl;OK;tak;tak;;WordPress;LinkedIn;NIEUSTALONE (wymaga zdjęć lub wizji lokalnej);rekrutuje;;;;;Podstawy online OK;;odzież/oklejenie dla nowych ludzi i aut;nie kontaktowano;OpenStreetMap (office=lawyer, node/2755150426);2026-10-10
Biura i usługi B2B;C;2;CleanLease locatie Eindhoven 2;Eindhoven;Herentalsweg 14 5628RD;https://nl.cleanlease.com/nl/contact;OK;tak;tak;2026;WordPress;Facebook, LinkedIn, TikTok;NIEUSTALONE (wymaga zdjęć lub wizji lokalnej);rekrutuje;;;;;Podstawy online OK;;odzież/oklejenie dla nowych ludzi i aut;nie kontaktowano;OpenStreetMap (office=company, node/2734419734) + wyszukiwarka + wyszukiwarka + wyszukiwarka;2026-10-10
Biura i usługi B2B;C;2;Compaen;Helmond;Houtsestraat 69 5706LR;;NIE ZNALEZIONO STRONY W DANYCH;;;;;;NIEUSTALONE (wymaga zdjęć lub wizji lokalnej);;;;;;Do sprawdzenia;strony nie ma w danych mapy (do sprawdzenia);jeśli faktycznie brak: strona WWW;nie kontaktowano;OpenStreetMap (office=company, node/2722446029);2026-10-10
Biura i usługi B2B;C;2;Connect Your Hosting;Eindhoven;Hurksestraat 60 5652AL;https://www.connectyourhosting.com/;OK;tak;tak;2026;WordPress;;NIEUSTALONE (wymaga zdjęć lub wizji lokalnej);;;;;;Częściowe braki;nie znaleziono social media na stronie;materiały do social media;nie kontaktowano;OpenStreetMap (office=company, node/2713267714);2026-10-10
Biura i usługi B2B;C;2;Construxx;Eindhoven;Rooijakkersstraat 7 5652BA;;NIE ZNALEZIONO STRONY W DANYCH;;;;;;NIEUSTALONE (wymaga zdjęć lub wizji lokalnej);;;;;;Do sprawdzenia;strony nie ma w danych mapy (do sprawdzenia);jeśli faktycznie brak: strona WWW;nie kontaktowano;OpenStreetMap (office=company, node/2713085110);2026-10-10
Biura i usługi B2B;C;2;Cooler Master Europe BV;Eindhoven;Lodewijkstraat 1B 5652AC;https://www.cmstore.eu;OK;tak;tak;;;;NIEUSTALONE (wymaga zdjęć lub wizji lokalnej);;;;;;Częściowe braki;nie znaleziono social media na stronie;materiały do social media;nie kontaktowano;OpenStreetMap (office=company, node/2713602945);2026-10-10
Biura i usługi B2B;C;2;COOPERO teamontwikkelingstrajecten;;;;NIE ZNALEZIONO STRONY W DANYCH;;;;;;NIEUSTALONE (wymaga zdjęć lub wizji lokalnej);;;;;;Do sprawdzenia;strony nie ma w danych mapy (do sprawdzenia);jeśli faktycznie brak: strona WWW;nie kontaktowano;OpenStreetMap (office=company, node/13954158061);2026-10-10
Biura i usługi B2B;C;2;CQB Beveiliging;Eindhoven;Langendijk 12 5652AX;;NIE ZNALEZIONO STRONY W DANYCH;;;;;;NIEUSTALONE (wymaga zdjęć lub wizji lokalnej);;;;;;Do sprawdzenia;strony nie ma w danych mapy (do sprawdzenia);jeśli faktycznie brak: strona WWW;nie kontaktowano;OpenStreetMap (office=company, node/2712964065);2026-10-10
Biura i usługi B2B;C;2;Croan Training & Coaching B.V.;Eindhoven;Frederiklaan 10E 5616NH;;NIE ZNALEZIONO STRONY W DANYCH;;;;;;NIEUSTALONE (wymaga zdjęć lub wizji lokalnej);;;;;;Do sprawdzenia;strony nie ma w danych mapy (do sprawdzenia);jeśli faktycznie brak: strona WWW;nie kontaktowano;OpenStreetMap (office=consulting, node/4754609176);2026-10-10
Biura i usługi B2B;C;2;Croonwolter&dros;Eindhoven;Limburglaan 38 5652AA;https://www.croonwolterendros.nl;OK;tak;tak;;;Facebook, Instagram, LinkedIn, YouTube;NIEUSTALONE (wymaga zdjęć lub wizji lokalnej);rekrutuje;;;;;Podstawy online OK;;odzież/oklejenie dla nowych ludzi i aut;nie kontaktowano;OpenStreetMap (office=company, node/2713671802);2026-10-10
Biura i usługi B2B;C;2;Cure;Eindhoven;Achtseweg Noord 45 5651GG;https://www.cure-afvalbeheer.nl;OK;tak;tak;;;Facebook, Instagram, YouTube;NIEUSTALONE (wymaga zdjęć lub wizji lokalnej);rekrutuje;;;;;Podstawy online OK;;odzież/oklejenie dla nowych ludzi i aut;nie kontaktowano;OpenStreetMap (office=company, node/8750152999);2026-10-10
Biura i usługi B2B;C;2;D&D Kunststofbewerking;;;;NIE ZNALEZIONO STRONY W DANYCH;;;;;;NIEUSTALONE (wymaga zdjęć lub wizji lokalnej);;;;;;Do sprawdzenia;strony nie ma w danych mapy (do sprawdzenia);jeśli faktycznie brak: strona WWW;nie kontaktowano;OpenStreetMap (office=company, node/12539008714);2026-10-10
Biura i usługi B2B;C;2;D-sign visual solutions;;;;NIE ZNALEZIONO STRONY W DANYCH;;;;;;NIEUSTALONE (wymaga zdjęć lub wizji lokalnej);;;;;;Do sprawdzenia;strony nie ma w danych mapy (do sprawdzenia);jeśli faktycznie brak: strona WWW;nie kontaktowano;OpenStreetMap (office=company, node/12538990086);2026-10-10
Biura i usługi B2B;C;2;DAF;;;;NIE ZNALEZIONO STRONY W DANYCH;;;;;;NIEUSTALONE (wymaga zdjęć lub wizji lokalnej);;;;;;Do sprawdzenia;strony nie ma w danych mapy (do sprawdzenia);jeśli faktycznie brak: strona WWW;nie kontaktowano;OpenStreetMap (office=company, node/10969763249);2026-10-10
Biura i usługi B2B;C;2;DAF Nederland;Geldrop;de Hooge Akker 2 5661NG;https://www.daf.nl/;OK;tak;tak;;;Facebook, Instagram, LinkedIn, TikTok, YouTube;NIEUSTALONE (wymaga zdjęć lub wizji lokalnej);rekrutuje;;;;;Podstawy online OK;;odzież/oklejenie dla nowych ludzi i aut;nie kontaktowano;OpenStreetMap (office=company, node/5641211550);2026-10-10
Biura i usługi B2B;C;2;Dataplus;Waalre;Van Dijklaan 7 5581WG;https://www.dataplus.nl/;OK;tak;tak;2023;WordPress;;NIEUSTALONE (wymaga zdjęć lub wizji lokalnej);;;;;;Częściowe braki;nie znaleziono social media na stronie;materiały do social media;nie kontaktowano;OpenStreetMap (office=company, node/2930061796);2026-10-10
Biura i usługi B2B;C;2;De Bruin Techniek;Eindhoven;Lucas Gasselstraat 7C 5611ST;https://www.debruintechniek.com;OK;tak;tak;;;Facebook, LinkedIn;NIEUSTALONE (wymaga zdjęć lub wizji lokalnej);rekrutuje;;;;;Podstawy online OK;;odzież/oklejenie dla nowych ludzi i aut;nie kontaktowano;OpenStreetMap (office=company, node/4680912095);2026-10-10
Biura i usługi B2B;C;2;De Eik BV;Eindhoven;Dillenburgstraat 17 5652AM;;NIE ZNALEZIONO STRONY W DANYCH;;;;;;NIEUSTALONE (wymaga zdjęć lub wizji lokalnej);;;;;;Do sprawdzenia;strony nie ma w danych mapy (do sprawdzenia);jeśli faktycznie brak: strona WWW;nie kontaktowano;OpenStreetMap (office=company, node/2713085100);2026-10-10
Biura i usługi B2B;C;2;De IJSkoerier BV;Eindhoven;Rijstenweg 2A 5652CG;;NIE ZNALEZIONO STRONY W DANYCH;;;;;;NIEUSTALONE (wymaga zdjęć lub wizji lokalnej);;;;;;Do sprawdzenia;strony nie ma w danych mapy (do sprawdzenia);jeśli faktycznie brak: strona WWW;nie kontaktowano;OpenStreetMap (office=company, node/2713836752);2026-10-10
Biura i usługi B2B;C;2;Debbie Mels Lommers Makelaars;;;;NIE ZNALEZIONO STRONY W DANYCH;;;;;;NIEUSTALONE (wymaga zdjęć lub wizji lokalnej);;;;;;Do sprawdzenia;strony nie ma w danych mapy (do sprawdzenia);jeśli faktycznie brak: strona WWW;nie kontaktowano;OpenStreetMap (office=estate_agent, node/3579525469);2026-10-10
Biura i usługi B2B;C;2;Delem;Eindhoven;Luchthavenweg 42 5657EB;https://www.delem.com/en/home;OK;tak;tak;;;;NIEUSTALONE (wymaga zdjęć lub wizji lokalnej);;;;;;Częściowe braki;nie znaleziono social media na stronie;materiały do social media;nie kontaktowano;OpenStreetMap (office=company, node/4695965333);2026-10-10
Biura i usługi B2B;C;2;Delta Electronics;Helmond;Automotive Campus 260 5708JZ;;NIE ZNALEZIONO STRONY W DANYCH;;;;;;NIEUSTALONE (wymaga zdjęć lub wizji lokalnej);;;;;;Do sprawdzenia;strony nie ma w danych mapy (do sprawdzenia);jeśli faktycznie brak: strona WWW;nie kontaktowano;OpenStreetMap (office=company, node/8176949930);2026-10-10
Biura i usługi B2B;C;2;Den boer verkeersleermiddelen;Eindhoven;Dillenburgstraat 27B 5652AM;;NIE ZNALEZIONO STRONY W DANYCH;;;;;;NIEUSTALONE (wymaga zdjęć lub wizji lokalnej);;;;;;Do sprawdzenia;strony nie ma w danych mapy (do sprawdzenia);jeśli faktycznie brak: strona WWW;nie kontaktowano;OpenStreetMap (office=company, node/2712980734);2026-10-10
Biura i usługi B2B;C;2;Deonet Worldwide;Eindhoven;Dillenburgstraat 29 5652AM;;NIE ZNALEZIONO STRONY W DANYCH;;;;;;NIEUSTALONE (wymaga zdjęć lub wizji lokalnej);;;;;;Do sprawdzenia;strony nie ma w danych mapy (do sprawdzenia);jeśli faktycznie brak: strona WWW;nie kontaktowano;OpenStreetMap (office=company, node/2712973572);2026-10-10
Biura i usługi B2B;C;2;DigiSolve Mijn ICT;Helmond;Vossenbeemd 47A 5705CL;;NIE ZNALEZIONO STRONY W DANYCH;;;;;;NIEUSTALONE (wymaga zdjęć lub wizji lokalnej);;;;;;Do sprawdzenia;strony nie ma w danych mapy (do sprawdzenia);jeśli faktycznie brak: strona WWW;nie kontaktowano;OpenStreetMap (office=it, node/2902385835);2026-10-10
Biura i usługi B2B;C;2;Direct Result;Eindhoven;Willemstraat 3 5611HA;https://direct-result.nl/eindhoven;OK;tak;tak;;WordPress;Facebook, Instagram, LinkedIn;NIEUSTALONE (wymaga zdjęć lub wizji lokalnej);rekrutuje;;;;;Podstawy online OK;;odzież/oklejenie dla nowych ludzi i aut;nie kontaktowano;OpenStreetMap (office=advertising_agency, node/2764375297);2026-10-10
Biura i usługi B2B;C;2;Dolphin;Mierlo;Ambachtweg 29 5731AE;;NIE ZNALEZIONO STRONY W DANYCH;;;;;;NIEUSTALONE (wymaga zdjęć lub wizji lokalnej);;;;;;Do sprawdzenia;strony nie ma w danych mapy (do sprawdzenia);jeśli faktycznie brak: strona WWW;nie kontaktowano;OpenStreetMap (office=company, node/2876288456);2026-10-10
Biura i usługi B2B;C;2;Dorel Netherlands BV;Helmond;Korendijk 5 5704RD;;NIE ZNALEZIONO STRONY W DANYCH;;;;;;NIEUSTALONE (wymaga zdjęć lub wizji lokalnej);;;;;;Do sprawdzenia;strony nie ma w danych mapy (do sprawdzenia);jeśli faktycznie brak: strona WWW;nie kontaktowano;OpenStreetMap (office=company, node/2902838859);2026-10-10
Biura i usługi B2B;C;2;DPD;Oirschot;Westfields 1410 5688HA;https://www.dpd.com/;OK;tak;tak;2026;WordPress;;NIEUSTALONE (wymaga zdjęć lub wizji lokalnej);;;;;;Częściowe braki;nie znaleziono social media na stronie;materiały do social media;nie kontaktowano;OpenStreetMap (office=company, node/5491949846);2026-10-10
Biura i usługi B2B;C;2;Driessen;Helmond;Schootense Dreef 15 5708HZ;https://www.driessen.nl/;OK;tak;tak;;;Facebook, Instagram, LinkedIn, YouTube;NIEUSTALONE (wymaga zdjęć lub wizji lokalnej);rekrutuje;;;;;Podstawy online OK;;odzież/oklejenie dla nowych ludzi i aut;nie kontaktowano;OpenStreetMap (office=company, node/4757527661);2026-10-10
Biura i usługi B2B;C;2;Drukkerij Snep;Eindhoven;Langendijk 9 5652AX;;NIE ZNALEZIONO STRONY W DANYCH;;;;;;NIEUSTALONE (wymaga zdjęć lub wizji lokalnej);;;;;;Do sprawdzenia;strony nie ma w danych mapy (do sprawdzenia);jeśli faktycznie brak: strona WWW;nie kontaktowano;OpenStreetMap (office=company, node/2712973688);2026-10-10
Biura i usługi B2B;C;2;Drukon;Eindhoven;Jeroen Boschlaan 273 5642AT;https://www.drukon.nl;OK;tak;tak;2026;WordPress;;NIEUSTALONE (wymaga zdjęć lub wizji lokalnej);;;;;;Częściowe braki;nie znaleziono social media na stronie;materiały do social media;nie kontaktowano;OpenStreetMap (office=advertising_agency, node/2745963230);2026-10-10
Biura i usługi B2B;C;2;Dutch Holographic Laboratory;Eindhoven;Kanaaldijk-Noord 61 5642JA;https://holographicdesign.eu/;OK;tak;tak;;;;NIEUSTALONE (wymaga zdjęć lub wizji lokalnej);;;;;;Częściowe braki;nie znaleziono social media na stronie;materiały do social media;nie kontaktowano;OpenStreetMap (office=company, node/12010257777);2026-10-10
Biura i usługi B2B;C;2;e-Boekhouden.nl;Geldrop;Laan der Vier Heemskinderen 7 5664TH;https://www.e-boekhouden.nl;OK;tak;tak;2026;;Facebook, Instagram, LinkedIn, TikTok, YouTube;NIEUSTALONE (wymaga zdjęć lub wizji lokalnej);rekrutuje;;;;;Podstawy online OK;;odzież/oklejenie dla nowych ludzi i aut;nie kontaktowano;OpenStreetMap (office=financial, node/4585280039);2026-10-10
Biura i usługi B2B;C;2;EasyIO;Gemert;Gelind 20 5421BN;;NIE ZNALEZIONO STRONY W DANYCH;;;;;;NIEUSTALONE (wymaga zdjęć lub wizji lokalnej);;;;;;Do sprawdzenia;strony nie ma w danych mapy (do sprawdzenia);jeśli faktycznie brak: strona WWW;nie kontaktowano;OpenStreetMap (office=company, node/4448954653);2026-10-10
Biura i usługi B2B;C;2;Ebusco;Deurne;Vuurijzer 23 5753SV;https://www.ebusco.com;OK;tak;tak;2026;WordPress;;NIEUSTALONE (wymaga zdjęć lub wizji lokalnej);;;;;;Częściowe braki;nie znaleziono social media na stronie;materiały do social media;nie kontaktowano;OpenStreetMap (office=company, node/2853963754);2026-10-10
Biura i usługi B2B;C;2;Ebzies;;;;NIE ZNALEZIONO STRONY W DANYCH;;;;;;NIEUSTALONE (wymaga zdjęć lub wizji lokalnej);;;;;;Do sprawdzenia;strony nie ma w danych mapy (do sprawdzenia);jeśli faktycznie brak: strona WWW;nie kontaktowano;OpenStreetMap (office=advertising_agency, node/14240011376);2026-10-10
Biura i usługi B2B;C;2;EDCO;Eindhoven;Adriaan Mulderweg 9 5657EM;https://www.edco.nl/;OK;tak;tak;2026;;Facebook, Instagram, LinkedIn, YouTube;NIEUSTALONE (wymaga zdjęć lub wizji lokalnej);rekrutuje;;;;;Podstawy online OK;;odzież/oklejenie dla nowych ludzi i aut;nie kontaktowano;OpenStreetMap (office=company, node/2730158606) + wyszukiwarka + wyszukiwarka;2026-10-10
Biura i usługi B2B;C;2;Eisenkolb;;;https://www.eisenkolb.com/;OK;tak;tak;;WordPress;;NIEUSTALONE (wymaga zdjęć lub wizji lokalnej);;;;;;Częściowe braki;nie znaleziono social media na stronie;materiały do social media;nie kontaktowano;OpenStreetMap (office=company, node/11489046186);2026-10-10
Biura i usługi B2B;C;2;Elan;Son en Breugel;Raadhuisplein 8 5691AM;;NIE ZNALEZIONO STRONY W DANYCH;;;;;;NIEUSTALONE (wymaga zdjęć lub wizji lokalnej);;;;;;Do sprawdzenia;strony nie ma w danych mapy (do sprawdzenia);jeśli faktycznie brak: strona WWW;nie kontaktowano;OpenStreetMap (office=insurance, node/2792751262);2026-10-10
Biura i usługi B2B;C;2;Enexis Herinzet;Best;Tormentil 10 5684PK;;NIE ZNALEZIONO STRONY W DANYCH;;;;;;NIEUSTALONE (wymaga zdjęć lub wizji lokalnej);;;;;;Do sprawdzenia;strony nie ma w danych mapy (do sprawdzenia);jeśli faktycznie brak: strona WWW;nie kontaktowano;OpenStreetMap (office=company, node/2735931570);2026-10-10
Biura i usługi B2B;C;2;Enexis Netbeheer;Eindhoven;Wekkerstraat 25 5652AN;https://www.enexis.nl/;OK;tak;tak;2026;;Facebook, Instagram, LinkedIn;NIEUSTALONE (wymaga zdjęć lub wizji lokalnej);rekrutuje;;;;;Podstawy online OK;;odzież/oklejenie dla nowych ludzi i aut;nie kontaktowano;OpenStreetMap (office=company, node/2713167875) + wyszukiwarka;2026-10-10
Biura i usługi B2B;C;2;Ergon;Eindhoven;Rooijakkersstraat 3 5652BA;https://www.ergon.nl/;OK;tak;tak;2026;WordPress;Facebook, Instagram, LinkedIn, YouTube;NIEUSTALONE (wymaga zdjęć lub wizji lokalnej);rekrutuje;;;;;Podstawy online OK;;odzież/oklejenie dla nowych ludzi i aut;nie kontaktowano;OpenStreetMap (office=company, node/2713085104) + wyszukiwarka + wyszukiwarka + wyszukiwarka + wyszukiwarka + wyszukiwarka + wyszukiwarka;2026-10-10
Biura i usługi B2B;C;2;Ergonomique;Eindhoven;Langendijk 21 5652AX;;NIE ZNALEZIONO STRONY W DANYCH;;;;;;NIEUSTALONE (wymaga zdjęć lub wizji lokalnej);;;;;;Do sprawdzenia;strony nie ma w danych mapy (do sprawdzenia);jeśli faktycznie brak: strona WWW;nie kontaktowano;OpenStreetMap (office=company, node/2712973558);2026-10-10
Biura i usługi B2B;C;2;ESI;;;;NIE ZNALEZIONO STRONY W DANYCH;;;;;;NIEUSTALONE (wymaga zdjęć lub wizji lokalnej);;;;;;Do sprawdzenia;strony nie ma w danych mapy (do sprawdzenia);jeśli faktycznie brak: strona WWW;nie kontaktowano;OpenStreetMap (office=company, node/10867970671);2026-10-10
Biura i usługi B2B;C;2;Etteplan;Son en Breugel;Science Park Eindhoven 5080 5692EA;;NIE ZNALEZIONO STRONY W DANYCH;;;;;;NIEUSTALONE (wymaga zdjęć lub wizji lokalnej);;;;;;Do sprawdzenia;strony nie ma w danych mapy (do sprawdzenia);jeśli faktycznie brak: strona WWW;nie kontaktowano;OpenStreetMap (office=company, node/2785223296);2026-10-10
Biura i usługi B2B;C;2;Extendure;Eindhoven;Breitnerstraat 2B 5611TV;https://www.extendure.com;OK;tak;tak;2026;;Instagram, LinkedIn;NIEUSTALONE (wymaga zdjęć lub wizji lokalnej);rekrutuje;;;;;Podstawy online OK;;odzież/oklejenie dla nowych ludzi i aut;nie kontaktowano;OpenStreetMap (office=advertising_agency, node/4631795517);2026-10-10
Biura i usługi B2B;C;2;FaberExposize B.V.;Eindhoven;Dillenburgstraat 16 5652AP;;NIE ZNALEZIONO STRONY W DANYCH;;;;;;NIEUSTALONE (wymaga zdjęć lub wizji lokalnej);;;;;;Do sprawdzenia;strony nie ma w danych mapy (do sprawdzenia);jeśli faktycznie brak: strona WWW;nie kontaktowano;OpenStreetMap (office=company, node/2712990240);2026-10-10
Biura i usługi B2B;C;2;Fabory;Eindhoven;Rooijakkersstraat 9 5652BA;;NIE ZNALEZIONO STRONY W DANYCH;;;;;;NIEUSTALONE (wymaga zdjęć lub wizji lokalnej);;;;;;Do sprawdzenia;strony nie ma w danych mapy (do sprawdzenia);jeśli faktycznie brak: strona WWW;nie kontaktowano;OpenStreetMap (office=company, node/2713085112);2026-10-10
Biura i usługi B2B;C;2;Fedex;Eindhoven;Achtseweg Noord 17 5651GG;;NIE ZNALEZIONO STRONY W DANYCH;;;;;;NIEUSTALONE (wymaga zdjęć lub wizji lokalnej);;;;;;Do sprawdzenia;strony nie ma w danych mapy (do sprawdzenia);jeśli faktycznie brak: strona WWW;nie kontaktowano;OpenStreetMap (office=company, node/4536401055);2026-10-10
Biura i usługi B2B;C;2;FEI Electron Optics BV;Eindhoven;De Schakel 12 5651GH;;NIE ZNALEZIONO STRONY W DANYCH;;;;;;NIEUSTALONE (wymaga zdjęć lub wizji lokalnej);;;;;;Do sprawdzenia;strony nie ma w danych mapy (do sprawdzenia);jeśli faktycznie brak: strona WWW;nie kontaktowano;OpenStreetMap (office=company, node/2737111222);2026-10-10
Biura i usługi B2B;C;2;Flink;;;;NIE ZNALEZIONO STRONY W DANYCH;;;;;;NIEUSTALONE (wymaga zdjęć lub wizji lokalnej);;;;;;Do sprawdzenia;strony nie ma w danych mapy (do sprawdzenia);jeśli faktycznie brak: strona WWW;nie kontaktowano;OpenStreetMap (office=company, node/13954228502);2026-10-10
Biura i usługi B2B;C;2;Floorarium;Son en Breugel;Antoon van de Venstraat 27 5691CJ;https://floorarium.nl/;OK;tak;tak;;WordPress;Facebook, Instagram, LinkedIn, TikTok, YouTube;NIEUSTALONE (wymaga zdjęć lub wizji lokalnej);sklep online;;;;;Podstawy online OK;;;nie kontaktowano;OpenStreetMap (office=graphic_design, node/2792748680);2026-10-10
Biura i usługi B2B;C;2;Freek;;;;NIE ZNALEZIONO STRONY W DANYCH;;;;;;NIEUSTALONE (wymaga zdjęć lub wizji lokalnej);;;;;;Do sprawdzenia;strony nie ma w danych mapy (do sprawdzenia);jeśli faktycznie brak: strona WWW;nie kontaktowano;OpenStreetMap (office=financial, node/12204951106);2026-10-10
Biura i usługi B2B;C;2;Frencken Handel & Service B.V.;Eindhoven;Dillenburgstraat 33 5652AM;;NIE ZNALEZIONO STRONY W DANYCH;;;;;;NIEUSTALONE (wymaga zdjęć lub wizji lokalnej);;;;;;Do sprawdzenia;strony nie ma w danych mapy (do sprawdzenia);jeśli faktycznie brak: strona WWW;nie kontaktowano;OpenStreetMap (office=company, node/2712973585);2026-10-10
Biura i usługi B2B;C;2;Frencken Mechatronics Europe;Eindhoven;Dillenburgstraat 12B 5652AP;;NIE ZNALEZIONO STRONY W DANYCH;;;;;;NIEUSTALONE (wymaga zdjęć lub wizji lokalnej);;;;;;Do sprawdzenia;strony nie ma w danych mapy (do sprawdzenia);jeśli faktycznie brak: strona WWW;nie kontaktowano;OpenStreetMap (office=company, node/9930149980);2026-10-10
Biura i usługi B2B;C;2;Futuris Zorg & Werk Eindhoven B.V.;Eindhoven;Castiliëlaan 8-09 5629CH;;NIE ZNALEZIONO STRONY W DANYCH;;;;;;NIEUSTALONE (wymaga zdjęć lub wizji lokalnej);;;;;;Do sprawdzenia;strony nie ma w danych mapy (do sprawdzenia);jeśli faktycznie brak: strona WWW;nie kontaktowano;OpenStreetMap (office=company, node/2744939974);2026-10-10
Biura i usługi B2B;C;2;Galvano Groothandel BV;Eindhoven;Dillenburgstraat 12 5652AP;;NIE ZNALEZIONO STRONY W DANYCH;;;;;;NIEUSTALONE (wymaga zdjęć lub wizji lokalnej);;;;;;Do sprawdzenia;strony nie ma w danych mapy (do sprawdzenia);jeśli faktycznie brak: strona WWW;nie kontaktowano;OpenStreetMap (office=company, node/2713191172);2026-10-10
Biura i usługi B2B;C;2;Gebr. Nijssen;Eindhoven;Dillenburgstraat 41 5652AM;;NIE ZNALEZIONO STRONY W DANYCH;;;;;;NIEUSTALONE (wymaga zdjęć lub wizji lokalnej);;;;;;Do sprawdzenia;strony nie ma w danych mapy (do sprawdzenia);jeśli faktycznie brak: strona WWW;nie kontaktowano;OpenStreetMap (office=company, node/2712973605);2026-10-10
Biura i usługi B2B;C;2;GNR Workwear;;;;NIE ZNALEZIONO STRONY W DANYCH;;;;;;NIEUSTALONE (wymaga zdjęć lub wizji lokalnej);;;;;;Do sprawdzenia;strony nie ma w danych mapy (do sprawdzenia);jeśli faktycznie brak: strona WWW;nie kontaktowano;OpenStreetMap (office=company, node/12073643891);2026-10-10
Biura i usługi B2B;C;2;Goldies Online Website & Webshop;Eindhoven;Tivolilaan 27a 5645GD;;NIE ZNALEZIONO STRONY W DANYCH;;;;;;NIEUSTALONE (wymaga zdjęć lub wizji lokalnej);;;;;;Do sprawdzenia;strony nie ma w danych mapy (do sprawdzenia);jeśli faktycznie brak: strona WWW;nie kontaktowano;OpenStreetMap (office=it, node/13937936660);2026-10-10
Biura i usługi B2B;C;2;Goldies reclame;Eindhoven;Tivolilaan 27a 5645GD;https://goldiesreclame.nl;OK;tak;tak;2026;WordPress;;NIEUSTALONE (wymaga zdjęć lub wizji lokalnej);;;;;;Częściowe braki;nie znaleziono social media na stronie;materiały do social media;nie kontaktowano;OpenStreetMap (office=advertising_agency, node/13937922008);2026-10-10
Biura i usługi B2B;C;2;Goudappel;Eindhoven;Emmasingel 15 5611AZ;https://www.goudappel.nl;OK;tak;tak;;;LinkedIn, YouTube;NIEUSTALONE (wymaga zdjęć lub wizji lokalnej);rekrutuje;;;;;Podstawy online OK;;odzież/oklejenie dla nowych ludzi i aut;nie kontaktowano;OpenStreetMap (office=consulting, node/2765447119);2026-10-10
Biura i usługi B2B;C;2;Govers Accountants;Eindhoven;Beemdstraat 25 5653MA;;NIE ZNALEZIONO STRONY W DANYCH;;;;;;NIEUSTALONE (wymaga zdjęć lub wizji lokalnej);;;;;;Do sprawdzenia;strony nie ma w danych mapy (do sprawdzenia);jeśli faktycznie brak: strona WWW;nie kontaktowano;OpenStreetMap (office=accountant, node/2712532096);2026-10-10
Biura i usługi B2B;C;2;GR8 Roofs;Eindhoven;Le Havre 136 5627SW;https://gr8roofs.nl;OK;tak;tak;2026;WordPress;Facebook, Instagram, LinkedIn;NIEUSTALONE (wymaga zdjęć lub wizji lokalnej);rekrutuje;;;;;Podstawy online OK;;odzież/oklejenie dla nowych ludzi i aut;nie kontaktowano;OpenStreetMap (office=company, node/2747685960);2026-10-10
Biura i usługi B2B;C;2;Grafisch Atelier Helmond;;;;NIE ZNALEZIONO STRONY W DANYCH;;;;;;NIEUSTALONE (wymaga zdjęć lub wizji lokalnej);;;;;;Do sprawdzenia;strony nie ma w danych mapy (do sprawdzenia);jeśli faktycznie brak: strona WWW;nie kontaktowano;OpenStreetMap (office=company, node/6118078372);2026-10-10
Biura i usługi B2B;C;2;Greenstone Legal;Eindhoven;Beemdstraat 27A 5653MA;;NIE ZNALEZIONO STRONY W DANYCH;;;;;;NIEUSTALONE (wymaga zdjęć lub wizji lokalnej);;;;;;Do sprawdzenia;strony nie ma w danych mapy (do sprawdzenia);jeśli faktycznie brak: strona WWW;nie kontaktowano;OpenStreetMap (office=lawyer, node/2712422303);2026-10-10
Biura i usługi B2B;C;2;Grondbank De Kempen;Sterksel;Pastoor Thijssenlaan 43 6029RL;https://denoudengroep.com/den-ouden-groep/de-kempen-sterksel;OK;tak;tak;;;;NIEUSTALONE (wymaga zdjęć lub wizji lokalnej);;;;;;Częściowe braki;nie znaleziono social media na stronie;materiały do social media;nie kontaktowano;OpenStreetMap (office=company, node/2829373995) + wyszukiwarka + wyszukiwarka + wyszukiwarka + wyszukiwarka;2026-10-10
Biura i usługi B2B;C;2;GS Staalwerken;Helmond;Vossenbeemd 41 5705CL;https://gsstaalwerken.com/;OK;tak;tak;;WordPress;Facebook, LinkedIn;NIEUSTALONE (wymaga zdjęć lub wizji lokalnej);rekrutuje;;;;;Podstawy online OK;;odzież/oklejenie dla nowych ludzi i aut;nie kontaktowano;OpenStreetMap (office=company, node/2902385824);2026-10-10
Biura i usługi B2B;C;2;GXO Logistics;Eindhoven;Achtseweg Noord 27 5651GG;https://gxo.com/nl;OK;tak;tak;2026;WordPress;Facebook, Instagram, LinkedIn, YouTube;NIEUSTALONE (wymaga zdjęć lub wizji lokalnej);rekrutuje;;;;;Podstawy online OK;;odzież/oklejenie dla nowych ludzi i aut;nie kontaktowano;OpenStreetMap (office=company, node/5224942250);2026-10-10
Biura i usługi B2B;C;2;Hanab Installation Technology;Eindhoven;Dillenburgstraat 25-01 5652AM;https://www.hanab.nl/installation-technology/;OK;tak;tak;;;Facebook, Instagram, LinkedIn, YouTube;NIEUSTALONE (wymaga zdjęć lub wizji lokalnej);rekrutuje;;;;;Podstawy online OK;;odzież/oklejenie dla nowych ludzi i aut;nie kontaktowano;OpenStreetMap (office=company, node/2712980700) + wyszukiwarka;2026-10-10
Biura i usługi B2B;C;2;Handelsonderneming H. van de Schoot;Oirschot;Lazarusbocht 7B 5688NZ;https://www.hvdschoot.nl;OK;tak;tak;2026;;;NIEUSTALONE (wymaga zdjęć lub wizji lokalnej);;;;;;Częściowe braki;nie znaleziono social media na stronie;materiały do social media;nie kontaktowano;OpenStreetMap (office=company, node/2825836229);2026-10-10
Biura i usługi B2B;C;2;Haus Huberts bv;Helmond;Marshallstraat 19 5705CN;;NIE ZNALEZIONO STRONY W DANYCH;;;;;;NIEUSTALONE (wymaga zdjęć lub wizji lokalnej);;;;;;Do sprawdzenia;strony nie ma w danych mapy (do sprawdzenia);jeśli faktycznie brak: strona WWW;nie kontaktowano;OpenStreetMap (office=company, node/11524479784);2026-10-10
Biura i usługi B2B;C;2;Heeyoo Veldhoven;Veldhoven;De Run 4312 5503LN;https://heeyoo.nl;OK;tak;tak;;;Facebook, Instagram, LinkedIn, TikTok, YouTube;NIEUSTALONE (wymaga zdjęć lub wizji lokalnej);rekrutuje;;;;;Podstawy online OK;;odzież/oklejenie dla nowych ludzi i aut;nie kontaktowano;OpenStreetMap (office=company, node/2830875824);2026-10-10
Biura i usługi B2B;C;2;Helmond Marketing;Helmond;Markt 207 5701RJ;;NIE ZNALEZIONO STRONY W DANYCH;;;;;;NIEUSTALONE (wymaga zdjęć lub wizji lokalnej);;;;;;Do sprawdzenia;strony nie ma w danych mapy (do sprawdzenia);jeśli faktycznie brak: strona WWW;nie kontaktowano;OpenStreetMap (office=advertising_agency, node/2903870445);2026-10-10
Biura i usługi B2B;C;2;Heras Experience Center;Oirschot;Industrieweg 18 5688DP;https://www.heras.nl/;OK;tak;tak;2026;WordPress;Facebook, Instagram, LinkedIn, YouTube;NIEUSTALONE (wymaga zdjęć lub wizji lokalnej);rekrutuje;;;;;Podstawy online OK;;odzież/oklejenie dla nowych ludzi i aut;nie kontaktowano;OpenStreetMap (office=company, node/2825835603) + wyszukiwarka;2026-10-10
Biura i usługi B2B;C;2;HERE Technologies;;;;NIE ZNALEZIONO STRONY W DANYCH;;;;;;NIEUSTALONE (wymaga zdjęć lub wizji lokalnej);;;;;;Do sprawdzenia;strony nie ma w danych mapy (do sprawdzenia);jeśli faktycznie brak: strona WWW;nie kontaktowano;OpenStreetMap (office=company, node/5063981888);2026-10-10
Biura i usługi B2B;C;2;Het Juridisch Loket;Eindhoven;Willemstraat 18 5611HD;https://www.juridischloket.nl/contact/eindhoven;OK;tak;tak;2026;;Facebook, Instagram, LinkedIn, YouTube;NIEUSTALONE (wymaga zdjęć lub wizji lokalnej);rekrutuje;;;;;Podstawy online OK;;odzież/oklejenie dla nowych ludzi i aut;nie kontaktowano;OpenStreetMap (office=lawyer, node/2764499533);2026-10-10
Biura i usługi B2B;C;2;HMT Hurkmans Metaal Techniek;Someren;Beemdstraat 34 5711CV;;NIE ZNALEZIONO STRONY W DANYCH;;;;;;NIEUSTALONE (wymaga zdjęć lub wizji lokalnej);;;;;;Do sprawdzenia;strony nie ma w danych mapy (do sprawdzenia);jeśli faktycznie brak: strona WWW;nie kontaktowano;OpenStreetMap (office=company, node/4565316357);2026-10-10
Biura i usługi B2B;C;2;Hoffmann Groep;Beek en Donk;Beekerheide 17 5741HB;https://hoffmanngroep.com/;OK;tak;tak;2026;WordPress;Facebook, LinkedIn;NIEUSTALONE (wymaga zdjęć lub wizji lokalnej);rekrutuje;;;;;Podstawy online OK;;odzież/oklejenie dla nowych ludzi i aut;nie kontaktowano;OpenStreetMap (office=company, node/2900691291);2026-10-10
Biura i usługi B2B;C;2;Holland Expat Center South;Eindhoven;Vestdijk 27A 5611CA;;NIE ZNALEZIONO STRONY W DANYCH;;;;;;NIEUSTALONE (wymaga zdjęć lub wizji lokalnej);;;;;;Do sprawdzenia;strony nie ma w danych mapy (do sprawdzenia);jeśli faktycznie brak: strona WWW;nie kontaktowano;OpenStreetMap (office=company, node/2765159274);2026-10-10
Biura i usługi B2B;C;2;Horsten Kozijnen;Eindhoven;Hoevenweg 7 5652AW;https://www.horstenkozijnen.nl;OK;tak;tak;2026;;Facebook;NIEUSTALONE (wymaga zdjęć lub wizji lokalnej);rekrutuje;;;;;Podstawy online OK;;odzież/oklejenie dla nowych ludzi i aut;nie kontaktowano;OpenStreetMap (office=company, node/2712964081);2026-10-10
Biura i usługi B2B;C;2;Hurkmans;Veldhoven;Peter Zuidlaan 22 5502NH;https://www.hurkmansbv.nl;OK;tak;tak;;Wix;Facebook, Instagram, LinkedIn;NIEUSTALONE (wymaga zdjęć lub wizji lokalnej);rekrutuje;;;;;Podstawy online OK;;odzież/oklejenie dla nowych ludzi i aut;nie kontaktowano;OpenStreetMap (office=company, node/2833323667) + wyszukiwarka;2026-10-10
Biura i usługi B2B;C;2;Hypodomus;;;;NIE ZNALEZIONO STRONY W DANYCH;;;;;;NIEUSTALONE (wymaga zdjęć lub wizji lokalnej);;;;;;Do sprawdzenia;strony nie ma w danych mapy (do sprawdzenia);jeśli faktycznie brak: strona WWW;nie kontaktowano;OpenStreetMap (office=estate_agent, node/11955512985);2026-10-10
Biura i usługi B2B;C;2;Ictivity;Eindhoven;Looyenbeemd 16 5652BH;;NIE ZNALEZIONO STRONY W DANYCH;;;;;;NIEUSTALONE (wymaga zdjęć lub wizji lokalnej);;;;;;Do sprawdzenia;strony nie ma w danych mapy (do sprawdzenia);jeśli faktycznie brak: strona WWW;nie kontaktowano;OpenStreetMap (office=it, node/5633400247);2026-10-10
Biura i usługi B2B;C;2;Intel;Eindhoven;High Tech Campus 83 5656AG;;NIE ZNALEZIONO STRONY W DANYCH;;;;;;NIEUSTALONE (wymaga zdjęć lub wizji lokalnej);;;;;;Do sprawdzenia;strony nie ma w danych mapy (do sprawdzenia);jeśli faktycznie brak: strona WWW;nie kontaktowano;OpenStreetMap (office=company, node/2727694813);2026-10-10
Biura i usługi B2B;C;2;Intera Interieurbouw B.V.;;;;NIE ZNALEZIONO STRONY W DANYCH;;;;;;NIEUSTALONE (wymaga zdjęć lub wizji lokalnej);;;;;;Do sprawdzenia;strony nie ma w danych mapy (do sprawdzenia);jeśli faktycznie brak: strona WWW;nie kontaktowano;OpenStreetMap (office=company, node/12539021892);2026-10-10
Biura i usługi B2B;C;2;Jansen Infra B.V.;Son en Breugel;Kanaaldijk Zuid 24 5691NL;;NIE ZNALEZIONO STRONY W DANYCH;;;;;;NIEUSTALONE (wymaga zdjęć lub wizji lokalnej);;;;;;Do sprawdzenia;strony nie ma w danych mapy (do sprawdzenia);jeśli faktycznie brak: strona WWW;nie kontaktowano;OpenStreetMap (office=company, node/2798779069);2026-10-10
Biura i usługi B2B;C;2;Janssen de Jong Bouw;Son en Breugel;Science Park Eindhoven 5049 5692EB;https://www.janssendejongbouw.nl;OK;tak;tak;;WordPress;Facebook, Instagram, LinkedIn, YouTube;NIEUSTALONE (wymaga zdjęć lub wizji lokalnej);rekrutuje;;;;;Podstawy online OK;;odzież/oklejenie dla nowych ludzi i aut;nie kontaktowano;OpenStreetMap (office=company, node/12895442131);2026-10-10
Biura i usługi B2B;C;2;Janssen Van Den Biezenbos;;;;NIE ZNALEZIONO STRONY W DANYCH;;;;;;NIEUSTALONE (wymaga zdjęć lub wizji lokalnej);;;;;;Do sprawdzenia;strony nie ma w danych mapy (do sprawdzenia);jeśli faktycznie brak: strona WWW;nie kontaktowano;OpenStreetMap (office=lawyer, node/12253189138);2026-10-10
Biura i usługi B2B;C;2;Kembit;;;https://www.kembit.nl;OK;tak;tak;;WordPress;Facebook, Instagram, LinkedIn;NIEUSTALONE (wymaga zdjęć lub wizji lokalnej);rekrutuje;;;;;Podstawy online OK;;odzież/oklejenie dla nowych ludzi i aut;nie kontaktowano;OpenStreetMap (office=it, node/2131394187);2026-10-10
Biura i usługi B2B;C;2;Kemenade;Eindhoven;Kruburg 90 5632PJ;;NIE ZNALEZIONO STRONY W DANYCH;;;;;;NIEUSTALONE (wymaga zdjęć lub wizji lokalnej);;;;;;Do sprawdzenia;strony nie ma w danych mapy (do sprawdzenia);jeśli faktycznie brak: strona WWW;nie kontaktowano;OpenStreetMap (office=company, node/2734016236);2026-10-10
Biura i usługi B2B;C;2;Kemkens Systems;Eindhoven;Beemdstraat 23 5653MA;;NIE ZNALEZIONO STRONY W DANYCH;;;;;;NIEUSTALONE (wymaga zdjęć lub wizji lokalnej);;;;;;Do sprawdzenia;strony nie ma w danych mapy (do sprawdzenia);jeśli faktycznie brak: strona WWW;nie kontaktowano;OpenStreetMap (office=company, node/2712532095);2026-10-10
Biura i usługi B2B;C;2;KMWE Toolmanagers;Eindhoven;Croy 24 5653LD;;NIE ZNALEZIONO STRONY W DANYCH;;;;;;NIEUSTALONE (wymaga zdjęć lub wizji lokalnej);;;;;;Do sprawdzenia;strony nie ma w danych mapy (do sprawdzenia);jeśli faktycznie brak: strona WWW;nie kontaktowano;OpenStreetMap (office=company, node/2711198046);2026-10-10
Biura i usługi B2B;C;2;Koninklijke Peijnenburg BV;Geldrop;Nieuwendijk 45 5664HB;;NIE ZNALEZIONO STRONY W DANYCH;;;;;;NIEUSTALONE (wymaga zdjęć lub wizji lokalnej);;;;;;Do sprawdzenia;strony nie ma w danych mapy (do sprawdzenia);jeśli faktycznie brak: strona WWW;nie kontaktowano;OpenStreetMap (office=company, node/2872253449);2026-10-10
Biura i usługi B2B;C;2;Kookcreatie;;;https://kookcreatie.nl/;OK;tak;tak;2026;WordPress;Facebook, Instagram;NIEUSTALONE (wymaga zdjęć lub wizji lokalnej);sklep online;;;;;Podstawy online OK;;;nie kontaktowano;OpenStreetMap (office=company, node/6118078371);2026-10-10
Biura i usługi B2B;C;2;Kosman Incasso Advocatuur;Mierlo;Kanunnik Daemenstraat 6 5731CS;https://www.kosmanincassoadvocatuur.nl;OK;tak;tak;2026;;;NIEUSTALONE (wymaga zdjęć lub wizji lokalnej);;;;;;Częściowe braki;nie znaleziono social media na stronie;materiały do social media;nie kontaktowano;OpenStreetMap (office=lawyer, node/2876908283);2026-10-10
Biura i usługi B2B;C;2;Kruijswijk;Son en Breugel;Nieuwstraat 39 5691AB;;NIE ZNALEZIONO STRONY W DANYCH;;;;;;NIEUSTALONE (wymaga zdjęć lub wizji lokalnej);;;;;;Do sprawdzenia;strony nie ma w danych mapy (do sprawdzenia);jeśli faktycznie brak: strona WWW;nie kontaktowano;OpenStreetMap (office=estate_agent, node/2792749783);2026-10-10
Biura i usługi B2B;C;2;Kusters & Bosch;Mierlo;Ambachtweg 27 5731AE;https://www.kusters-bosch.nl;OK;tak;tak;2026;WordPress;LinkedIn;NIEUSTALONE (wymaga zdjęć lub wizji lokalnej);rekrutuje;;;;;Podstawy online OK;;odzież/oklejenie dla nowych ludzi i aut;nie kontaktowano;OpenStreetMap (office=company, node/2876288451);2026-10-10
Biura i usługi B2B;C;2;KWS Infra;Eindhoven;Dillenburgstraat 25-05 5652AM;https://www.kws.nl/;OK;tak;tak;2025;;Facebook, Instagram, LinkedIn, YouTube;NIEUSTALONE (wymaga zdjęć lub wizji lokalnej);rekrutuje;;;;;Podstawy online OK;;odzież/oklejenie dla nowych ludzi i aut;nie kontaktowano;OpenStreetMap (office=company, node/2712980704) + wyszukiwarka;2026-10-10
Biura i usługi B2B;C;2;Laco Business Center;Oirschot;de Scheper 312 5688HP;https://www.laco.eu;OK;tak;tak;2026;WordPress;Facebook;NIEUSTALONE (wymaga zdjęć lub wizji lokalnej);rekrutuje;;;;;Podstawy online OK;;odzież/oklejenie dla nowych ludzi i aut;nie kontaktowano;OpenStreetMap (office=company, node/2825835858);2026-10-10
Biura i usługi B2B;C;2;Lavans;Helmond;Vossenbeemd 104A 5705CL;https://www.lavans.nl/;OK;tak;tak;;;Facebook, Instagram, LinkedIn, YouTube;NIEUSTALONE (wymaga zdjęć lub wizji lokalnej);rekrutuje;;;;;Podstawy online OK;;odzież/oklejenie dla nowych ludzi i aut;nie kontaktowano;OpenStreetMap (office=company, node/9230968149);2026-10-10
Biura i usługi B2B;C;2;Lekkerland;Son en Breugel;Ekkersrijt 8802 5692JV;;NIE ZNALEZIONO STRONY W DANYCH;;;;;;NIEUSTALONE (wymaga zdjęć lub wizji lokalnej);;;;;;Do sprawdzenia;strony nie ma w danych mapy (do sprawdzenia);jeśli faktycznie brak: strona WWW;nie kontaktowano;OpenStreetMap (office=company, node/5848004236);2026-10-10
Biura i usługi B2B;C;2;Lumens;Eindhoven;Beemdstraat 29 5653MA;;NIE ZNALEZIONO STRONY W DANYCH;;;;;;NIEUSTALONE (wymaga zdjęć lub wizji lokalnej);;;;;;Do sprawdzenia;strony nie ma w danych mapy (do sprawdzenia);jeśli faktycznie brak: strona WWW;nie kontaktowano;OpenStreetMap (office=company, node/2712422339);2026-10-10
Biura i usługi B2B;C;2;Lunet Zorg;Eindhoven;Croy 5 5653LC;https://www.lunetzorg.com/;OK;tak;tak;;;Facebook, Instagram, LinkedIn, TikTok, YouTube;NIEUSTALONE (wymaga zdjęć lub wizji lokalnej);rekrutuje;;;;;Podstawy online OK;;odzież/oklejenie dla nowych ludzi i aut;nie kontaktowano;OpenStreetMap (office=company, node/2711198064);2026-10-10
Biura i usługi B2B;C;2;MAG45;Eindhoven;De Schakel 20 5651GH;;NIE ZNALEZIONO STRONY W DANYCH;;;;;;NIEUSTALONE (wymaga zdjęć lub wizji lokalnej);;;;;;Do sprawdzenia;strony nie ma w danych mapy (do sprawdzenia);jeśli faktycznie brak: strona WWW;nie kontaktowano;OpenStreetMap (office=company, node/2737111234);2026-10-10
Biura i usługi B2B;C;2;Makita Nederland;Eindhoven;Park Forum 1101 5657HK;https://www.makita.nl/;OK;tak;tak;;;Facebook, Instagram, LinkedIn, TikTok, YouTube;NIEUSTALONE (wymaga zdjęć lub wizji lokalnej);rekrutuje;;;;;Podstawy online OK;;odzież/oklejenie dla nowych ludzi i aut;nie kontaktowano;OpenStreetMap (office=company, node/2730020687);2026-10-10
Biura i usługi B2B;C;2;Manders Automatisering en Advies;Gemert;St.-Annastraat 47a 5421KB;;NIE ZNALEZIONO STRONY W DANYCH;;;;;;NIEUSTALONE (wymaga zdjęć lub wizji lokalnej);;;;;;Do sprawdzenia;strony nie ma w danych mapy (do sprawdzenia);jeśli faktycznie brak: strona WWW;nie kontaktowano;OpenStreetMap (office=it, node/3005552690);2026-10-10
Biura i usługi B2B;C;2;Manders Slijptechniek Deurne bv;Deurne;Dubloen 5 5751PX;;NIE ZNALEZIONO STRONY W DANYCH;;;;;;NIEUSTALONE (wymaga zdjęć lub wizji lokalnej);;;;;;Do sprawdzenia;strony nie ma w danych mapy (do sprawdzenia);jeśli faktycznie brak: strona WWW;nie kontaktowano;OpenStreetMap (office=company, node/2872343832);2026-10-10
Biura i usługi B2B;C;2;Manus;;;;NIE ZNALEZIONO STRONY W DANYCH;;;;;;NIEUSTALONE (wymaga zdjęć lub wizji lokalnej);;;;;;Do sprawdzenia;strony nie ma w danych mapy (do sprawdzenia);jeśli faktycznie brak: strona WWW;nie kontaktowano;OpenStreetMap (office=company, node/12538997760);2026-10-10
Biura i usługi B2B;C;2;Mapscape B.V.;Eindhoven;Luchthavenweg 34 5657EB;;NIE ZNALEZIONO STRONY W DANYCH;;;;;;NIEUSTALONE (wymaga zdjęć lub wizji lokalnej);;;;;;Do sprawdzenia;strony nie ma w danych mapy (do sprawdzenia);jeśli faktycznie brak: strona WWW;nie kontaktowano;OpenStreetMap (office=company, node/4695965337);2026-10-10
Biura i usługi B2B;C;2;Mario Galante Natuursteen;Eindhoven;Croy 39 5653LC;https://galante.nl;OK;tak;tak;2025;WordPress;;NIEUSTALONE (wymaga zdjęć lub wizji lokalnej);;;;;;Częściowe braki;nie znaleziono social media na stronie;materiały do social media;nie kontaktowano;OpenStreetMap (office=company, node/2711198051);2026-10-10
Biura i usługi B2B;C;2;MarketRedesign;;;;NIE ZNALEZIONO STRONY W DANYCH;;;;;;NIEUSTALONE (wymaga zdjęć lub wizji lokalnej);;;;;;Do sprawdzenia;strony nie ma w danych mapy (do sprawdzenia);jeśli faktycznie brak: strona WWW;nie kontaktowano;OpenStreetMap (office=company, node/6846375492);2026-10-10
Biura i usługi B2B;C;2;Medtronic;Eindhoven;Larixplein 4 5616VB;;NIE ZNALEZIONO STRONY W DANYCH;;;;;;NIEUSTALONE (wymaga zdjęć lub wizji lokalnej);;;;;;Do sprawdzenia;strony nie ma w danych mapy (do sprawdzenia);jeśli faktycznie brak: strona WWW;nie kontaktowano;OpenStreetMap (office=company, node/2754217182);2026-10-10
Biura i usługi B2B;C;2;Meneer de Makelaar;;;;NIE ZNALEZIONO STRONY W DANYCH;;;;;;NIEUSTALONE (wymaga zdjęć lub wizji lokalnej);;;;;;Do sprawdzenia;strony nie ma w danych mapy (do sprawdzenia);jeśli faktycznie brak: strona WWW;nie kontaktowano;OpenStreetMap (office=estate_agent, node/11955530728);2026-10-10
Biura i usługi B2B;C;2;Mennen Fijnmetaal;Deurne;Dubloen 9 5751PX;;NIE ZNALEZIONO STRONY W DANYCH;;;;;;NIEUSTALONE (wymaga zdjęć lub wizji lokalnej);;;;;;Do sprawdzenia;strony nie ma w danych mapy (do sprawdzenia);jeśli faktycznie brak: strona WWW;nie kontaktowano;OpenStreetMap (office=company, node/2872344431);2026-10-10
Biura i usługi B2B;C;2;Meulendijks Rondhout;Heeze;Nieuwendijk 42a 5591JK;https://www.mdhrondhout.com;OK;tak;tak;2026;;Facebook, Instagram, LinkedIn, TikTok;NIEUSTALONE (wymaga zdjęć lub wizji lokalnej);rekrutuje;;;;;Podstawy online OK;;odzież/oklejenie dla nowych ludzi i aut;nie kontaktowano;OpenStreetMap (office=company, node/2829796990);2026-10-10
Biura i usługi B2B;C;2;Mextal BV;Nuenen;De Tienden 48 5674TB;;NIE ZNALEZIONO STRONY W DANYCH;;;;;;NIEUSTALONE (wymaga zdjęć lub wizji lokalnej);;;;;;Do sprawdzenia;strony nie ma w danych mapy (do sprawdzenia);jeśli faktycznie brak: strona WWW;nie kontaktowano;OpenStreetMap (office=company, node/2992226022);2026-10-10
Biura i usługi B2B;C;2;Mouser;Eindhoven;Esp 222 5633AC;https://nl.mouser.com/;OK;tak;tak;;;;NIEUSTALONE (wymaga zdjęć lub wizji lokalnej);;;;;;Częściowe braki;nie znaleziono social media na stronie;materiały do social media;nie kontaktowano;OpenStreetMap (office=company, node/2728705703) + wyszukiwarka;2026-10-10
Biura i usługi B2B;C;2;MP Business Center Middelbeers;Oost West en Middelbeers;Industrieweg 6 5091BG;;NIE ZNALEZIONO STRONY W DANYCH;;;;;;NIEUSTALONE (wymaga zdjęć lub wizji lokalnej);;;;;;Do sprawdzenia;strony nie ma w danych mapy (do sprawdzenia);jeśli faktycznie brak: strona WWW;nie kontaktowano;OpenStreetMap (office=company, node/2825891891);2026-10-10
Biura i usługi B2B;C;2;MVGM Eindhoven;Eindhoven;Mahatma Gandhilaan 6 5653ML;;NIE ZNALEZIONO STRONY W DANYCH;;;;;;NIEUSTALONE (wymaga zdjęć lub wizji lokalnej);;;;;;Do sprawdzenia;strony nie ma w danych mapy (do sprawdzenia);jeśli faktycznie brak: strona WWW;nie kontaktowano;OpenStreetMap (office=company, node/2712422766);2026-10-10
Biura i usługi B2B;C;2;MySteel;Gemert;Energieweg 35 5422VM;https://www.mysteel.nl;OK;tak;tak;2026;;Facebook, Instagram;NIEUSTALONE (wymaga zdjęć lub wizji lokalnej);rekrutuje;;;;;Podstawy online OK;;odzież/oklejenie dla nowych ludzi i aut;nie kontaktowano;OpenStreetMap (office=company, node/3014838682);2026-10-10
Biura i usługi B2B;C;2;Ndus3;Eindhoven;Fellenoord 200-240 5611ZC;https://ndus3.com;OK;tak;tak;2026;WordPress;Facebook, Instagram, LinkedIn;NIEUSTALONE (wymaga zdjęć lub wizji lokalnej);rekrutuje;;;;;Podstawy online OK;;odzież/oklejenie dla nowych ludzi i aut;nie kontaktowano;OpenStreetMap (office=it, node/13648019573);2026-10-10
Biura i usługi B2B;C;2;Nedpharma B.V.;Eindhoven;Dillenburgstraat 22 5652AP;;NIE ZNALEZIONO STRONY W DANYCH;;;;;;NIEUSTALONE (wymaga zdjęć lub wizji lokalnej);;;;;;Do sprawdzenia;strony nie ma w danych mapy (do sprawdzenia);jeśli faktycznie brak: strona WWW;nie kontaktowano;OpenStreetMap (office=company, node/2712990242);2026-10-10
Biura i usługi B2B;C;2;Neways Advanced Applications;Son en Breugel;Science Park Eindhoven 5004 5692EA;;NIE ZNALEZIONO STRONY W DANYCH;;;;;;NIEUSTALONE (wymaga zdjęć lub wizji lokalnej);;;;;;Do sprawdzenia;strony nie ma w danych mapy (do sprawdzenia);jeśli faktycznie brak: strona WWW;nie kontaktowano;OpenStreetMap (office=company, node/9915387692);2026-10-10
Biura i usługi B2B;C;2;Neways Electronics International N.V.;Son en Breugel;Science Park Eindhoven 5010 5692EA;;NIE ZNALEZIONO STRONY W DANYCH;;;;;;NIEUSTALONE (wymaga zdjęć lub wizji lokalnej);;;;;;Do sprawdzenia;strony nie ma w danych mapy (do sprawdzenia);jeśli faktycznie brak: strona WWW;nie kontaktowano;OpenStreetMap (office=company, node/9230034591);2026-10-10
Biura i usługi B2B;C;2;Neways Expanding Technologies;Son en Breugel;Science Park Eindhoven 5010 5692EA;;NIE ZNALEZIONO STRONY W DANYCH;;;;;;NIEUSTALONE (wymaga zdjęć lub wizji lokalnej);;;;;;Do sprawdzenia;strony nie ma w danych mapy (do sprawdzenia);jeśli faktycznie brak: strona WWW;nie kontaktowano;OpenStreetMap (office=company, node/14181040251);2026-10-10
Biura i usługi B2B;C;2;Neways Technologies;Son en Breugel;Science Park Eindhoven 5525 5692EM;;NIE ZNALEZIONO STRONY W DANYCH;;;;;;NIEUSTALONE (wymaga zdjęć lub wizji lokalnej);;;;;;Do sprawdzenia;strony nie ma w danych mapy (do sprawdzenia);jeśli faktycznie brak: strona WWW;nie kontaktowano;OpenStreetMap (office=company, node/2785223366);2026-10-10
Biura i usługi B2B;C;2;Nippur;Oirschot;de Loop 40 5688EW;https://nippur.nl/;OK;tak;tak;;WordPress;LinkedIn, YouTube;NIEUSTALONE (wymaga zdjęć lub wizji lokalnej);rekrutuje;;;;;Podstawy online OK;;odzież/oklejenie dla nowych ludzi i aut;nie kontaktowano;OpenStreetMap (office=company, node/2825997409);2026-10-10
Biura i usługi B2B;C;2;Notariskantoor Broekmans;Eindhoven;Mahatma Gandhilaan 12 5653ML;;NIE ZNALEZIONO STRONY W DANYCH;;;;;;NIEUSTALONE (wymaga zdjęć lub wizji lokalnej);;;;;;Do sprawdzenia;strony nie ma w danych mapy (do sprawdzenia);jeśli faktycznie brak: strona WWW;nie kontaktowano;OpenStreetMap (office=notary, node/2712422018);2026-10-10
Biura i usługi B2B;C;2;NXP Semiconductors;Eindhoven;High Tech Campus 46 5656AE;;NIE ZNALEZIONO STRONY W DANYCH;;;;;;NIEUSTALONE (wymaga zdjęć lub wizji lokalnej);;;;;;Do sprawdzenia;strony nie ma w danych mapy (do sprawdzenia);jeśli faktycznie brak: strona WWW;nie kontaktowano;OpenStreetMap (office=company, node/2727651984);2026-10-10
Biura i usługi B2B;C;2;OAMKB Eindhoven & Gemert;Gemert;Scheiweg 26 5421XL;;NIE ZNALEZIONO STRONY W DANYCH;;;;;;NIEUSTALONE (wymaga zdjęć lub wizji lokalnej);;;;;;Do sprawdzenia;strony nie ma w danych mapy (do sprawdzenia);jeśli faktycznie brak: strona WWW;nie kontaktowano;OpenStreetMap (office=company, node/3014834266);2026-10-10
Biura i usługi B2B;C;2;OAMKB Eindhoven & Gemert;Eindhoven;Torenallee 20 5617BC;https://www.oamkb.nl/;OK;tak;tak;2026;;Facebook, Instagram, LinkedIn, YouTube;NIEUSTALONE (wymaga zdjęć lub wizji lokalnej);rekrutuje;;;;;Podstawy online OK;;odzież/oklejenie dla nowych ludzi i aut;nie kontaktowano;OpenStreetMap (office=accountant, node/4760027036);2026-10-10
Biura i usługi B2B;C;2;OBI;Eindhoven;Insulindelaan 111 5642CV;https://obi.nl/;OK;tak;tak;;WordPress;Facebook, LinkedIn;NIEUSTALONE (wymaga zdjęć lub wizji lokalnej);rekrutuje;;;;;Podstawy online OK;;odzież/oklejenie dla nowych ludzi i aut;nie kontaktowano;OpenStreetMap (office=it, node/2746549726);2026-10-10
Biura i usługi B2B;C;2;OGD Eindhoven;Eindhoven;Jan van Lieshoutstraat 23 5611EE;;NIE ZNALEZIONO STRONY W DANYCH;;;;;;NIEUSTALONE (wymaga zdjęć lub wizji lokalnej);;;;;;Do sprawdzenia;strony nie ma w danych mapy (do sprawdzenia);jeśli faktycznie brak: strona WWW;nie kontaktowano;OpenStreetMap (office=it, node/2765368215);2026-10-10
Biura i usługi B2B;C;2;Omines Full Service Internetbureau;Eindhoven;Luchthavenweg 81 5657EA;https://www.omines.nl/;OK;tak;tak;2026;;Facebook, Instagram, LinkedIn;NIEUSTALONE (wymaga zdjęć lub wizji lokalnej);rekrutuje;;;;;Podstawy online OK;;odzież/oklejenie dla nowych ludzi i aut;nie kontaktowano;OpenStreetMap (office=company, node/4695965200);2026-10-10
Biura i usługi B2B;C;2;Omnimac Consultancy;Eindhoven;Bredalaan 93 5652JC;https://www.omnimac.nl;OK;tak;tak;2026;;;NIEUSTALONE (wymaga zdjęć lub wizji lokalnej);;;;;;Częściowe braki;nie znaleziono social media na stronie;materiały do social media;nie kontaktowano;OpenStreetMap (office=consulting, node/2713938200);2026-10-10
Biura i usługi B2B;C;2;OnderhoudPlus;Son en Breugel;Science Park Eindhoven 5049 5692EB;https://www.onderhoudplus.nl;OK;tak;tak;;WordPress;Facebook, Instagram, LinkedIn, YouTube;NIEUSTALONE (wymaga zdjęć lub wizji lokalnej);rekrutuje;;;;;Podstawy online OK;;odzież/oklejenie dla nowych ludzi i aut;nie kontaktowano;OpenStreetMap (office=company, node/12895491060);2026-10-10
Biura i usługi B2B;C;2;Open Line Eindhoven;Eindhoven;Hurksestraat 29 5652AH;https://openline.nl/;OK;tak;tak;;;Facebook, LinkedIn, YouTube;NIEUSTALONE (wymaga zdjęć lub wizji lokalnej);rekrutuje;;;;;Podstawy online OK;;odzież/oklejenie dla nowych ludzi i aut;nie kontaktowano;OpenStreetMap (office=it, node/2713278883);2026-10-10
Biura i usługi B2B;C;2;Opleidingscentrum Brabant Water;Eindhoven;Antoon Coolenlaan 1A 5644RX;https://www.brabantwater.nl/;OK;tak;tak;;;Facebook, Instagram, LinkedIn;NIEUSTALONE (wymaga zdjęć lub wizji lokalnej);rekrutuje;;;;;Podstawy online OK;;odzież/oklejenie dla nowych ludzi i aut;nie kontaktowano;OpenStreetMap (office=company, node/2738008865);2026-10-10
Biura i usługi B2B;C;2;Optimum Sorting B.V.;Veldhoven;Habraken 1209 5507TB;https://www.optimum-sorting.com;OK;tak;tak;2026;WordPress;Facebook, Instagram, LinkedIn, YouTube;NIEUSTALONE (wymaga zdjęć lub wizji lokalnej);rekrutuje;;;;;Podstawy online OK;;odzież/oklejenie dla nowych ludzi i aut;nie kontaktowano;OpenStreetMap (office=company, node/13997362992);2026-10-10
Biura i usługi B2B;C;2;Palm Huisman Notarissen;Mierlo;Dorpsstraat 127 5731JH;;NIE ZNALEZIONO STRONY W DANYCH;;;;;;NIEUSTALONE (wymaga zdjęć lub wizji lokalnej);;;;;;Do sprawdzenia;strony nie ma w danych mapy (do sprawdzenia);jeśli faktycznie brak: strona WWW;nie kontaktowano;OpenStreetMap (office=notary, node/2876613314);2026-10-10
Biura i usługi B2B;C;2;Paradigit Hoofdkantoor;Eindhoven;Lodewijkstraat 46 5652AC;https://www.paradigit.nl;OK;tak;tak;;;Facebook, Instagram, YouTube;NIEUSTALONE (wymaga zdjęć lub wizji lokalnej);rekrutuje;;;;;Podstawy online OK;;odzież/oklejenie dla nowych ludzi i aut;nie kontaktowano;OpenStreetMap (office=company, node/950501962);2026-10-10
Biura i usługi B2B;C;2;Participatie Huis B.V.;Eindhoven;Castiliëlaan 8-07 5629CH;;NIE ZNALEZIONO STRONY W DANYCH;;;;;;NIEUSTALONE (wymaga zdjęć lub wizji lokalnej);;;;;;Do sprawdzenia;strony nie ma w danych mapy (do sprawdzenia);jeśli faktycznie brak: strona WWW;nie kontaktowano;OpenStreetMap (office=company, node/2744939972);2026-10-10
Biura i usługi B2B;C;2;People Work Service;Gemert;Ruijschenberghstraat 1 5421KR;https://www.peopleworkservice.nl;OK;tak;tak;2026;WordPress;Facebook, LinkedIn;NIEUSTALONE (wymaga zdjęć lub wizji lokalnej);rekrutuje;;;;;Podstawy online OK;;odzież/oklejenie dla nowych ludzi i aut;nie kontaktowano;OpenStreetMap (office=employment_agency, node/3005538853);2026-10-10
Biura i usługi B2B;C;2;Peter Jansen Verzekeringen;Veldhoven;Dorpstraat 37 5504HB;;NIE ZNALEZIONO STRONY W DANYCH;;;;;;NIEUSTALONE (wymaga zdjęć lub wizji lokalnej);;;;;;Do sprawdzenia;strony nie ma w danych mapy (do sprawdzenia);jeśli faktycznie brak: strona WWW;nie kontaktowano;OpenStreetMap (office=insurance, node/2833146856);2026-10-10
Biura i usługi B2B;C;2;Peters electro;Someren;Havenoord 1 5712BK;;NIE ZNALEZIONO STRONY W DANYCH;;;;;;NIEUSTALONE (wymaga zdjęć lub wizji lokalnej);;;;;;Do sprawdzenia;strony nie ma w danych mapy (do sprawdzenia);jeśli faktycznie brak: strona WWW;nie kontaktowano;OpenStreetMap (office=company, node/2851424413);2026-10-10
Biura i usługi B2B;C;2;PGZ Zorgverlening B.V.;Eindhoven;Castiliëlaan 8-12 5629CH;;NIE ZNALEZIONO STRONY W DANYCH;;;;;;NIEUSTALONE (wymaga zdjęć lub wizji lokalnej);;;;;;Do sprawdzenia;strony nie ma w danych mapy (do sprawdzenia);jeśli faktycznie brak: strona WWW;nie kontaktowano;OpenStreetMap (office=company, node/2744939977);2026-10-10
Biura i usługi B2B;C;2;Philips Design;;;;NIE ZNALEZIONO STRONY W DANYCH;;;;;;NIEUSTALONE (wymaga zdjęć lub wizji lokalnej);;;;;;Do sprawdzenia;strony nie ma w danych mapy (do sprawdzenia);jeśli faktycznie brak: strona WWW;nie kontaktowano;OpenStreetMap (office=company, node/10226246579);2026-10-10
Biura i usługi B2B;C;2;Philips Innovation Services;Eindhoven;High Tech Campus 7 5656AE;;NIE ZNALEZIONO STRONY W DANYCH;;;;;;NIEUSTALONE (wymaga zdjęć lub wizji lokalnej);;;;;;Do sprawdzenia;strony nie ma w danych mapy (do sprawdzenia);jeśli faktycznie brak: strona WWW;nie kontaktowano;OpenStreetMap (office=company, node/13180378162);2026-10-10
Biura i usługi B2B;C;2;Pipple;Eindhoven;Gashouder 36B 5613CR;https://pipple.nl;OK;tak;tak;2026;WordPress;Instagram, LinkedIn;NIEUSTALONE (wymaga zdjęć lub wizji lokalnej);rekrutuje;;;;;Podstawy online OK;;odzież/oklejenie dla nowych ludzi i aut;nie kontaktowano;OpenStreetMap (office=consulting, node/8926877866);2026-10-10
Biura i usługi B2B;C;2;Pit Makerlaars;Veldhoven;Dorpstraat 57 5504HB;;NIE ZNALEZIONO STRONY W DANYCH;;;;;;NIEUSTALONE (wymaga zdjęć lub wizji lokalnej);;;;;;Do sprawdzenia;strony nie ma w danych mapy (do sprawdzenia);jeśli faktycznie brak: strona WWW;nie kontaktowano;OpenStreetMap (office=estate_agent, node/6287108383);2026-10-10
Biura i usługi B2B;C;2;Plukon;Ommel;Ommelse Bos 5 5724AZ;https://www.plukon.nl/contact/plukon-ommel/;OK;tak;tak;;WordPress;Facebook;NIEUSTALONE (wymaga zdjęć lub wizji lokalnej);rekrutuje;;;;;Podstawy online OK;;odzież/oklejenie dla nowych ludzi i aut;nie kontaktowano;OpenStreetMap (office=company, node/2851650538);2026-10-10
Biura i usługi B2B;C;2;PostNL Pakketten;Son en Breugel;Ekkersrijt 3402 5692CK;;NIE ZNALEZIONO STRONY W DANYCH;;;;;;NIEUSTALONE (wymaga zdjęć lub wizji lokalnej);;;;;;Do sprawdzenia;strony nie ma w danych mapy (do sprawdzenia);jeśli faktycznie brak: strona WWW;nie kontaktowano;OpenStreetMap (office=company, node/9291476728);2026-10-10
Biura i usługi B2B;C;2;Pro Industry;Eindhoven;Lucas Gasselstraat 47 5611ST;https://pro-industry.nl/vestigingen/eindhoven;OK;tak;tak;2023;;Facebook, Instagram, LinkedIn, YouTube;NIEUSTALONE (wymaga zdjęć lub wizji lokalnej);rekrutuje;;;;;Podstawy online OK;;odzież/oklejenie dla nowych ludzi i aut;nie kontaktowano;OpenStreetMap (office=employment_agency, node/4680912117);2026-10-10
Biura i usługi B2B;C;2;Prysmian;Eindhoven;Zwaanstraat 3 5651CA;https://nl.prysmian.com;OK;tak;tak;2026;;Facebook, Instagram, LinkedIn, YouTube;NIEUSTALONE (wymaga zdjęć lub wizji lokalnej);rekrutuje;;;;;Podstawy online OK;;odzież/oklejenie dla nowych ludzi i aut;nie kontaktowano;OpenStreetMap (office=company, node/10175530732);2026-10-10
Biura i usługi B2B;C;2;QuConsult B.V.;Best;Ambachtsweg 14 5683CD;;NIE ZNALEZIONO STRONY W DANYCH;;;;;;NIEUSTALONE (wymaga zdjęć lub wizji lokalnej);;;;;;Do sprawdzenia;strony nie ma w danych mapy (do sprawdzenia);jeśli faktycznie brak: strona WWW;nie kontaktowano;OpenStreetMap (office=consulting, node/12546458866);2026-10-10
Biura i usługi B2B;C;2;Raaak Personeel;Eindhoven;Hertogstraat 33 5611PA;https://www.raaakpersoneel.nl/vestigingen/uitzendbureau-in-eindhoven;OK;tak;tak;;;Facebook, Instagram, LinkedIn, TikTok, YouTube;NIEUSTALONE (wymaga zdjęć lub wizji lokalnej);rekrutuje;;;;;Podstawy online OK;;odzież/oklejenie dla nowych ludzi i aut;nie kontaktowano;OpenStreetMap (office=employment_agency, node/2759418908);2026-10-10
Biura i usługi B2B;C;2;Rabobank;Boxtel;Bloemmolen 2 5281PH;;NIE ZNALEZIONO STRONY W DANYCH;;;;;;NIEUSTALONE (wymaga zdjęć lub wizji lokalnej);;;;;;Do sprawdzenia;strony nie ma w danych mapy (do sprawdzenia);jeśli faktycznie brak: strona WWW;nie kontaktowano;OpenStreetMap (office=financial, node/2791945879);2026-10-10
Biura i usługi B2B;C;2;Raedts;Eindhoven;Hurksestraat 26 5652AL;https://www.raedtsbv.nl;OK;tak;tak;;;Facebook, Instagram, LinkedIn;NIEUSTALONE (wymaga zdjęć lub wizji lokalnej);rekrutuje;;;;;Podstawy online OK;;odzież/oklejenie dla nowych ludzi i aut;nie kontaktowano;OpenStreetMap (office=company, node/2713236679);2026-10-10
Biura i usługi B2B;C;2;Reclameworks;Eindhoven;Leenderweg 125A 5614HM;;NIE ZNALEZIONO STRONY W DANYCH;;;;;;NIEUSTALONE (wymaga zdjęć lub wizji lokalnej);;;;;;Do sprawdzenia;strony nie ma w danych mapy (do sprawdzenia);jeśli faktycznie brak: strona WWW;nie kontaktowano;OpenStreetMap (office=advertising_agency, node/2758433782);2026-10-10
Biura i usługi B2B;C;2;Recrea;Eindhoven;Breitnerstraat 12 5611TV;;NIE ZNALEZIONO STRONY W DANYCH;;;;;;NIEUSTALONE (wymaga zdjęć lub wizji lokalnej);;;;;;Do sprawdzenia;strony nie ma w danych mapy (do sprawdzenia);jeśli faktycznie brak: strona WWW;nie kontaktowano;OpenStreetMap (office=employment_agency, node/2759644782);2026-10-10
Biura i usługi B2B;C;2;Reijrink Staalconstructie;Someren;Trasweg 6 5712BB;https://www.reijrink.com;OK;tak;tak;;;Facebook, Instagram, LinkedIn, YouTube;NIEUSTALONE (wymaga zdjęć lub wizji lokalnej);rekrutuje;;;;;Podstawy online OK;;odzież/oklejenie dla nowych ludzi i aut;nie kontaktowano;OpenStreetMap (office=company, node/2851436474);2026-10-10
Biura i usługi B2B;C;2;REMONDIS Recycling Son;Son en Breugel;Ekkersrijt 9004 5692KA;;NIE ZNALEZIONO STRONY W DANYCH;;;;;;NIEUSTALONE (wymaga zdjęć lub wizji lokalnej);;;;;;Do sprawdzenia;strony nie ma w danych mapy (do sprawdzenia);jeśli faktycznie brak: strona WWW;nie kontaktowano;OpenStreetMap (office=company, node/2798779070);2026-10-10
Biura i usługi B2B;C;2;Rhenus Warehousing Solutions (Son 2);Son en Breugel;Ekkersrijt 2066 5692BA;;NIE ZNALEZIONO STRONY W DANYCH;;;;;;NIEUSTALONE (wymaga zdjęć lub wizji lokalnej);;;;;;Do sprawdzenia;strony nie ma w danych mapy (do sprawdzenia);jeśli faktycznie brak: strona WWW;nie kontaktowano;OpenStreetMap (office=company, node/4840486662);2026-10-10
Biura i usługi B2B;C;2;Riano Eindhoven B.V.;Eindhoven;Rooijakkersstraat 5 5652BA;;NIE ZNALEZIONO STRONY W DANYCH;;;;;;NIEUSTALONE (wymaga zdjęć lub wizji lokalnej);;;;;;Do sprawdzenia;strony nie ma w danych mapy (do sprawdzenia);jeśli faktycznie brak: strona WWW;nie kontaktowano;OpenStreetMap (office=company, node/2713085107);2026-10-10
Biura i usługi B2B;C;2;Ronald van Kronenburg;Eindhoven;Urkhovenseweg 700 5641KX;https://www.ronaldvankronenburg.nl/;OK;tak;tak;;WordPress;;NIEUSTALONE (wymaga zdjęć lub wizji lokalnej);;;;;;Częściowe braki;nie znaleziono social media na stronie;materiały do social media;nie kontaktowano;OpenStreetMap (office=company, node/2767312436);2026-10-10
Biura i usługi B2B;C;2;Roscom;Eindhoven;Quinten Matsyslaan 79 5642JC;https://werkenbijroscom.nl;OK;tak;tak;2026;WordPress;Facebook, Instagram, LinkedIn;NIEUSTALONE (wymaga zdjęć lub wizji lokalnej);rekrutuje;;;;;Podstawy online OK;;odzież/oklejenie dla nowych ludzi i aut;nie kontaktowano;OpenStreetMap (office=advertising_agency, node/9698601398);2026-10-10
Biura i usługi B2B;C;2;Rotsvast;Eindhoven;Willemstraat 14 5611HD;https://www.rotsvast.nl/rotsvast-eindhoven/;OK;tak;tak;2026;;Facebook, Instagram, LinkedIn, YouTube;NIEUSTALONE (wymaga zdjęć lub wizji lokalnej);rekrutuje;;;;;Podstawy online OK;;odzież/oklejenie dla nowych ludzi i aut;nie kontaktowano;OpenStreetMap (office=estate_agent, node/2764499402);2026-10-10
Biura i usługi B2B;C;2;RR zwembaden;Eindhoven;Melkweg 56 5642CT;https://rrzwembaden.nl/;OK;tak;tak;2026;WordPress;;NIEUSTALONE (wymaga zdjęć lub wizji lokalnej);;;;;;Częściowe braki;nie znaleziono social media na stronie;materiały do social media;nie kontaktowano;OpenStreetMap (office=company, node/2722240696);2026-10-10
Biura i usługi B2B;C;2;Ruf Houtbriketten;Helmond;Jan de Withof 80 5709AK;;NIE ZNALEZIONO STRONY W DANYCH;;;;;;NIEUSTALONE (wymaga zdjęć lub wizji lokalnej);;;;;;Do sprawdzenia;strony nie ma w danych mapy (do sprawdzenia);jeśli faktycznie brak: strona WWW;nie kontaktowano;OpenStreetMap (office=company, node/2556772810);2026-10-10
Biura i usługi B2B;C;2;Saasen Groep;Mierlo;Bijenkorf 17 5731ST;https://www.saasen.nl;OK;tak;tak;2026;;Facebook, Instagram, LinkedIn, YouTube;NIEUSTALONE (wymaga zdjęć lub wizji lokalnej);rekrutuje;;;;;Podstawy online OK;;odzież/oklejenie dla nowych ludzi i aut;nie kontaktowano;OpenStreetMap (office=company, node/2876288433);2026-10-10
Biura i usługi B2B;C;2;Samen-wonen Vastgoed Makelaardij;;;;NIE ZNALEZIONO STRONY W DANYCH;;;;;;NIEUSTALONE (wymaga zdjęć lub wizji lokalnej);;;;;;Do sprawdzenia;strony nie ma w danych mapy (do sprawdzenia);jeśli faktycznie brak: strona WWW;nie kontaktowano;OpenStreetMap (office=estate_agent, node/3579525478);2026-10-10
Biura i usługi B2B;C;2;Sanders machinebouw;Liempde;Heidonk 5 5298VM;;NIE ZNALEZIONO STRONY W DANYCH;;;;;;NIEUSTALONE (wymaga zdjęć lub wizji lokalnej);;;;;;Do sprawdzenia;strony nie ma w danych mapy (do sprawdzenia);jeśli faktycznie brak: strona WWW;nie kontaktowano;OpenStreetMap (office=company, node/2792001608);2026-10-10
Biura i usługi B2B;C;2;Schepens Beton BV;Eersel;Meerheide 44 5521DZ;;NIE ZNALEZIONO STRONY W DANYCH;;;;;;NIEUSTALONE (wymaga zdjęć lub wizji lokalnej);;;;;;Do sprawdzenia;strony nie ma w danych mapy (do sprawdzenia);jeśli faktycznie brak: strona WWW;nie kontaktowano;OpenStreetMap (office=company, node/2827664684);2026-10-10
Biura i usługi B2B;C;2;Schäfer;Nuenen;Park 36 5671GA;https://notarisnodig.nl;OK;tak;tak;2026;WordPress;Facebook, Instagram, LinkedIn;NIEUSTALONE (wymaga zdjęć lub wizji lokalnej);rekrutuje;;;;;Podstawy online OK;;odzież/oklejenie dla nowych ludzi i aut;nie kontaktowano;OpenStreetMap (office=notary, node/2993828373) + wyszukiwarka;2026-10-10
Biura i usługi B2B;C;2;Send Solution;Eindhoven;Kanaaldijk-Noord 109E 5642JA;;NIE ZNALEZIONO STRONY W DANYCH;;;;;;NIEUSTALONE (wymaga zdjęć lub wizji lokalnej);;;;;;Do sprawdzenia;strony nie ma w danych mapy (do sprawdzenia);jeśli faktycznie brak: strona WWW;nie kontaktowano;OpenStreetMap (office=company, node/2745962970);2026-10-10
Biura i usługi B2B;C;2;Shimano;Eindhoven;High Tech Campus 92 5656AG;;NIE ZNALEZIONO STRONY W DANYCH;;;;;;NIEUSTALONE (wymaga zdjęć lub wizji lokalnej);;;;;;Do sprawdzenia;strony nie ma w danych mapy (do sprawdzenia);jeśli faktycznie brak: strona WWW;nie kontaktowano;OpenStreetMap (office=company, node/4490323757);2026-10-10
Biura i usługi B2B;C;2;Sieben Advocaten;Son en Breugel;Heistraat 6a 5691CA;https://www.siebenadvocaten.nl;OK;tak;tak;;WordPress;LinkedIn;NIEUSTALONE (wymaga zdjęć lub wizji lokalnej);rekrutuje;;;;;Podstawy online OK;;odzież/oklejenie dla nowych ludzi i aut;nie kontaktowano;OpenStreetMap (office=lawyer, node/4467649594);2026-10-10
Biura i usługi B2B;C;2;signetbreedband;Eindhoven;Achtseweg Zuid 241B 5651GW;https://www.signetbreedband.nl;OK;tak;tak;2026;;Facebook, Instagram, LinkedIn, YouTube;NIEUSTALONE (wymaga zdjęć lub wizji lokalnej);rekrutuje;;;;;Podstawy online OK;;odzież/oklejenie dla nowych ludzi i aut;nie kontaktowano;OpenStreetMap (office=company, node/8873171163);2026-10-10
Biura i usługi B2B;C;2;Signify;Eindhoven;High Tech Campus 48 5656AE;;NIE ZNALEZIONO STRONY W DANYCH;;;;;;NIEUSTALONE (wymaga zdjęć lub wizji lokalnej);;;;;;Do sprawdzenia;strony nie ma w danych mapy (do sprawdzenia);jeśli faktycznie brak: strona WWW;nie kontaktowano;OpenStreetMap (office=company, node/2727651985);2026-10-10
Biura i usługi B2B;C;2;Simac IT NL;Veldhoven;De Run 4250 5503LL;;NIE ZNALEZIONO STRONY W DANYCH;;;;;;NIEUSTALONE (wymaga zdjęć lub wizji lokalnej);;;;;;Do sprawdzenia;strony nie ma w danych mapy (do sprawdzenia);jeśli faktycznie brak: strona WWW;nie kontaktowano;OpenStreetMap (office=company, node/2830875808);2026-10-10
Biura i usługi B2B;C;2;Simac Triangle;Eindhoven;Hurksestraat 35 5652AH;https://www.simac.com/nl/simac-triangle;OK;tak;tak;;;Facebook, Instagram, LinkedIn;NIEUSTALONE (wymaga zdjęć lub wizji lokalnej);rekrutuje;;;;;Podstawy online OK;;odzież/oklejenie dla nowych ludzi i aut;nie kontaktowano;OpenStreetMap (office=company, node/2713278886) + wyszukiwarka;2026-10-10
Biura i usługi B2B;C;2;Simptel;Eindhoven;Avignonlaan 43 5627GA;;NIE ZNALEZIONO STRONY W DANYCH;;;;;;NIEUSTALONE (wymaga zdjęć lub wizji lokalnej);;;;;;Do sprawdzenia;strony nie ma w danych mapy (do sprawdzenia);jeśli faktycznie brak: strona WWW;nie kontaktowano;OpenStreetMap (office=company, node/2747686433);2026-10-10
Biura i usługi B2B;C;2;Slachthuis Henk van Kemenade;Asten;Laagveld 6 5721VV;;NIE ZNALEZIONO STRONY W DANYCH;;;;;;NIEUSTALONE (wymaga zdjęć lub wizji lokalnej);;;;;;Do sprawdzenia;strony nie ma w danych mapy (do sprawdzenia);jeśli faktycznie brak: strona WWW;nie kontaktowano;OpenStreetMap (office=company, node/2872187361);2026-10-10
Biura i usługi B2B;C;2;Slachthuis Tomassen Someren;Someren;Mortelweg 1 5711CW;;NIE ZNALEZIONO STRONY W DANYCH;;;;;;NIEUSTALONE (wymaga zdjęć lub wizji lokalnej);;;;;;Do sprawdzenia;strony nie ma w danych mapy (do sprawdzenia);jeśli faktycznie brak: strona WWW;nie kontaktowano;OpenStreetMap (office=company, node/2852566891);2026-10-10
Biura i usługi B2B;C;2;Slippens & Vermeer;;;;NIE ZNALEZIONO STRONY W DANYCH;;;;;;NIEUSTALONE (wymaga zdjęć lub wizji lokalnej);;;;;;Do sprawdzenia;strony nie ma w danych mapy (do sprawdzenia);jeśli faktycznie brak: strona WWW;nie kontaktowano;OpenStreetMap (office=estate_agent, node/11955722140);2026-10-10
Biura i usługi B2B;C;2;SMIT thermal solutions;Eindhoven;Luchthavenweg 10 5657EB;;NIE ZNALEZIONO STRONY W DANYCH;;;;;;NIEUSTALONE (wymaga zdjęć lub wizji lokalnej);;;;;;Do sprawdzenia;strony nie ma w danych mapy (do sprawdzenia);jeśli faktycznie brak: strona WWW;nie kontaktowano;OpenStreetMap (office=company, node/2730158360);2026-10-10
Biura i usługi B2B;C;2;Smurfit Kappa;Eindhoven;Zwaanstraat 1 5651CA;;NIE ZNALEZIONO STRONY W DANYCH;;;;;;NIEUSTALONE (wymaga zdjęć lub wizji lokalnej);;;;;;Do sprawdzenia;strony nie ma w danych mapy (do sprawdzenia);jeśli faktycznie brak: strona WWW;nie kontaktowano;OpenStreetMap (office=company, node/6600197951);2026-10-10
Biura i usługi B2B;C;2;Smurfitt Kappa - van Dam Golfkarton;Helmond;Sojadijk 1 5704RL;;NIE ZNALEZIONO STRONY W DANYCH;;;;;;NIEUSTALONE (wymaga zdjęć lub wizji lokalnej);;;;;;Do sprawdzenia;strony nie ma w danych mapy (do sprawdzenia);jeśli faktycznie brak: strona WWW;nie kontaktowano;OpenStreetMap (office=company, node/4753357981);2026-10-10
Biura i usługi B2B;C;2;Soetens Finance;Eindhoven;Dillenburgstraat 5D 5652AM;;NIE ZNALEZIONO STRONY W DANYCH;;;;;;NIEUSTALONE (wymaga zdjęć lub wizji lokalnej);;;;;;Do sprawdzenia;strony nie ma w danych mapy (do sprawdzenia);jeśli faktycznie brak: strona WWW;nie kontaktowano;OpenStreetMap (office=accountant, node/4457785665);2026-10-10
Biura i usługi B2B;C;2;Sogeti;Eindhoven;Limburglaan 24 5652AA;https://www.sogeti.nl;OK;tak;tak;2026;WordPress;Facebook, LinkedIn, YouTube;NIEUSTALONE (wymaga zdjęć lub wizji lokalnej);rekrutuje;;;;;Podstawy online OK;;odzież/oklejenie dla nowych ludzi i aut;nie kontaktowano;OpenStreetMap (office=it, node/13196430052);2026-10-10
Biura i usługi B2B;C;2;SolarUnie;Gemert;IJzerzijp 7 5421ZE;https://solarunie.nl/;OK;tak;tak;2026;;;NIEUSTALONE (wymaga zdjęć lub wizji lokalnej);;;;;;Częściowe braki;nie znaleziono social media na stronie;materiały do social media;nie kontaktowano;OpenStreetMap (office=company, node/5846292055);2026-10-10
Biura i usługi B2B;C;2;Spirotech;Helmond;Churchill-laan 52 5705BK;https://www.spirotech.nl/;OK;tak;tak;2026;;Facebook, Instagram, LinkedIn, YouTube;NIEUSTALONE (wymaga zdjęć lub wizji lokalnej);rekrutuje;;;;;Podstawy online OK;;odzież/oklejenie dla nowych ludzi i aut;nie kontaktowano;OpenStreetMap (office=company, node/2902560739);2026-10-10
Biura i usługi B2B;C;2;Stam + De Koning Bouw;Eindhoven;Dillenburgstraat 25A 5652AM;https://www.stamendekoning.nl/;OK;tak;tak;;;Facebook, Instagram, LinkedIn, YouTube;NIEUSTALONE (wymaga zdjęć lub wizji lokalnej);rekrutuje;;;;;Podstawy online OK;;odzież/oklejenie dla nowych ludzi i aut;nie kontaktowano;OpenStreetMap (office=company, node/2712980711);2026-10-10
Biura i usługi B2B;C;2;Stickerwinkel.nl;Veldhoven;Zandven 2A 5508RN;;NIE ZNALEZIONO STRONY W DANYCH;;;;;;NIEUSTALONE (wymaga zdjęć lub wizji lokalnej);;;;;;Do sprawdzenia;strony nie ma w danych mapy (do sprawdzenia);jeśli faktycznie brak: strona WWW;nie kontaktowano;OpenStreetMap (office=company, node/4490323748);2026-10-10
Biura i usługi B2B;C;2;Swart Legal;;;;NIE ZNALEZIONO STRONY W DANYCH;;;;;;NIEUSTALONE (wymaga zdjęć lub wizji lokalnej);;;;;;Do sprawdzenia;strony nie ma w danych mapy (do sprawdzenia);jeśli faktycznie brak: strona WWW;nie kontaktowano;OpenStreetMap (office=lawyer, node/12204960835);2026-10-10
Biura i usługi B2B;C;2;Sweco Architects;Eindhoven;Bogert 18 5612LZ;https://www.sweco.nl/;OK;tak;tak;2026;WordPress;Instagram, LinkedIn;NIEUSTALONE (wymaga zdjęć lub wizji lokalnej);rekrutuje;;;;;Podstawy online OK;;odzież/oklejenie dla nowych ludzi i aut;nie kontaktowano;OpenStreetMap (office=architect, node/4723884230) + wyszukiwarka;2026-10-10
Biura i usługi B2B;C;2;TAF;Eindhoven;Vestdijk 66 5611CE;https://www.taf.nl;OK;tak;tak;2026;;LinkedIn, YouTube;NIEUSTALONE (wymaga zdjęć lub wizji lokalnej);rekrutuje;;;;;Podstawy online OK;;odzież/oklejenie dla nowych ludzi i aut;nie kontaktowano;OpenStreetMap (office=insurance, node/2765283703);2026-10-10
Biura i usługi B2B;C;2;TAUW;Son en Breugel;Ekkersrijt 4008 5692DA;https://www.tauw.nl/;OK;tak;tak;2026;;Facebook, LinkedIn, YouTube;NIEUSTALONE (wymaga zdjęć lub wizji lokalnej);rekrutuje;;;;;Podstawy online OK;;odzież/oklejenie dla nowych ludzi i aut;nie kontaktowano;OpenStreetMap (office=company, node/2785222892);2026-10-10
Biura i usługi B2B;C;2;TE Webshops BV;Veldhoven;Zandven 2B 5508RN;;NIE ZNALEZIONO STRONY W DANYCH;;;;;;NIEUSTALONE (wymaga zdjęć lub wizji lokalnej);;;;;;Do sprawdzenia;strony nie ma w danych mapy (do sprawdzenia);jeśli faktycznie brak: strona WWW;nie kontaktowano;OpenStreetMap (office=company, node/4490323749);2026-10-10
Biura i usługi B2B;C;2;TEAM LEWIS;Eindhoven;Mahatma Gandhilaan 2 5653ML;;NIE ZNALEZIONO STRONY W DANYCH;;;;;;NIEUSTALONE (wymaga zdjęć lub wizji lokalnej);;;;;;Do sprawdzenia;strony nie ma w danych mapy (do sprawdzenia);jeśli faktycznie brak: strona WWW;nie kontaktowano;OpenStreetMap (office=advertising_agency, node/2712422176);2026-10-10
Biura i usługi B2B;C;2;Technisch buro wissing;Eindhoven;Dillenburgstraat 27C 5652AM;;NIE ZNALEZIONO STRONY W DANYCH;;;;;;NIEUSTALONE (wymaga zdjęć lub wizji lokalnej);;;;;;Do sprawdzenia;strony nie ma w danych mapy (do sprawdzenia);jeśli faktycznie brak: strona WWW;nie kontaktowano;OpenStreetMap (office=company, node/2712980736);2026-10-10
Biura i usługi B2B;C;2;Ten Brinke;Helmond;Europaweg 146 5707CL;https://www.tenbrinke.com;OK;tak;tak;;;Facebook, Instagram, LinkedIn, YouTube;NIEUSTALONE (wymaga zdjęć lub wizji lokalnej);rekrutuje;;;;;Podstawy online OK;;odzież/oklejenie dla nowych ludzi i aut;nie kontaktowano;OpenStreetMap (office=company, node/2898022629);2026-10-10
Biura i usługi B2B;C;2;Theo Driessen Instituut;Helmond;Willem Prinzenstraat 43 5701BC;;NIE ZNALEZIONO STRONY W DANYCH;;;;;;NIEUSTALONE (wymaga zdjęć lub wizji lokalnej);;;;;;Do sprawdzenia;strony nie ma w danych mapy (do sprawdzenia);jeśli faktycznie brak: strona WWW;nie kontaktowano;OpenStreetMap (office=company, node/2904095711);2026-10-10
Biura i usługi B2B;C;2;Theoriecentrum.nl;Eindhoven;Croy 22A 5653LD;;NIE ZNALEZIONO STRONY W DANYCH;;;;;;NIEUSTALONE (wymaga zdjęć lub wizji lokalnej);;;;;;Do sprawdzenia;strony nie ma w danych mapy (do sprawdzenia);jeśli faktycznie brak: strona WWW;nie kontaktowano;OpenStreetMap (office=company, node/8863402084);2026-10-10
Biura i usługi B2B;C;2;Thuis bij Eef;Helmond;Buizerdstraat 10 5702RR;;NIE ZNALEZIONO STRONY W DANYCH;;;;;;NIEUSTALONE (wymaga zdjęć lub wizji lokalnej);;;;;;Do sprawdzenia;strony nie ma w danych mapy (do sprawdzenia);jeśli faktycznie brak: strona WWW;nie kontaktowano;OpenStreetMap (office=company, node/2903139002);2026-10-10
Biura i usługi B2B;C;2;TNO;;;;NIE ZNALEZIONO STRONY W DANYCH;;;;;;NIEUSTALONE (wymaga zdjęć lub wizji lokalnej);;;;;;Do sprawdzenia;strony nie ma w danych mapy (do sprawdzenia);jeśli faktycznie brak: strona WWW;nie kontaktowano;OpenStreetMap (office=company, node/8308534824);2026-10-10
Biura i usługi B2B;C;2;Today administraties;Son en Breugel;Nieuwstraat 13 5691AA;https://www.today-administraties.nl/;OK;tak;tak;;WordPress;;NIEUSTALONE (wymaga zdjęć lub wizji lokalnej);;;;;;Częściowe braki;nie znaleziono social media na stronie;materiały do social media;nie kontaktowano;OpenStreetMap (office=accountant, node/2792747153);2026-10-10
Biura i usługi B2B;C;2;Topcon;Eindhoven;Beukenlaan 119 5616VC;;NIE ZNALEZIONO STRONY W DANYCH;;;;;;NIEUSTALONE (wymaga zdjęć lub wizji lokalnej);;;;;;Do sprawdzenia;strony nie ma w danych mapy (do sprawdzenia);jeśli faktycznie brak: strona WWW;nie kontaktowano;OpenStreetMap (office=company, node/4850302288);2026-10-10
Biura i usługi B2B;C;2;TPSolar;Veldhoven;Provincialeweg 80D 5503HJ;https://www.tpsolar.nl/;OK;tak;tak;;WordPress;Facebook, LinkedIn, YouTube;NIEUSTALONE (wymaga zdjęć lub wizji lokalnej);rekrutuje;;;;;Podstawy online OK;;odzież/oklejenie dla nowych ludzi i aut;nie kontaktowano;OpenStreetMap (office=company, node/2833182143);2026-10-10
Biura i usługi B2B;C;2;TSS4U;Eindhoven;Looyenbeemd 3a 5652BH;;NIE ZNALEZIONO STRONY W DANYCH;;;;;;NIEUSTALONE (wymaga zdjęć lub wizji lokalnej);;;;;;Do sprawdzenia;strony nie ma w danych mapy (do sprawdzenia);jeśli faktycznie brak: strona WWW;nie kontaktowano;OpenStreetMap (office=company, node/5924953486);2026-10-10
Biura i usługi B2B;C;2;Twenty two;Son en Breugel;Nieuwstraat 33a 5691AA;;NIE ZNALEZIONO STRONY W DANYCH;;;;;;NIEUSTALONE (wymaga zdjęć lub wizji lokalnej);;;;;;Do sprawdzenia;strony nie ma w danych mapy (do sprawdzenia);jeśli faktycznie brak: strona WWW;nie kontaktowano;OpenStreetMap (office=consulting, node/2792749504);2026-10-10
Biura i usługi B2B;C;2;Two-iT;Mierlo;Bijenkorf 11 5731ST;https://www.two-it.nl/;OK;tak;tak;2026;WordPress;;NIEUSTALONE (wymaga zdjęć lub wizji lokalnej);;;;;;Częściowe braki;nie znaleziono social media na stronie;materiały do social media;nie kontaktowano;OpenStreetMap (office=it, node/2876288417);2026-10-10
Biura i usługi B2B;C;2;TÜV Nord;Son en Breugel;Ekkersrijt 4401 5692DL;https://www.tuv.nl;OK;tak;tak;2026;;Facebook, Instagram, LinkedIn, TikTok, YouTube;NIEUSTALONE (wymaga zdjęć lub wizji lokalnej);rekrutuje;;;;;Podstawy online OK;;odzież/oklejenie dla nowych ludzi i aut;nie kontaktowano;OpenStreetMap (office=company, node/2785223074);2026-10-10
Biura i usługi B2B;C;2;Unique Uitzendbureau Bladel;Bladel;Sniederslaan 57A 5531EH;https://unique.nl/;OK;tak;tak;;;Facebook, Instagram, LinkedIn, TikTok;NIEUSTALONE (wymaga zdjęć lub wizji lokalnej);rekrutuje;;;;;Podstawy online OK;;odzież/oklejenie dla nowych ludzi i aut;nie kontaktowano;OpenStreetMap (office=employment_agency, node/2827068218);2026-10-10
Biura i usługi B2B;C;2;Ursan Verpakkingen BV;Veldhoven;Dorpstraat 12 5504HH;;NIE ZNALEZIONO STRONY W DANYCH;;;;;;NIEUSTALONE (wymaga zdjęć lub wizji lokalnej);;;;;;Do sprawdzenia;strony nie ma w danych mapy (do sprawdzenia);jeśli faktycznie brak: strona WWW;nie kontaktowano;OpenStreetMap (office=company, node/2833144286);2026-10-10
Biura i usługi B2B;C;2;UZN;Veldhoven;De Reijenburg 30 5501LD;;NIE ZNALEZIONO STRONY W DANYCH;;;;;;NIEUSTALONE (wymaga zdjęć lub wizji lokalnej);;;;;;Do sprawdzenia;strony nie ma w danych mapy (do sprawdzenia);jeśli faktycznie brak: strona WWW;nie kontaktowano;OpenStreetMap (office=employment_agency, node/2833324192);2026-10-10
Biura i usługi B2B;C;2;v.d. Bogaard b.v.;Geldrop;Spaarpot 143 5667KW;;NIE ZNALEZIONO STRONY W DANYCH;;;;;;NIEUSTALONE (wymaga zdjęć lub wizji lokalnej);;;;;;Do sprawdzenia;strony nie ma w danych mapy (do sprawdzenia);jeśli faktycznie brak: strona WWW;nie kontaktowano;OpenStreetMap (office=company, node/2872681016);2026-10-10
Biura i usługi B2B;C;2;Vacansoleil Nederland;Eindhoven;Croy 25 5653LC;;NIE ZNALEZIONO STRONY W DANYCH;;;;;;NIEUSTALONE (wymaga zdjęć lub wizji lokalnej);;;;;;Do sprawdzenia;strony nie ma w danych mapy (do sprawdzenia);jeśli faktycznie brak: strona WWW;nie kontaktowano;OpenStreetMap (office=company, node/2711198047);2026-10-10
Biura i usługi B2B;C;2;Valkveranda.nl;Eindhoven;Dillenburgstraat 19 5652AM;;NIE ZNALEZIONO STRONY W DANYCH;;;;;;NIEUSTALONE (wymaga zdjęć lub wizji lokalnej);;;;;;Do sprawdzenia;strony nie ma w danych mapy (do sprawdzenia);jeśli faktycznie brak: strona WWW;nie kontaktowano;OpenStreetMap (office=company, node/4752371293);2026-10-10
Biura i usługi B2B;C;2;Van Berkel Biomassa & Bodemproducten;Wintelre;Scherpenering 23 5513RA;https://www.vanberkelbiomassaenbodemproducten.nl;OK;tak;tak;;WordPress;Facebook, Instagram, LinkedIn, YouTube;NIEUSTALONE (wymaga zdjęć lub wizji lokalnej);rekrutuje;;;;;Podstawy online OK;;odzież/oklejenie dla nowych ludzi i aut;nie kontaktowano;OpenStreetMap (office=company, node/2828584154);2026-10-10
Biura i usługi B2B;C;2;Van Berkel Bouwstoffen & Transport;Eindhoven;Park Forum 1344 5657HM;https://www.vanberkelbouwstoffenentransport.nl;OK;tak;tak;;WordPress;Facebook, Instagram, LinkedIn, YouTube;NIEUSTALONE (wymaga zdjęć lub wizji lokalnej);rekrutuje;;;;;Podstawy online OK;;odzież/oklejenie dla nowych ludzi i aut;nie kontaktowano;OpenStreetMap (office=company, node/4742756102);2026-10-10
Biura i usługi B2B;C;2;Van Berkel Landschap & Infra;Sint-Oedenrode;Kremselen 14a 5492SJ;https://www.vanberkellandschapeninfra.nl;OK;tak;tak;;WordPress;Facebook, Instagram, LinkedIn, YouTube;NIEUSTALONE (wymaga zdjęć lub wizji lokalnej);rekrutuje;;;;;Podstawy online OK;;odzież/oklejenie dla nowych ludzi i aut;nie kontaktowano;OpenStreetMap (office=company, node/2796098401);2026-10-10
Biura i usługi B2B;C;2;Van de Klok;Eindhoven;Flight Forum 146 5657DD;https://vandeklok.nl;OK;tak;tak;;;Facebook, Instagram, LinkedIn, YouTube;NIEUSTALONE (wymaga zdjęć lub wizji lokalnej);rekrutuje;;;;;Podstawy online OK;;odzież/oklejenie dla nowych ludzi i aut;nie kontaktowano;OpenStreetMap (office=company, node/5491931154);2026-10-10
Biura i usługi B2B;C;2;Van de Schans Makelaardij B.V.;Veldhoven;Blaarthemseweg 2 5502JV;;NIE ZNALEZIONO STRONY W DANYCH;;;;;;NIEUSTALONE (wymaga zdjęć lub wizji lokalnej);;;;;;Do sprawdzenia;strony nie ma w danych mapy (do sprawdzenia);jeśli faktycznie brak: strona WWW;nie kontaktowano;OpenStreetMap (office=estate_agent, node/2833323390);2026-10-10
Biura i usługi B2B;C;2;Van den Akker Cleaning and Inpsection Services bv;Deurne;Dubloen 7 5751PX;;NIE ZNALEZIONO STRONY W DANYCH;;;;;;NIEUSTALONE (wymaga zdjęć lub wizji lokalnej);;;;;;Do sprawdzenia;strony nie ma w danych mapy (do sprawdzenia);jeśli faktycznie brak: strona WWW;nie kontaktowano;OpenStreetMap (office=company, node/2872344244);2026-10-10
Biura i usługi B2B;C;2;Van den Boogaard Vlechtwerken;Best;Grasklokje 69 5684HE;;NIE ZNALEZIONO STRONY W DANYCH;;;;;;NIEUSTALONE (wymaga zdjęć lub wizji lokalnej);;;;;;Do sprawdzenia;strony nie ma w danych mapy (do sprawdzenia);jeśli faktycznie brak: strona WWW;nie kontaktowano;OpenStreetMap (office=company, node/2736333159);2026-10-10
Biura i usługi B2B;C;2;Van den Broek Logisitics;Helmond;Vossenbeemd 112 5705CL;;NIE ZNALEZIONO STRONY W DANYCH;;;;;;NIEUSTALONE (wymaga zdjęć lub wizji lokalnej);;;;;;Do sprawdzenia;strony nie ma w danych mapy (do sprawdzenia);jeśli faktycznie brak: strona WWW;nie kontaktowano;OpenStreetMap (office=company, node/2902557305);2026-10-10
Biura i usługi B2B;C;2;Van den Broek Logistics;Helmond;Lage Dijk 24 5705BZ;https://www.broeklogistics.nl/;OK;tak;tak;2026;WordPress;Facebook, Instagram, YouTube;NIEUSTALONE (wymaga zdjęć lub wizji lokalnej);rekrutuje;;;;;Podstawy online OK;;odzież/oklejenie dla nowych ludzi i aut;nie kontaktowano;OpenStreetMap (office=company, node/2902558540);2026-10-10
Biura i usługi B2B;C;2;Van der Zanden;Moergestel;Zandstraat 14A 5066CA;https://www.vanderzanden.nl;OK;tak;tak;2026;WordPress;Facebook, Instagram, LinkedIn;NIEUSTALONE (wymaga zdjęć lub wizji lokalnej);rekrutuje;;;;;Podstawy online OK;;odzież/oklejenie dla nowych ludzi i aut;nie kontaktowano;OpenStreetMap (office=company, node/5848942551);2026-10-10
Biura i usługi B2B;C;2;Van Ekelen & Poort;Eindhoven;Paradijslaan 32 5611KN;;NIE ZNALEZIONO STRONY W DANYCH;;;;;;NIEUSTALONE (wymaga zdjęć lub wizji lokalnej);;;;;;Do sprawdzenia;strony nie ma w danych mapy (do sprawdzenia);jeśli faktycznie brak: strona WWW;nie kontaktowano;OpenStreetMap (office=company, node/11214253062);2026-10-10
Biura i usługi B2B;C;2;Van Helvoort Makelaardij;Gemert;Ridderplein 5 5421CV;https://www.vanhelvoortmakelaardij.nl;OK;tak;tak;2026;WordPress;Facebook, Instagram, LinkedIn;NIEUSTALONE (wymaga zdjęć lub wizji lokalnej);rekrutuje;;;;;Podstawy online OK;;odzież/oklejenie dla nowych ludzi i aut;nie kontaktowano;OpenStreetMap (office=estate_agent, node/3005553356);2026-10-10
Biura i usługi B2B;C;2;Van Kasteren Makelaardij;Veldhoven;Dorpstraat 16 5504HH;;NIE ZNALEZIONO STRONY W DANYCH;;;;;;NIEUSTALONE (wymaga zdjęć lub wizji lokalnej);;;;;;Do sprawdzenia;strony nie ma w danych mapy (do sprawdzenia);jeśli faktycznie brak: strona WWW;nie kontaktowano;OpenStreetMap (office=estate_agent, node/6287110986);2026-10-10
Biura i usługi B2B;C;2;Van Lith Gerechtsdeurwaarders en Incasso;Eindhoven;Beemdstraat 31 5653MA;;NIE ZNALEZIONO STRONY W DANYCH;;;;;;NIEUSTALONE (wymaga zdjęć lub wizji lokalnej);;;;;;Do sprawdzenia;strony nie ma w danych mapy (do sprawdzenia);jeśli faktycznie brak: strona WWW;nie kontaktowano;OpenStreetMap (office=accountant, node/2712422425);2026-10-10
Biura i usługi B2B;C;2;Van Loon Group;Son en Breugel;Ekkersrijt 8825 5692JW;;NIE ZNALEZIONO STRONY W DANYCH;;;;;;NIEUSTALONE (wymaga zdjęć lub wizji lokalnej);;;;;;Do sprawdzenia;strony nie ma w danych mapy (do sprawdzenia);jeśli faktycznie brak: strona WWW;nie kontaktowano;OpenStreetMap (office=company, node/5256489895);2026-10-10
Biura i usługi B2B;C;2;Van Rooi Meat;Helmond;Roggedijk 4 5704RH;https://www.vanrooi.com;OK;tak;tak;2026;WordPress;Facebook, Instagram, LinkedIn, YouTube;NIEUSTALONE (wymaga zdjęć lub wizji lokalnej);rekrutuje;;;;;Podstawy online OK;;odzież/oklejenie dla nowych ludzi i aut;nie kontaktowano;OpenStreetMap (office=company, node/2902838850);2026-10-10
Biura i usługi B2B;C;2;Van Santvoort makelaars;Eindhoven;Boutenslaan 195A 5654AN;https://www.vansantvoort.nl;OK;tak;tak;2026;WordPress;Facebook, Instagram, LinkedIn;NIEUSTALONE (wymaga zdjęć lub wizji lokalnej);rekrutuje;;;;;Podstawy online OK;;odzież/oklejenie dla nowych ludzi i aut;nie kontaktowano;OpenStreetMap (office=estate_agent, node/8594883965);2026-10-10
Biura i usługi B2B;C;2;Van Wijnen;Eindhoven;Boschdijk 770 5624CL;https://www.vanwijnen.nl/locaties/eindhoven/;OK;tak;tak;;;Facebook, Instagram, LinkedIn;NIEUSTALONE (wymaga zdjęć lub wizji lokalnej);rekrutuje;;;;;Podstawy online OK;;odzież/oklejenie dla nowych ludzi i aut;nie kontaktowano;OpenStreetMap (office=company, node/4760027822);2026-10-10
Biura i usługi B2B;C;2;Variant Schoonmaakservice Deurne;Deurne;Dubloen 8 5751PX;;NIE ZNALEZIONO STRONY W DANYCH;;;;;;NIEUSTALONE (wymaga zdjęć lub wizji lokalnej);;;;;;Do sprawdzenia;strony nie ma w danych mapy (do sprawdzenia);jeśli faktycznie brak: strona WWW;nie kontaktowano;OpenStreetMap (office=company, node/2872344532);2026-10-10
Biura i usługi B2B;C;2;VDL De Meeuw;Oirschot;Industrieweg 8 5688DP;https://vdldemeeuw.com/;OK;tak;tak;2026;WordPress;Facebook, Instagram, LinkedIn, YouTube;NIEUSTALONE (wymaga zdjęć lub wizji lokalnej);rekrutuje;;;;;Podstawy online OK;;odzież/oklejenie dla nowych ludzi i aut;nie kontaktowano;OpenStreetMap (office=company, node/2825836241);2026-10-10
Biura i usługi B2B;C;2;VDL ETG Precision;Eindhoven;Hurksestraat 13 5652AH;https://www.vdletg.com/;OK;tak;tak;;;YouTube;NIEUSTALONE (wymaga zdjęć lub wizji lokalnej);rekrutuje;;;;;Podstawy online OK;;odzież/oklejenie dla nowych ludzi i aut;nie kontaktowano;OpenStreetMap (office=company, node/2713191183) + wyszukiwarka + wyszukiwarka + wyszukiwarka;2026-10-10
Biura i usługi B2B;C;2;VDL Groep;Eindhoven;Hoevenweg 1 5652AW;https://www.vdlgroep.com/nl;OK;tak;tak;;;Facebook, Instagram, LinkedIn, YouTube;NIEUSTALONE (wymaga zdjęć lub wizji lokalnej);rekrutuje;;;;;Podstawy online OK;;odzież/oklejenie dla nowych ludzi i aut;nie kontaktowano;OpenStreetMap (office=company, node/2712964061);2026-10-10
Biura i usługi B2B;C;2;VDL Industrial Modules;Helmond;Brandevoortse Dreef 4 5707DG;https://www.vdlindustrialmodules.nl;OK;tak;tak;;;LinkedIn;NIEUSTALONE (wymaga zdjęć lub wizji lokalnej);rekrutuje;;;;;Podstawy online OK;;odzież/oklejenie dla nowych ludzi i aut;nie kontaktowano;OpenStreetMap (office=company, node/2885842990);2026-10-10
Biura i usługi B2B;C;2;VDL Packaging;Eindhoven;Langendijk 10 5652AX;;NIE ZNALEZIONO STRONY W DANYCH;;;;;;NIEUSTALONE (wymaga zdjęć lub wizji lokalnej);;;;;;Do sprawdzenia;strony nie ma w danych mapy (do sprawdzenia);jeśli faktycznie brak: strona WWW;nie kontaktowano;OpenStreetMap (office=company, node/2712964062);2026-10-10
Biura i usługi B2B;C;2;VDM Machined Components;;;;NIE ZNALEZIONO STRONY W DANYCH;;;;;;NIEUSTALONE (wymaga zdjęć lub wizji lokalnej);;;;;;Do sprawdzenia;strony nie ma w danych mapy (do sprawdzenia);jeśli faktycznie brak: strona WWW;nie kontaktowano;OpenStreetMap (office=company, node/12539009586);2026-10-10
Biura i usługi B2B;C;2;Veldsink - Bekx Adviesgroep;Mierlo;Marktstraat 18 5731HW;https://www.veldsink.nl/;OK;tak;tak;;WordPress;Facebook, Instagram, LinkedIn, YouTube;NIEUSTALONE (wymaga zdjęć lub wizji lokalnej);rekrutuje;;;;;Podstawy online OK;;odzież/oklejenie dla nowych ludzi i aut;nie kontaktowano;OpenStreetMap (office=insurance, node/2876722207) + wyszukiwarka;2026-10-10
Biura i usługi B2B;C;2;Verbakel Party & More;Mierlo;Industrieweg 48A 5731HR;https://verbakelparty.nl/;OK;tak;tak;;WordPress;Facebook;NIEUSTALONE (wymaga zdjęć lub wizji lokalnej);sklep online;;;;;Podstawy online OK;;;nie kontaktowano;OpenStreetMap (office=company, node/2876570928);2026-10-10
Biura i usługi B2B;C;2;Versfeld;Eindhoven;Saturnusweg 10 5632GP;;NIE ZNALEZIONO STRONY W DANYCH;;;;;;NIEUSTALONE (wymaga zdjęć lub wizji lokalnej);;;;;;Do sprawdzenia;strony nie ma w danych mapy (do sprawdzenia);jeśli faktycznie brak: strona WWW;nie kontaktowano;OpenStreetMap (office=company, node/2752514830);2026-10-10
Biura i usługi B2B;C;2;Vescom Velvets;Helmond;Kanaaldijk N.W. 61 5707LC;;NIE ZNALEZIONO STRONY W DANYCH;;;;;;NIEUSTALONE (wymaga zdjęć lub wizji lokalnej);;;;;;Do sprawdzenia;strony nie ma w danych mapy (do sprawdzenia);jeśli faktycznie brak: strona WWW;nie kontaktowano;OpenStreetMap (office=company, node/2902886917);2026-10-10
Biura i usługi B2B;C;2;Vimec;Eindhoven;Freddy van Riemsdijkweg 8 5657EE;https://vimec.nl/;OK;tak;tak;;WordPress;;NIEUSTALONE (wymaga zdjęć lub wizji lokalnej);;;;;;Częściowe braki;nie znaleziono social media na stronie;materiały do social media;nie kontaktowano;OpenStreetMap (office=company, node/4695966611);2026-10-10
Biura i usługi B2B;C;2;VitalFluid;;;;NIE ZNALEZIONO STRONY W DANYCH;;;;;;NIEUSTALONE (wymaga zdjęć lub wizji lokalnej);;;;;;Do sprawdzenia;strony nie ma w danych mapy (do sprawdzenia);jeśli faktycznie brak: strona WWW;nie kontaktowano;OpenStreetMap (office=company, node/10868006157);2026-10-10
Biura i usługi B2B;C;2;Vossen;;;;NIE ZNALEZIONO STRONY W DANYCH;;;;;;NIEUSTALONE (wymaga zdjęć lub wizji lokalnej);;;;;;Do sprawdzenia;strony nie ma w danych mapy (do sprawdzenia);jeśli faktycznie brak: strona WWW;nie kontaktowano;OpenStreetMap (office=tax_advisor, node/11955520612);2026-10-10
Biura i usługi B2B;C;2;Votex Bison Material;Eindhoven;Croy 30 5653LD;;NIE ZNALEZIONO STRONY W DANYCH;;;;;;NIEUSTALONE (wymaga zdjęć lub wizji lokalnej);;;;;;Do sprawdzenia;strony nie ma w danych mapy (do sprawdzenia);jeśli faktycznie brak: strona WWW;nie kontaktowano;OpenStreetMap (office=company, node/2711149819);2026-10-10
Biura i usługi B2B;C;2;VSA;Oirschot;de Scheper 402 5688HP;;NIE ZNALEZIONO STRONY W DANYCH;;;;;;NIEUSTALONE (wymaga zdjęć lub wizji lokalnej);;;;;;Do sprawdzenia;strony nie ma w danych mapy (do sprawdzenia);jeśli faktycznie brak: strona WWW;nie kontaktowano;OpenStreetMap (office=company, node/4433338368);2026-10-10
Biura i usługi B2B;C;2;w&e van kasteren;Helmond;Kanaaldijk N.O. 104B 5702NW;;NIE ZNALEZIONO STRONY W DANYCH;;;;;;NIEUSTALONE (wymaga zdjęć lub wizji lokalnej);;;;;;Do sprawdzenia;strony nie ma w danych mapy (do sprawdzenia);jeśli faktycznie brak: strona WWW;nie kontaktowano;OpenStreetMap (office=company, node/2903186288);2026-10-10
Biura i usługi B2B;C;2;We Invent It;Lieshout;Papenhoef 21l 5737BS;https://www.weinventit.nl/;OK;tak;tak;2026;WordPress;;NIEUSTALONE (wymaga zdjęć lub wizji lokalnej);;;;;;Częściowe braki;nie znaleziono social media na stronie;materiały do social media;nie kontaktowano;OpenStreetMap (office=company, node/4524420569);2026-10-10
Biura i usługi B2B;C;2;Webist;Eindhoven;Harpstraat 38 5642RB;;NIE ZNALEZIONO STRONY W DANYCH;;;;;;NIEUSTALONE (wymaga zdjęć lub wizji lokalnej);;;;;;Do sprawdzenia;strony nie ma w danych mapy (do sprawdzenia);jeśli faktycznie brak: strona WWW;nie kontaktowano;OpenStreetMap (office=company, node/3189692938);2026-10-10
Biura i usługi B2B;C;2;WeFact;Eersel;Markt 50 5521AN;https://wefact.nl;OK;tak;tak;;;Facebook, Instagram, LinkedIn, YouTube;NIEUSTALONE (wymaga zdjęć lub wizji lokalnej);rekrutuje;;;;;Podstawy online OK;;odzież/oklejenie dla nowych ludzi i aut;nie kontaktowano;OpenStreetMap (office=it, node/2828644375);2026-10-10
Biura i usługi B2B;C;2;Werken in de Kempen;Hapert;Oude Provincialeweg 68 5527BR;https://werkenindekempen.nl/;OK;tak;tak;2026;;Facebook, Instagram, LinkedIn, TikTok, YouTube;NIEUSTALONE (wymaga zdjęć lub wizji lokalnej);rekrutuje;;;;;Podstawy online OK;;odzież/oklejenie dla nowych ludzi i aut;nie kontaktowano;OpenStreetMap (office=employment_agency, node/2827409664);2026-10-10
Biura i usługi B2B;C;2;WG-Accountants;Valkenswaard;Klaverbeemd 2 5551HH;;NIE ZNALEZIONO STRONY W DANYCH;;;;;;NIEUSTALONE (wymaga zdjęć lub wizji lokalnej);;;;;;Do sprawdzenia;strony nie ma w danych mapy (do sprawdzenia);jeśli faktycznie brak: strona WWW;nie kontaktowano;OpenStreetMap (office=accountant, node/2829173315);2026-10-10
Biura i usługi B2B;C;2;WG-Accountants;Valkenswaard;Dragonder 15A 5554GM;;NIE ZNALEZIONO STRONY W DANYCH;;;;;;NIEUSTALONE (wymaga zdjęć lub wizji lokalnej);;;;;;Do sprawdzenia;strony nie ma w danych mapy (do sprawdzenia);jeśli faktycznie brak: strona WWW;nie kontaktowano;OpenStreetMap (office=accountant, node/6178083349);2026-10-10
Biura i usługi B2B;C;2;WillemsenU;Eindhoven;Groenstraat 6 5642CB;https://willemsenu.nl;OK;tak;tak;;WordPress;LinkedIn;NIEUSTALONE (wymaga zdjęć lub wizji lokalnej);rekrutuje;;;;;Podstawy online OK;;odzież/oklejenie dla nowych ludzi i aut;nie kontaktowano;OpenStreetMap (office=architect, node/2746550339);2026-10-10
Biura i usługi B2B;C;2;Wocom;Someren;Witvrouwenbergweg 2 5711CN;;NIE ZNALEZIONO STRONY W DANYCH;;;;;;NIEUSTALONE (wymaga zdjęć lub wizji lokalnej);;;;;;Do sprawdzenia;strony nie ma w danych mapy (do sprawdzenia);jeśli faktycznie brak: strona WWW;nie kontaktowano;OpenStreetMap (office=lawyer, node/2852575187);2026-10-10
Biura i usługi B2B;C;2;Woodfield Eindhoven;Eindhoven;Langendijk 15 5652AX;;NIE ZNALEZIONO STRONY W DANYCH;;;;;;NIEUSTALONE (wymaga zdjęć lub wizji lokalnej);;;;;;Do sprawdzenia;strony nie ma w danych mapy (do sprawdzenia);jeśli faktycznie brak: strona WWW;nie kontaktowano;OpenStreetMap (office=company, node/2712973537);2026-10-10
Biura i usługi B2B;C;2;Woonzorg Eindhoven B.V.;Eindhoven;Castiliëlaan 8-05 5629CH;;NIE ZNALEZIONO STRONY W DANYCH;;;;;;NIEUSTALONE (wymaga zdjęć lub wizji lokalnej);;;;;;Do sprawdzenia;strony nie ma w danych mapy (do sprawdzenia);jeśli faktycznie brak: strona WWW;nie kontaktowano;OpenStreetMap (office=company, node/2744939970);2026-10-10
Biura i usługi B2B;C;2;Wouters Parket;Eindhoven;Dillenburgstraat 23 5652AM;;NIE ZNALEZIONO STRONY W DANYCH;;;;;;NIEUSTALONE (wymaga zdjęć lub wizji lokalnej);;;;;;Do sprawdzenia;strony nie ma w danych mapy (do sprawdzenia);jeśli faktycznie brak: strona WWW;nie kontaktowano;OpenStreetMap (office=company, node/2713085102);2026-10-10
Biura i usługi B2B;C;2;XGOUD;Eindhoven;Piuslaan 26 5614CM;https://www.xgoud.nl/;OK;tak;tak;2026;;Facebook, Instagram, LinkedIn, YouTube;NIEUSTALONE (wymaga zdjęć lub wizji lokalnej);rekrutuje;;;;;Podstawy online OK;;odzież/oklejenie dla nowych ludzi i aut;nie kontaktowano;OpenStreetMap (office=company, node/2759318053);2026-10-10
Biura i usługi B2B;C;2;Zafrira;Best;Fabrieksweg 32A 5683PP;;NIE ZNALEZIONO STRONY W DANYCH;;;;;;NIEUSTALONE (wymaga zdjęć lub wizji lokalnej);;;;;;Do sprawdzenia;strony nie ma w danych mapy (do sprawdzenia);jeśli faktycznie brak: strona WWW;nie kontaktowano;OpenStreetMap (office=it, node/1949646144);2026-10-10
Biura i usługi B2B;C;1;AAE;Helmond;Grasbeemd 2 5705DG;https://www.aae.tech/;OK;tak;tak;2026;;Facebook, Instagram, LinkedIn, YouTube;NIEUSTALONE (wymaga zdjęć lub wizji lokalnej);;;;;;Podstawy online OK;;;nie kontaktowano;OpenStreetMap (office=company, node/2902382672);2026-10-10
Biura i usługi B2B;C;1;AB Makelaars;Eindhoven;Kathodelaan 22 5651HC;https://www.abmakelaars.nl;OK;tak;tak;2026;WordPress;Facebook, Instagram, LinkedIn;NIEUSTALONE (wymaga zdjęć lub wizji lokalnej);;;;;;Podstawy online OK;;;nie kontaktowano;OpenStreetMap (office=estate_agent, node/2735008988);2026-10-10
Biura i usługi B2B;C;1;Acadon;Bergeijk;Stökskesweg 9 5571TJ;https://www.acadon.net;OK;tak;tak;2024;WordPress;Facebook, Instagram, LinkedIn, YouTube;NIEUSTALONE (wymaga zdjęć lub wizji lokalnej);;;;;;Podstawy online OK;;;nie kontaktowano;OpenStreetMap (office=it, node/2829075373);2026-10-10
Biura i usługi B2B;C;1;Ahrend;Sint-Oedenrode;Kofferen 60 5492BP;https://www.ahrend.com/;OK;tak;tak;;;Facebook, Instagram, LinkedIn, YouTube;NIEUSTALONE (wymaga zdjęć lub wizji lokalnej);;;;;;Podstawy online OK;;;nie kontaktowano;OpenStreetMap (office=company, node/2796130848);2026-10-10
Biura i usługi B2B;C;1;Allseas;Eindhoven;Gabriël Metsulaan 4B 5611SP;https://allseas.com/;OK;tak;tak;;;Facebook, Instagram, LinkedIn;NIEUSTALONE (wymaga zdjęć lub wizji lokalnej);;;;;;Podstawy online OK;;;nie kontaktowano;OpenStreetMap (office=company, node/2759646232);2026-10-10
Biura i usługi B2B;C;1;ALTEN;Eindhoven;Hurksestraat 45 5652AH;https://www.alten.nl/;NIEUSTALONE (blokada robotów);;;;;;NIEUSTALONE (wymaga zdjęć lub wizji lokalnej);;;;;;Nieustalone;;;nie kontaktowano;OpenStreetMap (office=company, node/2713278891);2026-10-10
Biura i usługi B2B;C;1;Amplify;Mierlo;Brugstraat 81 5731HG;https://amplifybv.nl/;OK;tak;tak;;WordPress;Facebook, Instagram, YouTube;NIEUSTALONE (wymaga zdjęć lub wizji lokalnej);;;;;;Podstawy online OK;;;nie kontaktowano;OpenStreetMap (office=company, node/9656671916);2026-10-10
Biura i usługi B2B;C;1;Apert Advies;Mierlo;Ambachtweg 75 5731AE;https://www.apert-advies.nl/;NIEUSTALONE (brak połączenia z mojego środowiska);;;;;;NIEUSTALONE (wymaga zdjęć lub wizji lokalnej);;;;;;Nieustalone;;;nie kontaktowano;OpenStreetMap (office=accountant, node/2876288499);2026-10-10
Biura i usługi B2B;C;1;Arveco B.V.;Helmond;Rooseindsestraat 29 5705BP;https://www.arveco.nl/;OK;tak;tak;2025;;Facebook, Instagram, LinkedIn;NIEUSTALONE (wymaga zdjęć lub wizji lokalnej);;;;;;Podstawy online OK;;;nie kontaktowano;OpenStreetMap (office=company, node/2902559007);2026-10-10
Biura i usługi B2B;C;1;ASML Netherlands B.V.;Veldhoven;De Run 6501 5504DR;https://www.asml.com;OK;tak;tak;2026;;Facebook, Instagram, LinkedIn, YouTube;NIEUSTALONE (wymaga zdjęć lub wizji lokalnej);;;;;;Podstawy online OK;;;nie kontaktowano;OpenStreetMap (office=company, node/2189108829) + wyszukiwarka;2026-10-10
Biura i usługi B2B;C;1;Axelera AI;;;https://axelera.ai/;OK;tak;tak;2026;;LinkedIn, YouTube;NIEUSTALONE (wymaga zdjęć lub wizji lokalnej);;;;;;Podstawy online OK;;;nie kontaktowano;OpenStreetMap (office=company, node/13386070800);2026-10-10
Biura i usługi B2B;C;1;Ballast Nedam Zuid;Eindhoven;Limburglaan 24 5652AA;https://www.zuid.ballast-nedam.nl;NIEUSTALONE (brak połączenia z mojego środowiska);;;;;;NIEUSTALONE (wymaga zdjęć lub wizji lokalnej);;;;;;Nieustalone;;;nie kontaktowano;OpenStreetMap (office=company, node/2713671783);2026-10-10
Biura i usługi B2B;C;1;BEAM Electrolux centraal stofzuigsystemen b.v.;Oirschot;de Scheper 254 5688HP;https://www.stofzuigers.com/;OK;tak;tak;2026;;Facebook, LinkedIn, YouTube;NIEUSTALONE (wymaga zdjęć lub wizji lokalnej);;;;;;Podstawy online OK;;;nie kontaktowano;OpenStreetMap (office=company, node/2825835754);2026-10-10
Biura i usługi B2B;C;1;Bestronics Development;Veldhoven;De Run 4208 5503LL;https://www.bestronics.dev;OK;tak;tak;;Squarespace;Facebook, LinkedIn, YouTube;NIEUSTALONE (wymaga zdjęć lub wizji lokalnej);;;;;;Podstawy online OK;;;nie kontaktowano;OpenStreetMap (office=company, node/2830873782);2026-10-10
Biura i usługi B2B;C;1;BLOK Meubel;Mierlo;Tramweg 45 5731HN;https://www.blokmeubel.nl;OK;tak;tak;2026;WordPress;Facebook, Instagram, LinkedIn;NIEUSTALONE (wymaga zdjęć lub wizji lokalnej);;;;;;Podstawy online OK;;;nie kontaktowano;OpenStreetMap (office=architect, node/2876570924);2026-10-10
Biura i usługi B2B;C;1;BlueAlp;Eindhoven;Steenoven 11 5626DK;https://www.bluealp.nl/;OK;tak;tak;2023;WordPress;LinkedIn;NIEUSTALONE (wymaga zdjęć lub wizji lokalnej);;;;;;Podstawy online OK;;;nie kontaktowano;OpenStreetMap (office=company, node/2748575533);2026-10-10
Biura i usługi B2B;C;1;Bosch Rexroth;Eindhoven;Torenallee 49 5617BA;https://www.boschrexroth.com;OK;tak;tak;2026;;Facebook, Instagram, LinkedIn, YouTube;NIEUSTALONE (wymaga zdjęć lub wizji lokalnej);;;;;;Podstawy online OK;;;nie kontaktowano;OpenStreetMap (office=company, node/2754999151);2026-10-10
Biura i usługi B2B;C;1;Bouwbedrijf van der Heijden B.V.;Hapert;Diamantweg 64 5527LC;https://www.bouwbedrijfvanderheijden.nl/;NIEUSTALONE (brak połączenia z mojego środowiska);;;;;;NIEUSTALONE (wymaga zdjęć lub wizji lokalnej);;;;;;Nieustalone;;;nie kontaktowano;OpenStreetMap (office=company, node/2827409739);2026-10-10
Biura i usługi B2B;C;1;Bouwen In Eigen Beheer;Eindhoven;Halvemaanstraat 42 5651BP;https://bouwenineigenbeheer.nl/;OK;tak;tak;;WordPress;Facebook;NIEUSTALONE (wymaga zdjęć lub wizji lokalnej);;;;;;Podstawy online OK;;;nie kontaktowano;OpenStreetMap (office=consulting, node/5125942681);2026-10-10
Biura i usługi B2B;C;1;Buijs ICT;Veldhoven;Witvrouwsberg 43 5508DX;https://buijsict.nl/;OK;tak;tak;;;Facebook, LinkedIn;NIEUSTALONE (wymaga zdjęć lub wizji lokalnej);;;;;;Podstawy online OK;;;nie kontaktowano;OpenStreetMap (office=it, node/2833416699);2026-10-10
Biura i usługi B2B;C;1;Capgemini;Eindhoven;Limburglaan 24 5652AA;https://www.capgemini.com;OK;tak;tak;2026;WordPress;Facebook, Instagram, LinkedIn, YouTube;NIEUSTALONE (wymaga zdjęć lub wizji lokalnej);;;;;;Podstawy online OK;;;nie kontaktowano;OpenStreetMap (office=consulting, node/13196449548);2026-10-10
Biura i usługi B2B;C;1;Carbyon;;;https://www.carbyon.com/;OK;tak;tak;;Webflow;Facebook, LinkedIn, YouTube;NIEUSTALONE (wymaga zdjęć lub wizji lokalnej);;;;;;Podstawy online OK;;;nie kontaktowano;OpenStreetMap (office=company, node/13200679551);2026-10-10
Biura i usługi B2B;C;1;Caresse Boxsprings & More;Helmond;Nijverheidsweg 4 5705BN;https://www.caresseboxsprings.nl;OK;tak;tak;2026;WordPress;Facebook;NIEUSTALONE (wymaga zdjęć lub wizji lokalnej);;;;;;Podstawy online OK;;;nie kontaktowano;OpenStreetMap (office=company, node/2902559812);2026-10-10
Biura i usługi B2B;C;1;Celmar;Mierlo;Industrieweg 48 5731HR;https://www.celmar.nl;OK;tak;tak;2026;WordPress;Facebook, LinkedIn;NIEUSTALONE (wymaga zdjęć lub wizji lokalnej);;;;;;Podstawy online OK;;;nie kontaktowano;OpenStreetMap (office=company, node/2876570927);2026-10-10
Biura i usługi B2B;C;1;Cloudbear;Geldrop;Spaarpot Oost 6B 5667KT;https://cloudbear.nl;OK;tak;tak;2026;WordPress;LinkedIn;NIEUSTALONE (wymaga zdjęć lub wizji lokalnej);;;;;;Podstawy online OK;;;nie kontaktowano;OpenStreetMap (office=company, node/11192645643) + wyszukiwarka;2026-10-10
Biura i usługi B2B;C;1;Code Yellow B.V.;Eindhoven;De Regent 8 5611HW;https://www.codeyellow.nl/;OK;tak;tak;;;Instagram, LinkedIn;NIEUSTALONE (wymaga zdjęć lub wizji lokalnej);;;;;;Podstawy online OK;;;nie kontaktowano;OpenStreetMap (office=company, node/2622021565);2026-10-10
Biura i usługi B2B;C;1;Coffee Tech Solutions V.O.F.;Eindhoven;Hondsruglaan 91B 5628DB;https://coffee-ts.com/nl/contact/;OK;tak;tak;2026;;Facebook, Instagram, LinkedIn, YouTube;NIEUSTALONE (wymaga zdjęć lub wizji lokalnej);;;;;;Podstawy online OK;;;nie kontaktowano;OpenStreetMap (office=company, node/2745235949);2026-10-10
Biura i usługi B2B;C;1;Crooijmans ICT;Eindhoven;Noord Brabantlaan 265 5652LD;https://www.crooijmans.net/;OK;tak;tak;2026;WordPress;Facebook, LinkedIn;NIEUSTALONE (wymaga zdjęć lub wizji lokalnej);;;;;;Podstawy online OK;;;nie kontaktowano;OpenStreetMap (office=it, node/2713267691);2026-10-10
Biura i usługi B2B;C;1;DAF Trucks N.V.;Eindhoven;Hugo van der Goeslaan 1 5643TW;https://www.daf.com;OK;tak;tak;;;Facebook, Instagram, LinkedIn, TikTok, YouTube;NIEUSTALONE (wymaga zdjęć lub wizji lokalnej);;;;;;Podstawy online OK;;;nie kontaktowano;OpenStreetMap (office=company, node/2745867759);2026-10-10
Biura i usługi B2B;C;1;DDMG;Eindhoven;Grote Berg 20 5611KK;https://ddmg.nl/;NIEUSTALONE (brak połączenia z mojego środowiska);;;;;;NIEUSTALONE (wymaga zdjęć lub wizji lokalnej);;;;;;Nieustalone;;;nie kontaktowano;OpenStreetMap (office=company, node/2764374043);2026-10-10
Biura i usługi B2B;C;1;De Geus;Veldhoven;Frans Bekersstraat 1A 5504JA;https://www.kareldegeus.nl/;OK;tak;tak;;;Facebook;NIEUSTALONE (wymaga zdjęć lub wizji lokalnej);;;;;;Podstawy online OK;;;nie kontaktowano;OpenStreetMap (office=company, node/2833145002);2026-10-10
Biura i usługi B2B;C;1;Dekkers International;Eindhoven;Beukenlaan 115 5616VC;https://www.dekkersinternational.com/;OK;tak;tak;2026;;Facebook, Instagram, LinkedIn, YouTube;NIEUSTALONE (wymaga zdjęć lub wizji lokalnej);;;;;;Podstawy online OK;;;nie kontaktowano;OpenStreetMap (office=company, node/2754212925);2026-10-10
Biura i usługi B2B;C;1;DP World Chemical Logistics;Son en Breugel;Ekkersrijt 7604 5692HP;https://www.dpworld.com;OK;tak;tak;;;Facebook, Instagram, LinkedIn, TikTok, YouTube;NIEUSTALONE (wymaga zdjęć lub wizji lokalnej);;;;;;Podstawy online OK;;;nie kontaktowano;OpenStreetMap (office=company, node/2785223791);2026-10-10
Biura i usługi B2B;C;1;Exact;Eindhoven;Schimmelt 44 5611ZX;https://www.exact.com/;OK;tak;tak;2026;;Facebook, Instagram, LinkedIn, YouTube;NIEUSTALONE (wymaga zdjęć lub wizji lokalnej);;;;;;Podstawy online OK;;;nie kontaktowano;OpenStreetMap (office=it, node/4873648419);2026-10-10
Biura i usługi B2B;C;1;Framework Computer BV;Eindhoven;Flight Forum 40 5657DB;https://frame.work;NIEUSTALONE (blokada robotów);;;;;;NIEUSTALONE (wymaga zdjęć lub wizji lokalnej);;;;;;Nieustalone;;;nie kontaktowano;OpenStreetMap (office=company, node/2730069829);2026-10-10
Biura i usługi B2B;C;1;Frank Gruintjes makelaars;Mierlo;Marktstraat 18 5731HW;https://www.frankgruintjes.nl;OK;tak;tak;2026;;Facebook;NIEUSTALONE (wymaga zdjęć lub wizji lokalnej);;;;;;Podstawy online OK;;;nie kontaktowano;OpenStreetMap (office=estate_agent, node/5796023776);2026-10-10
Biura i usługi B2B;C;1;FreshGrooves;Eindhoven;Jeroen Boschlaan 275 5642AT;https://freshgrooves.nl;OK;tak;tak;;WordPress;Facebook;NIEUSTALONE (wymaga zdjęć lub wizji lokalnej);;;;;;Podstawy online OK;;;nie kontaktowano;OpenStreetMap (office=company, node/2745963239);2026-10-10
Biura i usługi B2B;C;1;Geerts van Oijen Makelaars Taxateurs;Gemert;Binderseind 1 5421CG;https://www.geertsvanoijen.nl;OK;tak;tak;2026;;Facebook, Instagram, YouTube;NIEUSTALONE (wymaga zdjęć lub wizji lokalnej);;;;;;Podstawy online OK;;;nie kontaktowano;OpenStreetMap (office=estate_agent, node/3005538105);2026-10-10
Biura i usługi B2B;C;1;Genexis BV;Eindhoven;Lodewijkstraat 1A 5652AC;https://genexis.eu/;OK;tak;tak;;WordPress;LinkedIn, YouTube;NIEUSTALONE (wymaga zdjęć lub wizji lokalnej);;;;;;Podstawy online OK;;;nie kontaktowano;OpenStreetMap (office=company, node/2713602911);2026-10-10
Biura i usługi B2B;C;1;GewoonWiFi;Sint-Oedenrode;Leeuwerik 10 5492PE;https://gewoonwifi.nl/;NIEUSTALONE (brak połączenia z mojego środowiska);;;;;;NIEUSTALONE (wymaga zdjęć lub wizji lokalnej);;;;;;Nieustalone;;;nie kontaktowano;OpenStreetMap (office=it, node/2796090017);2026-10-10
Biura i usługi B2B;C;1;GNT International;Mierlo;Industrieweg 26 5731HR;https://www.gnt-group.com;NIEUSTALONE (blokada robotów);;;;;;NIEUSTALONE (wymaga zdjęć lub wizji lokalnej);;;;;;Nieustalone;;;nie kontaktowano;OpenStreetMap (office=company, node/2876571413);2026-10-10
Biura i usługi B2B;C;1;Grizzly Offices;Eindhoven;Torenallee 57 5617BB;https://grizzlyoffices.nl/;OK;tak;tak;2022;WordPress;LinkedIn;NIEUSTALONE (wymaga zdjęć lub wizji lokalnej);;;;;;Podstawy online OK;;;nie kontaktowano;OpenStreetMap (office=company, node/8694860451);2026-10-10
Biura i usługi B2B;C;1;Hal2;Eindhoven;Hallenweg 3 5615PP;https://www.hal2.nl/;OK;tak;tak;2026;WordPress;Facebook, Instagram, LinkedIn, YouTube;NIEUSTALONE (wymaga zdjęć lub wizji lokalnej);;;;;;Podstawy online OK;;;nie kontaktowano;OpenStreetMap (office=architect, node/2748415290);2026-10-10
Biura i usługi B2B;C;1;Hermes;Eindhoven;Professor Dr Dorgelolaan 50 5613AM;https://www.hermes.nl/;OK;tak;tak;2026;;Facebook, Instagram;NIEUSTALONE (wymaga zdjęć lub wizji lokalnej);;;;;;Podstawy online OK;;;nie kontaktowano;OpenStreetMap (office=company, node/2766991497);2026-10-10
Biura i usługi B2B;C;1;Hermus Noratis;Son en Breugel;Wilhelminalaan 1 5691AX;http://www.notarissonenbreugel.nl/;NIEUSTALONE (brak połączenia z mojego środowiska);;;;;;NIEUSTALONE (wymaga zdjęć lub wizji lokalnej);;;;;;Nieustalone;;;nie kontaktowano;OpenStreetMap (office=notary, node/4467648541);2026-10-10
Biura i usługi B2B;C;1;HostFact;Eersel;Markt 50 5521AN;https://hostfact.nl;OK;tak;tak;;;Facebook, LinkedIn;NIEUSTALONE (wymaga zdjęć lub wizji lokalnej);;;;;;Podstawy online OK;;;nie kontaktowano;OpenStreetMap (office=it, node/7713541621);2026-10-10
Biura i usługi B2B;C;1;huis-o-theek;Eindhoven;Mauritsstraat 85 5611GV;https://huis-o-theek.nl/;OK;tak;tak;2023;WordPress;Facebook, Instagram, LinkedIn, YouTube;NIEUSTALONE (wymaga zdjęć lub wizji lokalnej);;;;;;Podstawy online OK;;;nie kontaktowano;OpenStreetMap (office=estate_agent, node/2764378823);2026-10-10
Biura i usługi B2B;C;1;i-team Global;Eindhoven;Hoppenkuil 27B 5626DD;https://www.i-teamglobal.com;OK;tak;tak;2026;;Facebook, Instagram, LinkedIn, YouTube;NIEUSTALONE (wymaga zdjęć lub wizji lokalnej);;;;;;Podstawy online OK;;;nie kontaktowano;OpenStreetMap (office=company, node/2748575867);2026-10-10
Biura i usługi B2B;C;1;Industrial Auctions BV;Eindhoven;Looyenbeemd 11 5652BH;https://www.industrial-auctions.com;OK;tak;tak;;;Facebook, Instagram, LinkedIn;NIEUSTALONE (wymaga zdjęć lub wizji lokalnej);;;;;;Podstawy online OK;;;nie kontaktowano;OpenStreetMap (office=company, node/2713167860);2026-10-10
Biura i usługi B2B;C;1;InnoFaith beauty sciences B.V.;Son en Breugel;Science Park Eindhoven 5204b 5692EG;https://innofaith.com;OK;tak;tak;2023;WordPress;Facebook, Instagram, LinkedIn;NIEUSTALONE (wymaga zdjęć lub wizji lokalnej);;;;;;Podstawy online OK;;;nie kontaktowano;OpenStreetMap (office=company, node/2785223318);2026-10-10
Biura i usługi B2B;C;1;Jos van Happen Containers;Mierlo;Industrieweg 18 5731HR;https://www.josvanhappencontainers.nl/;NIEUSTALONE (brak połączenia z mojego środowiska);;;;;;NIEUSTALONE (wymaga zdjęć lub wizji lokalnej);;;;;;Nieustalone;;;nie kontaktowano;OpenStreetMap (office=company, node/4575488477);2026-10-10
Biura i usługi B2B;C;1;KJB Makelaardij;Nuenen;Parkstraat 15A 5671GD;https://www.kjbmakelaardij.nl/;OK;tak;tak;2026;;Facebook, LinkedIn;NIEUSTALONE (wymaga zdjęć lub wizji lokalnej);;;;;;Podstawy online OK;;;nie kontaktowano;OpenStreetMap (office=estate_agent, node/2994051755);2026-10-10
Biura i usługi B2B;C;1;Knegtmans Advocaten & Mediators;Bladel;Sniederslaan 55 5531EH;https://www.knegtmansadvocaten.nl/;OK;tak;tak;;;Facebook, LinkedIn, YouTube;NIEUSTALONE (wymaga zdjęć lub wizji lokalnej);;;;;;Podstawy online OK;;;nie kontaktowano;OpenStreetMap (office=lawyer, node/2827067973);2026-10-10
Biura i usługi B2B;C;1;Logejo;Valkenswaard;Markt 43 5554CA;https://www.logejo.nl/;OK;tak;tak;;Wix;Facebook, LinkedIn;NIEUSTALONE (wymaga zdjęć lub wizji lokalnej);;;;;;Podstawy online OK;;;nie kontaktowano;OpenStreetMap (office=company, node/2829494115);2026-10-10
Biura i usługi B2B;C;1;Manuevo;Eindhoven;Kanaaldijk-Zuid 3A 5613LE;https://manuevo.com/;OK;tak;tak;2026;WordPress;Facebook, Instagram, LinkedIn, YouTube;NIEUSTALONE (wymaga zdjęć lub wizji lokalnej);;;;;;Podstawy online OK;;;nie kontaktowano;OpenStreetMap (office=company, node/12180961342);2026-10-10
Biura i usługi B2B;C;1;Microstad;Eindhoven;Professor Dr Dorgelolaan 2 5611BA;https://microstad.nl/;NIEUSTALONE (brak połączenia z mojego środowiska);;;;;;NIEUSTALONE (wymaga zdjęć lub wizji lokalnej);;;;;;Nieustalone;;;nie kontaktowano;OpenStreetMap (office=company, node/11812172471);2026-10-10
Biura i usługi B2B;C;1;MOS Grondmechanica;Helmond;Vossenbeemd 90B 5705CL;https://www.mosgeo.com/;NIEUSTALONE (blokada robotów);;;;;;NIEUSTALONE (wymaga zdjęć lub wizji lokalnej);;;;;;Nieustalone;;;nie kontaktowano;OpenStreetMap (office=company, node/2902562424);2026-10-10
Biura i usługi B2B;C;1;my housing;Eindhoven;Geldropseweg 86C 5611SK;https://www.myhousing.nl/;OK;tak;tak;2026;;Facebook, LinkedIn;NIEUSTALONE (wymaga zdjęć lub wizji lokalnej);;;;;;Podstawy online OK;;;nie kontaktowano;OpenStreetMap (office=estate_agent, node/2759422056);2026-10-10
Biura i usługi B2B;C;1;Nedschroef Helmond;Helmond;Kanaaldijk N.W. 71 5707LC;https://www.nedschroef.com;NIEUSTALONE (blokada robotów);;;;;;NIEUSTALONE (wymaga zdjęć lub wizji lokalnej);;;;;;Nieustalone;;;nie kontaktowano;OpenStreetMap (office=company, node/2902886894) + wyszukiwarka + wyszukiwarka;2026-10-10
Biura i usługi B2B;C;1;Notaris Houtepen;Eindhoven;Stratumsedijk 99 5614HP;https://www.notarishoutepen.nl/;OK;tak;tak;2026;;Facebook, LinkedIn;NIEUSTALONE (wymaga zdjęć lub wizji lokalnej);;;;;;Podstawy online OK;;;nie kontaktowano;OpenStreetMap (office=lawyer, node/2758435841);2026-10-10
Biura i usługi B2B;C;1;Objective;Eersel;Hees 4c 5521NV;https://objt.com/;OK;tak;tak;2026;;Facebook, LinkedIn, YouTube;NIEUSTALONE (wymaga zdjęć lub wizji lokalnej);;;;;;Podstawy online OK;;;nie kontaktowano;OpenStreetMap (office=company, node/4443587048);2026-10-10
Biura i usługi B2B;C;1;Olympia;Eindhoven;Willemstraat 11 5611HA;https://www.olympia.nl/U-384/Olympia-Uitzendbureau-Eindhoven;NIEUSTALONE (blokada robotów);;;;;;NIEUSTALONE (wymaga zdjęć lub wizji lokalnej);;;;;;Nieustalone;;;nie kontaktowano;OpenStreetMap (office=employment_agency, node/2764371640);2026-10-10
Biura i usługi B2B;C;1;OpenRemote;Eindhoven;Torenallee 26-22 5617BD;https://openremote.io/;OK;tak;tak;2026;WordPress;Facebook, Instagram, LinkedIn, YouTube;NIEUSTALONE (wymaga zdjęć lub wizji lokalnej);;;;;;Podstawy online OK;;;nie kontaktowano;OpenStreetMap (office=company, node/2754998387);2026-10-10
Biura i usługi B2B;C;1;Opple Lighting Europe;Eindhoven;Meerenakkerweg 1-07 5652AR;https://www.opple.com;OK;tak;tak;;;Facebook, LinkedIn;NIEUSTALONE (wymaga zdjęć lub wizji lokalnej);;;;;;Podstawy online OK;;;nie kontaktowano;OpenStreetMap (office=company, node/2712980659);2026-10-10
Biura i usługi B2B;C;1;Peer&Partners;Helmond;Elzaspassage 15A 5701RW;https://www.peerenpartners.nl/;OK;tak;tak;2026;WordPress;Facebook, YouTube;NIEUSTALONE (wymaga zdjęć lub wizji lokalnej);;;;;;Podstawy online OK;;;nie kontaktowano;OpenStreetMap (office=graphic_design, node/2903869378);2026-10-10
Biura i usługi B2B;C;1;Phitaal;Eindhoven;Boschdijk 24 5612AM;https://phitaal.nl;NIEUSTALONE (brak połączenia z mojego środowiska);;;;;;NIEUSTALONE (wymaga zdjęć lub wizji lokalnej);;;;;;Nieustalone;;;nie kontaktowano;OpenStreetMap (office=company, node/4715685312);2026-10-10
Biura i usługi B2B;C;1;Premier tech;Eersel;Meerheide 40 5521DZ;https://www.premiertech.com/;NIEUSTALONE (blokada robotów);;;;;;NIEUSTALONE (wymaga zdjęć lub wizji lokalnej);;;;;;Nieustalone;;;nie kontaktowano;OpenStreetMap (office=company, node/2827664666) + wyszukiwarka;2026-10-10
Biura i usługi B2B;C;1;PT Zuid;Best;Handelsweg 8 5683PT;https://www.ptzuid.nl/;NIEUSTALONE (brak połączenia z mojego środowiska);;;;;;NIEUSTALONE (wymaga zdjęć lub wizji lokalnej);;;;;;Nieustalone;;;nie kontaktowano;OpenStreetMap (office=company, node/2737803239);2026-10-10
Biura i usługi B2B;C;1;Rabobank;Eindhoven;Fellenoord 17 5612AA;https://www.rabobank.nl/vind-je-bank;NIEUSTALONE (blokada robotów);;;;;;NIEUSTALONE (wymaga zdjęć lub wizji lokalnej);;;;;;Nieustalone;;;nie kontaktowano;OpenStreetMap (office=company, node/4763540369);2026-10-10
Biura i usługi B2B;C;1;Rapportgemak;Hapert;Kerkstraat 25 5527EE;https://www.rapportgemak.nl/;OK;tak;tak;2026;WordPress;Facebook, Instagram, LinkedIn;NIEUSTALONE (wymaga zdjęć lub wizji lokalnej);;;;;;Podstawy online OK;;;nie kontaktowano;OpenStreetMap (office=graphic_design, node/12660872130);2026-10-10
Biura i usługi B2B;C;1;Rhenus Warehousing Solutions (Son 1);Son en Breugel;Ekkersrijt 2060a 5692BA;https://www.rhenus.group/;OK;tak;tak;2026;;Instagram, LinkedIn, YouTube;NIEUSTALONE (wymaga zdjęć lub wizji lokalnej);;;;;;Podstawy online OK;;;nie kontaktowano;OpenStreetMap (office=company, node/2785222764) + wyszukiwarka;2026-10-10
Biura i usługi B2B;C;1;Rijtackers;Eindhoven;Anthony Fokkerweg 150 5651GZ;https://www.dela.nl/uitvaartlocaties/crematorium-uitvaartcentrum-rijtackers-eindhoven;NIEUSTALONE (blokada robotów);;;;;;NIEUSTALONE (wymaga zdjęć lub wizji lokalnej);;;;;;Nieustalone;;;nie kontaktowano;OpenStreetMap (office=company, node/2735408577);2026-10-10
Biura i usługi B2B;C;1;Rob Houtackers;Mierlo;Margrietstraat 74 5731BR;https://www.advocaatmierlo.nl/;OK;tak;tak;;Squarespace;Facebook, LinkedIn;NIEUSTALONE (wymaga zdjęć lub wizji lokalnej);;;;;;Podstawy online OK;;;nie kontaktowano;OpenStreetMap (office=lawyer, node/2876879211);2026-10-10
Biura i usługi B2B;C;1;SDK Vastgoed;Eindhoven;Philitelaan 73 5617AM;https://www.sdkvastgoed.nl/;OK;tak;tak;2026;WordPress;Facebook, Instagram, LinkedIn;NIEUSTALONE (wymaga zdjęć lub wizji lokalnej);;;;;;Podstawy online OK;;;nie kontaktowano;OpenStreetMap (office=company, node/12893334409);2026-10-10
Biura i usługi B2B;C;1;SHI;Asten;Laagveld 10 5721VV;https://www.shi.nl;NIEUSTALONE (blokada robotów);;;;;;NIEUSTALONE (wymaga zdjęć lub wizji lokalnej);;;;;;Nieustalone;;;nie kontaktowano;OpenStreetMap (office=company, node/9351947560);2026-10-10
Biura i usługi B2B;C;1;Signify EMC Lab;Eindhoven;High Tech Campus 26 5656AE;https://www.signify.com/global/innovation/innovationlabs;OK;tak;tak;2026;;Facebook, Instagram, LinkedIn, YouTube;NIEUSTALONE (wymaga zdjęć lub wizji lokalnej);;;;;;Podstawy online OK;;;nie kontaktowano;OpenStreetMap (office=it, node/2727651960) + wyszukiwarka;2026-10-10
Biura i usługi B2B;C;1;Skotty;Eindhoven;Klokgebouw 146 5617AB;https://skotty.io;NIEUSTALONE (brak połączenia z mojego środowiska);;;;;;NIEUSTALONE (wymaga zdjęć lub wizji lokalnej);;;;;;Nieustalone;;;nie kontaktowano;OpenStreetMap (office=it, node/4715681057);2026-10-10
Biura i usługi B2B;C;1;SMA Machine Constructions;Mierlo;Industrieweg 2 5731HR;https://www.sma-mc.com/;NIEUSTALONE (brak połączenia z mojego środowiska);;;;;;NIEUSTALONE (wymaga zdjęć lub wizji lokalnej);;;;;;Nieustalone;;;nie kontaktowano;OpenStreetMap (office=company, node/2876570696);2026-10-10
Biura i usługi B2B;C;1;SMC Technology Center;Eindhoven;Croy 31 5653LC;https://www.smc.eu/;OK;tak;tak;2026;;YouTube;NIEUSTALONE (wymaga zdjęć lub wizji lokalnej);;;;;;Podstawy online OK;;;nie kontaktowano;OpenStreetMap (office=company, node/2711198049);2026-10-10
Biura i usługi B2B;C;1;SOCOTEC;Son en Breugel;Ekkersrijt 2058 5692BA;https://www.socotec.nl/;NIEUSTALONE (blokada robotów);;;;;;NIEUSTALONE (wymaga zdjęć lub wizji lokalnej);;;;;;Nieustalone;;;nie kontaktowano;OpenStreetMap (office=company, node/2785222763);2026-10-10
Biura i usługi B2B;C;1;Softmedia;Eindhoven;Kanaaldijk-Zuid 15A 5611VA;https://softmedia.nl;OK;tak;tak;2026;;LinkedIn;NIEUSTALONE (wymaga zdjęć lub wizji lokalnej);;;;;;Podstawy online OK;;;nie kontaktowano;OpenStreetMap (office=it, node/2759644938);2026-10-10
Biura i usługi B2B;C;1;Sol Makelaardij;Son en Breugel;Boslaan 1e 5691CT;https://www.woon-huis.nl/;OK;tak;tak;2026;;Facebook, Instagram;NIEUSTALONE (wymaga zdjęć lub wizji lokalnej);;;;;;Podstawy online OK;;;nie kontaktowano;OpenStreetMap (office=estate_agent, node/2792747680);2026-10-10
Biura i usługi B2B;C;1;Solar Team Eindhoven;Eindhoven;Horsten 8 5612AX;https://www.solarteameindhoven.nl;OK;tak;tak;2026;;Facebook, Instagram, LinkedIn, YouTube;NIEUSTALONE (wymaga zdjęć lub wizji lokalnej);;;;;;Podstawy online OK;;;nie kontaktowano;OpenStreetMap (office=company, node/6434590649);2026-10-10
Biura i usługi B2B;C;1;Stactics;Eindhoven;'s Gravesandestraat 3 5612JM;https://www.stactics.nl;NIEUSTALONE (blokada robotów);;;;;;NIEUSTALONE (wymaga zdjęć lub wizji lokalnej);;;;;;Nieustalone;;;nie kontaktowano;OpenStreetMap (office=company, node/4750352730);2026-10-10
Biura i usługi B2B;C;1;Strk;;;https://strk.nl;OK;tak;tak;;WordPress;Instagram;NIEUSTALONE (wymaga zdjęć lub wizji lokalnej);;;;;;Podstawy online OK;;;nie kontaktowano;OpenStreetMap (office=architect, node/13037411184);2026-10-10
Biura i usługi B2B;C;1;Studio Meraki;Hapert;Kerkstraat 25 5527EE;https://studiomeraki.nl/;OK;tak;tak;2026;WordPress;Facebook, Instagram, LinkedIn;NIEUSTALONE (wymaga zdjęć lub wizji lokalnej);;;;;;Podstawy online OK;;;nie kontaktowano;OpenStreetMap (office=graphic_design, node/2827403669);2026-10-10
Biura i usługi B2B;C;1;Sunline Zonwering;Gemert;Koksedijk 6 5421ZB;http://sublinezonwering.nl;NIEUSTALONE (brak połączenia z mojego środowiska);;;;;;NIEUSTALONE (wymaga zdjęć lub wizji lokalnej);;;;;;Nieustalone;;;nie kontaktowano;OpenStreetMap (office=company, node/3004890279);2026-10-10
Biura i usługi B2B;C;1;Synopsys;;;https://www.synopsys.com/;OK;tak;tak;2026;;Facebook, Instagram, LinkedIn, YouTube;NIEUSTALONE (wymaga zdjęć lub wizji lokalnej);;;;;;Podstawy online OK;;;nie kontaktowano;OpenStreetMap (office=it, node/12582254117);2026-10-10
Biura i usługi B2B;C;1;tableaux;Heeze;Jan Deckersstraat 29 5591HN;https://tableaux.nl;OK;tak;tak;2026;;Facebook, Instagram, LinkedIn;NIEUSTALONE (wymaga zdjęć lub wizji lokalnej);;;;;;Podstawy online OK;;;nie kontaktowano;OpenStreetMap (office=it, node/2829541452);2026-10-10
Biura i usługi B2B;C;1;TicketView;Helmond;Kanaaldijk N.W. 21A 5707LA;https://www.ticketview.nl;OK;tak;tak;2026;;Facebook, Instagram, LinkedIn;NIEUSTALONE (wymaga zdjęć lub wizji lokalnej);;;;;;Podstawy online OK;;;nie kontaktowano;OpenStreetMap (office=company, node/10259301133);2026-10-10
Biura i usługi B2B;C;1;TMC;Eindhoven;High Tech Campus 96 5656AG;https://tmc-employeneurship.com/nl/;NIEUSTALONE (brak połączenia z mojego środowiska);;;;;;NIEUSTALONE (wymaga zdjęć lub wizji lokalnej);;;;;;Nieustalone;;;nie kontaktowano;OpenStreetMap (office=company, node/5534618544);2026-10-10
Biura i usługi B2B;C;1;Van Der Leegte Werkt;Eindhoven;Doornakkersweg 18 5642MP;https://www.vanderleegtewerkt.nl/;NIEUSTALONE (brak połączenia z mojego środowiska);;;;;;NIEUSTALONE (wymaga zdjęć lub wizji lokalnej);;;;;;Nieustalone;;;nie kontaktowano;OpenStreetMap (office=company, node/2746017197);2026-10-10
Biura i usługi B2B;C;1;Van Roon Makelaardij & Taxaties B.V;Son en Breugel;van Gentlaan 14 5694SC;https://www.vrmt.nl;OK;tak;tak;2026;;Facebook, Instagram, LinkedIn, YouTube;NIEUSTALONE (wymaga zdjęć lub wizji lokalnej);;;;;;Podstawy online OK;;;nie kontaktowano;OpenStreetMap (office=estate_agent, node/2798577451);2026-10-10
Biura i usługi B2B;C;1;Verhagen Makelaars;Waalre;Willibrorduslaan 27 5581GA;https://www.verhagenmakelaars.nl/;OK;tak;tak;2026;;Facebook;NIEUSTALONE (wymaga zdjęć lub wizji lokalnej);;;;;;Podstawy online OK;;;nie kontaktowano;OpenStreetMap (office=estate_agent, node/2930060498);2026-10-10
Biura i usługi B2B;C;1;Vos Makelaars;Waalre;Willibrorduslaan 50a 5581GG;https://www.vosmakelaars.nl/;OK;tak;tak;2026;;Facebook;NIEUSTALONE (wymaga zdjęć lub wizji lokalnej);;;;;;Podstawy online OK;;;nie kontaktowano;OpenStreetMap (office=estate_agent, node/2931391474);2026-10-10
Biura i usługi B2B;C;1;WAES;Eindhoven;Zwaanstraat 31N 5651CA;https://wearewaes.com/;OK;tak;tak;2026;;Instagram, LinkedIn, YouTube;NIEUSTALONE (wymaga zdjęć lub wizji lokalnej);;;;;;Podstawy online OK;;;nie kontaktowano;OpenStreetMap (office=it, node/4938173007);2026-10-10
Biura i usługi B2B;C;1;Wildenberg Units;Soerendonk;Groenstraat 3 6027PW;https://wildenbergunits.nl/;OK;tak;tak;;;Facebook, LinkedIn;NIEUSTALONE (wymaga zdjęć lub wizji lokalnej);;;;;;Podstawy online OK;;;nie kontaktowano;OpenStreetMap (office=company, node/4564107708);2026-10-10
Biura i usługi B2B;C;1;Willems & Smeets Notarissen;Valkenswaard;Brouwerijplein 84 5551AE;https://www.willemsensmeets.nl/;NIEUSTALONE (brak połączenia z mojego środowiska);;;;;;NIEUSTALONE (wymaga zdjęć lub wizji lokalnej);;;;;;Nieustalone;;;nie kontaktowano;OpenStreetMap (office=lawyer, node/2829178746);2026-10-10
Biura i usługi B2B;C;1;Woonveste;Mierlo;Ambachtweg 52 5731AG;https://www.woonveste.com;NIEUSTALONE (brak połączenia z mojego środowiska);;;;;;NIEUSTALONE (wymaga zdjęć lub wizji lokalnej);;;;;;Nieustalone;;;nie kontaktowano;OpenStreetMap (office=company, node/2876288489);2026-10-10
Biura i usługi B2B;C;1;WSP InfraOntwikkeling;Eindhoven;Torenallee 20 5617BC;https://www.wspinfra.nl/;NIEUSTALONE (brak połączenia z mojego środowiska);;;;;;NIEUSTALONE (wymaga zdjęć lub wizji lokalnej);;;;;;Nieustalone;;;nie kontaktowano;OpenStreetMap (office=company, node/11391980129);2026-10-10
Biura i usługi B2B;C;-1;Happy Horizon;Eindhoven;Vrijstraat 9C/D 5611AT;https://happyhorizon.com/nl/hubs/marketing-bureau-eindhoven/;OK;tak;tak;2025;WordPress;;NIEUSTALONE (wymaga zdjęć lub wizji lokalnej);rekrutuje;;;;tak;Częściowe braki;nie znaleziono social media na stronie;"materiały do social media; odzież/oklejenie dla nowych ludzi i aut";nie kontaktowano;OpenStreetMap (office=advertising_agency, node/13596042183);2026-10-10
Biura i usługi B2B;C;-2;Albert Heijn Home Shop Center Eindhoven;Eindhoven;De Keten 15 5651GJ;;NIE ZNALEZIONO STRONY W DANYCH;;;;;;NIEUSTALONE (wymaga zdjęć lub wizji lokalnej);;;;;tak;Do sprawdzenia;strony nie ma w danych mapy (do sprawdzenia);jeśli faktycznie brak: strona WWW;nie kontaktowano;OpenStreetMap (office=company, node/2737064843);2026-10-10
Biura i usługi B2B;C;-2;Manpower;Eindhoven;Keizersgracht 15A 5611GC;https://www.manpower.nl/nl/over-manpower/vestigingen/uitzendbureau-eindhoven;OK;tak;tak;2026;;Facebook, LinkedIn;NIEUSTALONE (wymaga zdjęć lub wizji lokalnej);rekrutuje;;;;tak;Podstawy online OK;;odzież/oklejenie dla nowych ludzi i aut;nie kontaktowano;OpenStreetMap (office=employment_agency, node/2765367602);2026-10-10
Biura i usługi B2B;C;-2;Randstad;Valkenswaard;Kerkhofstraat 21 5554HG;;NIE ZNALEZIONO STRONY W DANYCH;;;;;;NIEUSTALONE (wymaga zdjęć lub wizji lokalnej);;;;;tak;Do sprawdzenia;strony nie ma w danych mapy (do sprawdzenia);jeśli faktycznie brak: strona WWW;nie kontaktowano;OpenStreetMap (office=employment_agency, node/2828952602);2026-10-10
Biura i usługi B2B;C;-2;Randstad;;;;NIE ZNALEZIONO STRONY W DANYCH;;;;;;NIEUSTALONE (wymaga zdjęć lub wizji lokalnej);;;;;tak;Do sprawdzenia;strony nie ma w danych mapy (do sprawdzenia);jeśli faktycznie brak: strona WWW;nie kontaktowano;OpenStreetMap (office=employment_agency, way/543170792);2026-10-10
Biura i usługi B2B;C;-2;SPIE;Son en Breugel;Science Park Eindhoven 5206 5692EG;https://www.spie-nl.com/vestiging/son;OK;tak;tak;2026;;Facebook, Instagram, LinkedIn, YouTube;NIEUSTALONE (wymaga zdjęć lub wizji lokalnej);rekrutuje;;;;tak;Podstawy online OK;;odzież/oklejenie dla nowych ludzi i aut;nie kontaktowano;OpenStreetMap (office=company, node/12437773744);2026-10-10
Biura i usługi B2B;C;-2;Tempo-Team;Eindhoven;Keizersgracht 14 5611GD;;NIE ZNALEZIONO STRONY W DANYCH;;;;;;NIEUSTALONE (wymaga zdjęć lub wizji lokalnej);;;;;tak;Do sprawdzenia;strony nie ma w danych mapy (do sprawdzenia);jeśli faktycznie brak: strona WWW;nie kontaktowano;OpenStreetMap (office=employment_agency, node/2764372902);2026-10-10
Biura i usługi B2B;C;-2;WerkTalent;Eindhoven;Ruusbroeclaan 28A 5611LV;https://www.werktalent.com/vestigingen/noord-brabant/eindhoven;OK;tak;tak;2026;WordPress;Facebook, Instagram, LinkedIn, YouTube;NIEUSTALONE (wymaga zdjęć lub wizji lokalnej);rekrutuje;;;;tak;Podstawy online OK;;odzież/oklejenie dla nowych ludzi i aut;nie kontaktowano;OpenStreetMap (office=employment_agency, node/2755150934);2026-10-10
Biura i usługi B2B;C;-3;TomTom;Eindhoven;High Tech Campus 25 5656AE;https://www.tomtom.com/careers/offices/eindhoven/;OK;tak;tak;2026;;Facebook, Instagram, LinkedIn, YouTube;NIEUSTALONE (wymaga zdjęć lub wizji lokalnej);;;;;tak;Podstawy online OK;;;nie kontaktowano;OpenStreetMap (office=company, node/8264885357);2026-10-10
