Kategoria;Priorytet;Punkty;Firma;Miasto;Adres;Strona WWW;Stan strony;HTTPS;Na telefon (viewport);Rok w stopce;System strony;Social media (znalezione);Oklejenie aut / odzież / witryna;Sygnały zakupu;Pracownicy (LinkedIn);Zmiana zatrudnienia r/r;Rok założenia;Sieć / franczyza;Ocena ogólna;Luki;Szansa dla GW;Status kontaktu;Źródło;Sprawdzono
Fryzjerzy i beauty;B;5;Dittis;Gemert;Binderseind 29 5421CH;https://dittisdesign.nl/;PRZESTARZAŁA;tak;tak;2021;WordPress;Facebook, Instagram;NIEUSTALONE (wymaga zdjęć lub wizji lokalnej);nowa lokalizacja;;;;;Częściowe braki;przestarzała strona (stopka 2021);"nowa strona (mobile, HTTPS); witryna/szyld, odzież dla personelu (do sprawdzenia na miejscu; oferta zależy od branży); oznakowanie nowej lokalizacji / start marki";nie kontaktowano;OpenStreetMap (shop=hairdresser, node/3005544873);2026-10-10
Fryzjerzy i beauty;B;5;Eefje Timmers Nail Academy;Lieshout;Vogelenzang 30 5737PT;https://www.etnailacademy.nl/;PRZESTARZAŁA;tak;nie;;;;NIEUSTALONE (wymaga zdjęć lub wizji lokalnej);;;;;;Częściowe braki;"przestarzała strona (nie na telefon); nie znaleziono social media na stronie";"nowa strona (mobile, HTTPS); materiały do social media; witryna/szyld, odzież dla personelu (do sprawdzenia na miejscu; oferta zależy od branży)";nie kontaktowano;OpenStreetMap (shop=beauty, node/2898996488);2026-10-10
Fryzjerzy i beauty;B;5;Giesing;Oisterwijk;Gemullehoekenweg 16 5062CD;https://www.giesingkappers.nl/;PRZESTARZAŁA;tak;tak;2018;WordPress;;NIEUSTALONE (wymaga zdjęć lub wizji lokalnej);;;;;;Częściowe braki;"przestarzała strona (stopka 2018); nie znaleziono social media na stronie";"nowa strona (mobile, HTTPS); materiały do social media; witryna/szyld, odzież dla personelu (do sprawdzenia na miejscu; oferta zależy od branży)";nie kontaktowano;OpenStreetMap (shop=hairdresser, node/2824236912);2026-10-10
Fryzjerzy i beauty;B;5;Jaap For Men;Bladel;Sniederslaan 21 5531EG;http://www.jaapformen.nl/;PRZESTARZAŁA;nie;nie;;;;NIEUSTALONE (wymaga zdjęć lub wizji lokalnej);;;;;;Częściowe braki;"przestarzała strona (brak HTTPS, nie na telefon); nie znaleziono social media na stronie";"nowa strona (mobile, HTTPS); materiały do social media; witryna/szyld, odzież dla personelu (do sprawdzenia na miejscu; oferta zależy od branży)";nie kontaktowano;OpenStreetMap (shop=hairdresser, node/2827060370);2026-10-10
Fryzjerzy i beauty;B;5;John Rengers;Waalre;Gestelsestraat 15 5582HE;https://www.kapsalon-rengers.nl/;PRZESTARZAŁA;tak;nie;;;;NIEUSTALONE (wymaga zdjęć lub wizji lokalnej);;;;;;Częściowe braki;"przestarzała strona (nie na telefon); nie znaleziono social media na stronie";"nowa strona (mobile, HTTPS); materiały do social media; witryna/szyld, odzież dla personelu (do sprawdzenia na miejscu; oferta zależy od branży)";nie kontaktowano;OpenStreetMap (shop=hairdresser, node/2929820203);2026-10-10
Fryzjerzy i beauty;B;5;Kapsalon Evi;Nuenen;Hoge Brake 16a 5672GL;http://www.kapsalon-evi.nl;PRZESTARZAŁA;nie;nie;;;;NIEUSTALONE (wymaga zdjęć lub wizji lokalnej);;;;;;Częściowe braki;"przestarzała strona (brak HTTPS, nie na telefon); nie znaleziono social media na stronie";"nowa strona (mobile, HTTPS); materiały do social media; witryna/szyld, odzież dla personelu (do sprawdzenia na miejscu; oferta zależy od branży)";nie kontaktowano;OpenStreetMap (shop=hairdresser, node/2992717287);2026-10-10
Fryzjerzy i beauty;B;5;Sunday's;Eindhoven;Willemstraat 8 5611HD;https://www.sundays.nl/zonnestudio/eindhoven/willemstraat-8;BŁĄD STRONY (do potwierdzenia);;;;;Facebook, Instagram;NIEUSTALONE (wymaga zdjęć lub wizji lokalnej);rekrutuje;;;;;Duże braki online;strona zwróciła błąd (do potwierdzenia);"nowa/naprawiona strona; witryna/szyld, odzież dla personelu (do sprawdzenia na miejscu; oferta zależy od branży); odzież/oklejenie dla nowych ludzi i aut";nie kontaktowano;OpenStreetMap (shop=beauty, node/2764501411);2026-10-10
Fryzjerzy i beauty;B;4;Amigo Tattoo;Gemert;Binderseind 21 5421CG;http://amigotattoo.nl;PRZESTARZAŁA;nie;tak;;WordPress;Facebook;NIEUSTALONE (wymaga zdjęć lub wizji lokalnej);;;;;;Częściowe braki;przestarzała strona (brak HTTPS);"nowa strona (mobile, HTTPS); witryna/szyld, odzież dla personelu (do sprawdzenia na miejscu; oferta zależy od branży)";nie kontaktowano;OpenStreetMap (shop=tattoo, node/3005540795);2026-10-10
Fryzjerzy i beauty;B;4;Bij Linda;Veldhoven;Burgemeester van Hooffln 91 5503BK;https://www.bijlinda.nl/;PRZESTARZAŁA;tak;tak;2017;Wix;Facebook, Instagram;NIEUSTALONE (wymaga zdjęć lub wizji lokalnej);;;;;;Częściowe braki;przestarzała strona (stopka 2017);"nowa strona (mobile, HTTPS); witryna/szyld, odzież dla personelu (do sprawdzenia na miejscu; oferta zależy od branży)";nie kontaktowano;OpenStreetMap (shop=hairdresser, node/2832701313);2026-10-10
Fryzjerzy i beauty;B;4;De Hoofdzaak;Oisterwijk;Gemullehoekenweg 10 5062CD;https://dehoofdzaakkappers.nl;PRZESTARZAŁA;tak;tak;2021;WordPress;Facebook;NIEUSTALONE (wymaga zdjęć lub wizji lokalnej);;;;;;Częściowe braki;przestarzała strona (stopka 2021);"nowa strona (mobile, HTTPS); witryna/szyld, odzież dla personelu (do sprawdzenia na miejscu; oferta zależy od branży)";nie kontaktowano;OpenStreetMap (shop=hairdresser, node/2824233228);2026-10-10
Fryzjerzy i beauty;B;4;Goldfinger Hairstyling;Eindhoven;Grote Berg 93 5611KJ;https://www.goldfingerhairstyling.nl/;BŁĄD STRONY (do potwierdzenia);;;;;;NIEUSTALONE (wymaga zdjęć lub wizji lokalnej);;;;;;Duże braki online;strona zwróciła błąd (do potwierdzenia);"nowa/naprawiona strona; witryna/szyld, odzież dla personelu (do sprawdzenia na miejscu; oferta zależy od branży)";nie kontaktowano;OpenStreetMap (shop=hairdresser, node/2764287425);2026-10-10
Fryzjerzy i beauty;B;4;Hair Movement;Helmond;Uranuslaan 3 5702HN;https://www.hair-movement.nl/;PRZESTARZAŁA;tak;tak;2015;WordPress;Facebook;NIEUSTALONE (wymaga zdjęć lub wizji lokalnej);;;;;;Częściowe braki;przestarzała strona (stopka 2015);"nowa strona (mobile, HTTPS); witryna/szyld, odzież dla personelu (do sprawdzenia na miejscu; oferta zależy od branży)";nie kontaktowano;OpenStreetMap (shop=hairdresser, node/10593886481);2026-10-10
Fryzjerzy i beauty;B;4;Hairstudio Gorgeous;Waalre;Markt 24 5581GK;https://www.hairstudio-gorgeous.nl/;BŁĄD STRONY (do potwierdzenia);;;;;;NIEUSTALONE (wymaga zdjęć lub wizji lokalnej);;;;;;Duże braki online;strona zwróciła błąd (do potwierdzenia);"nowa/naprawiona strona; witryna/szyld, odzież dla personelu (do sprawdzenia na miejscu; oferta zależy od branży)";nie kontaktowano;OpenStreetMap (shop=hairdresser, node/2931188816);2026-10-10
Fryzjerzy i beauty;B;4;Hairstylist Reon;Eindhoven;Geldropseweg 2E 5611SH;https://reon.nl;PRZESTARZAŁA;tak;tak;2018;;Facebook, LinkedIn;NIEUSTALONE (wymaga zdjęć lub wizji lokalnej);;;;;;Częściowe braki;przestarzała strona (stopka 2018);"nowa strona (mobile, HTTPS); witryna/szyld, odzież dla personelu (do sprawdzenia na miejscu; oferta zależy od branży)";nie kontaktowano;OpenStreetMap (shop=hairdresser, node/2759558166);2026-10-10
Fryzjerzy i beauty;B;4;Hoepelman;Best;Raadhuisplein 3;https://www.hoepelman-kappers.nl/best/;OK;tak;tak;2026;WordPress;;NIEUSTALONE (wymaga zdjęć lub wizji lokalnej);rekrutuje;;;;;Częściowe braki;nie znaleziono social media na stronie;"materiały do social media; witryna/szyld, odzież dla personelu (do sprawdzenia na miejscu; oferta zależy od branży); odzież/oklejenie dla nowych ludzi i aut";nie kontaktowano;OpenStreetMap (shop=hairdresser, node/1573148631);2026-10-10
Fryzjerzy i beauty;B;4;House of Hair no.1 / Q kappers;Waalre;Willibrorduslaan 34 5581GE;"https://houseofhair1.nl/;https://qkappers.nl/";BŁĄD STRONY (do potwierdzenia);;;;;;NIEUSTALONE (wymaga zdjęć lub wizji lokalnej);;;;;;Duże braki online;strona zwróciła błąd (do potwierdzenia);"nowa/naprawiona strona; witryna/szyld, odzież dla personelu (do sprawdzenia na miejscu; oferta zależy od branży)";nie kontaktowano;OpenStreetMap (shop=hairdresser, node/2931391430);2026-10-10
Fryzjerzy i beauty;B;4;Kapper Barberios;Eindhoven;'t College 21 5611EJ;https://www.barberios.nl;PRZESTARZAŁA;tak;tak;2015;WordPress;Facebook, Instagram;NIEUSTALONE (wymaga zdjęć lub wizji lokalnej);;;;;;Częściowe braki;przestarzała strona (stopka 2015);"nowa strona (mobile, HTTPS); witryna/szyld, odzież dla personelu (do sprawdzenia na miejscu; oferta zależy od branży)";nie kontaktowano;OpenStreetMap (shop=hairdresser, node/2765281346);2026-10-10
Fryzjerzy i beauty;B;4;Kapperij Zowezo;Eindhoven;Wijngaardplein 54 5632MC;https://zowezo.nl;PRZESTARZAŁA;tak;tak;2016;;Facebook;NIEUSTALONE (wymaga zdjęć lub wizji lokalnej);;;;;;Częściowe braki;przestarzała strona (stopka 2016);"nowa strona (mobile, HTTPS); witryna/szyld, odzież dla personelu (do sprawdzenia na miejscu; oferta zależy od branży)";nie kontaktowano;OpenStreetMap (shop=hairdresser, node/2734159185);2026-10-10
Fryzjerzy i beauty;B;4;Kappucino Hair & Beauty;Eindhoven;Bredalaan 153 5652JD;http://www.kappucino.nl;BŁĄD STRONY (do potwierdzenia);;;;;;NIEUSTALONE (wymaga zdjęć lub wizji lokalnej);;;;;;Duże braki online;strona zwróciła błąd (do potwierdzenia);"nowa/naprawiona strona; witryna/szyld, odzież dla personelu (do sprawdzenia na miejscu; oferta zależy od branży)";nie kontaktowano;OpenStreetMap (shop=hairdresser, node/2713937567);2026-10-10
Fryzjerzy i beauty;B;4;Kapsalom Basim;Helmond;Veestraat 24E 5701RD;https://www.helmondcentrum.nl/locaties/lijstenmakerij-galerie-de-haas/;BŁĄD STRONY (do potwierdzenia);;;;;Facebook, Instagram;NIEUSTALONE (wymaga zdjęć lub wizji lokalnej);;;;;;Duże braki online;strona zwróciła błąd (do potwierdzenia);"nowa/naprawiona strona; witryna/szyld, odzież dla personelu (do sprawdzenia na miejscu; oferta zależy od branży)";nie kontaktowano;OpenStreetMap (shop=hairdresser, node/2903871176);2026-10-10
Fryzjerzy i beauty;B;4;Kapsalon La Jeunesse;Son en Breugel;Nieuwstraat 44 5691AD;http://www.kapsalonlajeunesse.nl/;PRZESTARZAŁA;nie;nie;2026;;Facebook;NIEUSTALONE (wymaga zdjęć lub wizji lokalnej);;;;;;Częściowe braki;przestarzała strona (brak HTTPS, nie na telefon);"nowa strona (mobile, HTTPS); witryna/szyld, odzież dla personelu (do sprawdzenia na miejscu; oferta zależy od branży)";nie kontaktowano;OpenStreetMap (shop=hairdresser, node/2792750158);2026-10-10
Fryzjerzy i beauty;B;4;Karakter Kapper;Helmond;Nieuwveld 11 5702HW;http://www.karakterkapper.com/;PRZESTARZAŁA;nie;nie;;;Facebook;NIEUSTALONE (wymaga zdjęć lub wizji lokalnej);;;;;;Częściowe braki;przestarzała strona (brak HTTPS, nie na telefon);"nowa strona (mobile, HTTPS); witryna/szyld, odzież dla personelu (do sprawdzenia na miejscu; oferta zależy od branży)";nie kontaktowano;OpenStreetMap (shop=hairdresser, node/2903254399);2026-10-10
Fryzjerzy i beauty;B;4;Max Barbershop;Gemert;Haageijk 8 5421KW;https://www.maxbarbershop.nl;PRZESTARZAŁA;tak;nie;;WordPress;Facebook, Instagram;NIEUSTALONE (wymaga zdjęć lub wizji lokalnej);;;;;;Częściowe braki;przestarzała strona (nie na telefon);"nowa strona (mobile, HTTPS); witryna/szyld, odzież dla personelu (do sprawdzenia na miejscu; oferta zależy od branży)";nie kontaktowano;OpenStreetMap (shop=hairdresser, node/3005555959);2026-10-10
Fryzjerzy i beauty;B;4;Oneness;Eindhoven;Hallenweg 11B 5615PP;https://www.darkos-oneness.nl/studio;PRZESTARZAŁA;tak;nie;;;Facebook, Instagram;NIEUSTALONE (wymaga zdjęć lub wizji lokalnej);;;;;;Częściowe braki;przestarzała strona (nie na telefon);"nowa strona (mobile, HTTPS); witryna/szyld, odzież dla personelu (do sprawdzenia na miejscu; oferta zależy od branży)";nie kontaktowano;OpenStreetMap (shop=tattoo, node/2748414369);2026-10-10
Fryzjerzy i beauty;B;4;Orange Kappers;Helmond;Nieuwveld 47 5702HW;https://www.orangekappers.nl/;OK;tak;tak;2026;;;NIEUSTALONE (wymaga zdjęć lub wizji lokalnej);rekrutuje;;;;;Częściowe braki;nie znaleziono social media na stronie;"materiały do social media; witryna/szyld, odzież dla personelu (do sprawdzenia na miejscu; oferta zależy od branży); odzież/oklejenie dla nowych ludzi i aut";nie kontaktowano;OpenStreetMap (shop=hairdresser, node/2903266532);2026-10-10
Fryzjerzy i beauty;B;4;Tattoo Joey;Geldrop;Korte Kerkstraat 17 5664HE;https://tattoojoey.nl;OK;tak;tak;;WordPress;;NIEUSTALONE (wymaga zdjęć lub wizji lokalnej);rekrutuje;;;;;Częściowe braki;nie znaleziono social media na stronie;"materiały do social media; witryna/szyld, odzież dla personelu (do sprawdzenia na miejscu; oferta zależy od branży); odzież/oklejenie dla nowych ludzi i aut";nie kontaktowano;OpenStreetMap (shop=tattoo, node/2872354928);2026-10-10
Fryzjerzy i beauty;C;3;'t Kappertje;Helmond;Hoofdstraat 135B 5706AL;;NIE ZNALEZIONO STRONY W DANYCH;;;;;;NIEUSTALONE (wymaga zdjęć lub wizji lokalnej);;;;;;Do sprawdzenia;strony nie ma w danych mapy (do sprawdzenia);"jeśli faktycznie brak: strona WWW; witryna/szyld, odzież dla personelu (do sprawdzenia na miejscu; oferta zależy od branży)";nie kontaktowano;OpenStreetMap (shop=hairdresser, node/2901716999);2026-10-10
Fryzjerzy i beauty;C;3;Affinity Beauty & Nails;Veldhoven;Heuvel 9 5502AJ;;NIE ZNALEZIONO STRONY W DANYCH;;;;;;NIEUSTALONE (wymaga zdjęć lub wizji lokalnej);;;;;;Do sprawdzenia;strony nie ma w danych mapy (do sprawdzenia);"jeśli faktycznie brak: strona WWW; witryna/szyld, odzież dla personelu (do sprawdzenia na miejscu; oferta zależy od branży)";nie kontaktowano;OpenStreetMap (shop=beauty, node/2833326943);2026-10-10
Fryzjerzy i beauty;C;3;AissA;;;;NIE ZNALEZIONO STRONY W DANYCH;;;;;;NIEUSTALONE (wymaga zdjęć lub wizji lokalnej);;;;;;Do sprawdzenia;strony nie ma w danych mapy (do sprawdzenia);"jeśli faktycznie brak: strona WWW; witryna/szyld, odzież dla personelu (do sprawdzenia na miejscu; oferta zależy od branży)";nie kontaktowano;OpenStreetMap (shop=hairdresser, node/13113108496);2026-10-10
Fryzjerzy i beauty;C;3;Alisha;;;;NIE ZNALEZIONO STRONY W DANYCH;;;;;;NIEUSTALONE (wymaga zdjęć lub wizji lokalnej);;;;;;Do sprawdzenia;strony nie ma w danych mapy (do sprawdzenia);"jeśli faktycznie brak: strona WWW; witryna/szyld, odzież dla personelu (do sprawdzenia na miejscu; oferta zależy od branży)";nie kontaktowano;OpenStreetMap (shop=massage, node/11955472201);2026-10-10
Fryzjerzy i beauty;C;3;Allin1;;;;NIE ZNALEZIONO STRONY W DANYCH;;;;;;NIEUSTALONE (wymaga zdjęć lub wizji lokalnej);;;;;;Do sprawdzenia;strony nie ma w danych mapy (do sprawdzenia);"jeśli faktycznie brak: strona WWW; witryna/szyld, odzież dla personelu (do sprawdzenia na miejscu; oferta zależy od branży)";nie kontaktowano;OpenStreetMap (shop=beauty, node/3446864537);2026-10-10
Fryzjerzy i beauty;C;3;Angels Aesthetic;Eindhoven;Poeijersstraat 50 5642GD;;NIE ZNALEZIONO STRONY W DANYCH;;;;;;NIEUSTALONE (wymaga zdjęć lub wizji lokalnej);;;;;;Do sprawdzenia;strony nie ma w danych mapy (do sprawdzenia);"jeśli faktycznie brak: strona WWW; witryna/szyld, odzież dla personelu (do sprawdzenia na miejscu; oferta zależy od branży)";nie kontaktowano;OpenStreetMap (shop=beauty, node/2746519788);2026-10-10
Fryzjerzy i beauty;C;3;ANOUK;Someren;Wilhelminaplein 22 5711EL;https://www.anouk.nu/;OK;tak;tak;;WordPress;Facebook, Instagram;NIEUSTALONE (wymaga zdjęć lub wizji lokalnej);sklep online;;;;;Podstawy online OK;;"witryna/szyld, odzież dla personelu (do sprawdzenia na miejscu; oferta zależy od branży)";nie kontaktowano;OpenStreetMap (shop=hairdresser, node/2852575814);2026-10-10
Fryzjerzy i beauty;C;3;Antoine Pour Toi;Eindhoven;Hoogstraat 10 5611JR;;NIE ZNALEZIONO STRONY W DANYCH;;;;;;NIEUSTALONE (wymaga zdjęć lub wizji lokalnej);;;;;;Do sprawdzenia;strony nie ma w danych mapy (do sprawdzenia);"jeśli faktycznie brak: strona WWW; witryna/szyld, odzież dla personelu (do sprawdzenia na miejscu; oferta zależy od branży)";nie kontaktowano;OpenStreetMap (shop=hairdresser, node/2764371100);2026-10-10
Fryzjerzy i beauty;C;3;Arbil;Eindhoven;Geldropseweg 59 5611SC;;NIE ZNALEZIONO STRONY W DANYCH;;;;;;NIEUSTALONE (wymaga zdjęć lub wizji lokalnej);;;;;;Do sprawdzenia;strony nie ma w danych mapy (do sprawdzenia);"jeśli faktycznie brak: strona WWW; witryna/szyld, odzież dla personelu (do sprawdzenia na miejscu; oferta zależy od branży)";nie kontaktowano;OpenStreetMap (shop=hairdresser, node/2759646653);2026-10-10
Fryzjerzy i beauty;C;3;Arena Kappers;Eindhoven;Bergstraat 40 5611JZ;;NIE ZNALEZIONO STRONY W DANYCH;;;;;;NIEUSTALONE (wymaga zdjęć lub wizji lokalnej);;;;;;Do sprawdzenia;strony nie ma w danych mapy (do sprawdzenia);"jeśli faktycznie brak: strona WWW; witryna/szyld, odzież dla personelu (do sprawdzenia na miejscu; oferta zależy od branży)";nie kontaktowano;OpenStreetMap (shop=hairdresser, node/2764376127);2026-10-10
Fryzjerzy i beauty;C;3;Arena Kappers Eersel;Eersel;Markt 24 5521AL;;NIE ZNALEZIONO STRONY W DANYCH;;;;;;NIEUSTALONE (wymaga zdjęć lub wizji lokalnej);;;;;;Do sprawdzenia;strony nie ma w danych mapy (do sprawdzenia);"jeśli faktycznie brak: strona WWW; witryna/szyld, odzież dla personelu (do sprawdzenia na miejscu; oferta zależy od branży)";nie kontaktowano;OpenStreetMap (shop=hairdresser, node/2828638877);2026-10-10
Fryzjerzy i beauty;C;3;Atlas;;;;NIE ZNALEZIONO STRONY W DANYCH;;;;;;NIEUSTALONE (wymaga zdjęć lub wizji lokalnej);;;;;;Do sprawdzenia;strony nie ma w danych mapy (do sprawdzenia);"jeśli faktycznie brak: strona WWW; witryna/szyld, odzież dla personelu (do sprawdzenia na miejscu; oferta zależy od branży)";nie kontaktowano;OpenStreetMap (shop=hairdresser, node/2794442356);2026-10-10
Fryzjerzy i beauty;C;3;Baan Chockdee;Eindhoven;van Ennettenstraat 61 5645MD;https://www.baanchockdee.nl/;OK;tak;tak;;Wix;Facebook, Instagram;NIEUSTALONE (wymaga zdjęć lub wizji lokalnej);rekrutuje;;;;;Podstawy online OK;;"witryna/szyld, odzież dla personelu (do sprawdzenia na miejscu; oferta zależy od branży); odzież/oklejenie dla nowych ludzi i aut";nie kontaktowano;OpenStreetMap (shop=massage, node/2742840782);2026-10-10
Fryzjerzy i beauty;C;3;Baan Thai Massage;;;;NIE ZNALEZIONO STRONY W DANYCH;;;;;;NIEUSTALONE (wymaga zdjęć lub wizji lokalnej);;;;;;Do sprawdzenia;strony nie ma w danych mapy (do sprawdzenia);"jeśli faktycznie brak: strona WWW; witryna/szyld, odzież dla personelu (do sprawdzenia na miejscu; oferta zależy od branży)";nie kontaktowano;OpenStreetMap (shop=massage, node/12181865792);2026-10-10
Fryzjerzy i beauty;C;3;Barber Farry;Eindhoven;Bredalaan 115 5652JC;;NIE ZNALEZIONO STRONY W DANYCH;;;;;;NIEUSTALONE (wymaga zdjęć lub wizji lokalnej);;;;;;Do sprawdzenia;strony nie ma w danych mapy (do sprawdzenia);"jeśli faktycznie brak: strona WWW; witryna/szyld, odzież dla personelu (do sprawdzenia na miejscu; oferta zależy od branży)";nie kontaktowano;OpenStreetMap (shop=hairdresser, node/537130094);2026-10-10
Fryzjerzy i beauty;C;3;Barber Shop Saif;Eindhoven;Kruisstraat 94 5612CL;https://barbershopsaif.nl/;OK;tak;tak;;WordPress;;NIEUSTALONE (wymaga zdjęć lub wizji lokalnej);;;;;;Częściowe braki;nie znaleziono social media na stronie;"materiały do social media; witryna/szyld, odzież dla personelu (do sprawdzenia na miejscu; oferta zależy od branży)";nie kontaktowano;OpenStreetMap (shop=hairdresser, node/2778295225);2026-10-10
Fryzjerzy i beauty;C;3;Barberaz;Waalre;Den Hof 114 5582JZ;;NIE ZNALEZIONO STRONY W DANYCH;;;;;;NIEUSTALONE (wymaga zdjęć lub wizji lokalnej);;;;;;Do sprawdzenia;strony nie ma w danych mapy (do sprawdzenia);"jeśli faktycznie brak: strona WWW; witryna/szyld, odzież dla personelu (do sprawdzenia na miejscu; oferta zależy od branży)";nie kontaktowano;OpenStreetMap (shop=hairdresser, node/2929818622);2026-10-10
Fryzjerzy i beauty;C;3;Barbers & Brothers;Eindhoven;Vrijstraat 15A 5611AT;;NIE ZNALEZIONO STRONY W DANYCH;;;;;;NIEUSTALONE (wymaga zdjęć lub wizji lokalnej);;;;;;Do sprawdzenia;strony nie ma w danych mapy (do sprawdzenia);"jeśli faktycznie brak: strona WWW; witryna/szyld, odzież dla personelu (do sprawdzenia na miejscu; oferta zależy od branży)";nie kontaktowano;OpenStreetMap (shop=hairdresser, node/4754732221);2026-10-10
Fryzjerzy i beauty;C;3;Barbershop Best Barbers;Oirschot;de Loop 34 5688EW;;NIE ZNALEZIONO STRONY W DANYCH;;;;;;NIEUSTALONE (wymaga zdjęć lub wizji lokalnej);;;;;;Do sprawdzenia;strony nie ma w danych mapy (do sprawdzenia);"jeśli faktycznie brak: strona WWW; witryna/szyld, odzież dla personelu (do sprawdzenia na miejscu; oferta zależy od branży)";nie kontaktowano;OpenStreetMap (shop=hairdresser, node/10810903450);2026-10-10
Fryzjerzy i beauty;C;3;Barbershop Bundy's;;;;NIE ZNALEZIONO STRONY W DANYCH;;;;;;NIEUSTALONE (wymaga zdjęć lub wizji lokalnej);;;;;;Do sprawdzenia;strony nie ma w danych mapy (do sprawdzenia);"jeśli faktycznie brak: strona WWW; witryna/szyld, odzież dla personelu (do sprawdzenia na miejscu; oferta zależy od branży)";nie kontaktowano;OpenStreetMap (shop=hairdresser, node/13938235732);2026-10-10
Fryzjerzy i beauty;C;3;Barbershop Grey;Helmond;Heistraat 2E 5701HN;;NIE ZNALEZIONO STRONY W DANYCH;;;;;;NIEUSTALONE (wymaga zdjęć lub wizji lokalnej);;;;;;Do sprawdzenia;strony nie ma w danych mapy (do sprawdzenia);"jeśli faktycznie brak: strona WWW; witryna/szyld, odzież dla personelu (do sprawdzenia na miejscu; oferta zależy od branży)";nie kontaktowano;OpenStreetMap (shop=hairdresser, node/2903871645);2026-10-10
Fryzjerzy i beauty;C;3;Barbershop Hakim;Son en Breugel;Nieuwstraat 48 5691AD;;NIE ZNALEZIONO STRONY W DANYCH;;;;;;NIEUSTALONE (wymaga zdjęć lub wizji lokalnej);;;;;;Do sprawdzenia;strony nie ma w danych mapy (do sprawdzenia);"jeśli faktycznie brak: strona WWW; witryna/szyld, odzież dla personelu (do sprawdzenia na miejscu; oferta zależy od branży)";nie kontaktowano;OpenStreetMap (shop=hairdresser, node/2792750250);2026-10-10
Fryzjerzy i beauty;C;3;Barbershop Shave&Go;Eindhoven;Tongelresestraat 158 5613DP;;NIE ZNALEZIONO STRONY W DANYCH;;;;;;NIEUSTALONE (wymaga zdjęć lub wizji lokalnej);;;;;;Do sprawdzenia;strony nie ma w danych mapy (do sprawdzenia);"jeśli faktycznie brak: strona WWW; witryna/szyld, odzież dla personelu (do sprawdzenia na miejscu; oferta zależy od branży)";nie kontaktowano;OpenStreetMap (shop=hairdresser, node/528943248);2026-10-10
Fryzjerzy i beauty;C;3;BE.YOU.TY Hairsalon;Veldhoven;Kromstraat 4A 5504BC;;NIE ZNALEZIONO STRONY W DANYCH;;;;;;NIEUSTALONE (wymaga zdjęć lub wizji lokalnej);;;;;;Do sprawdzenia;strony nie ma w danych mapy (do sprawdzenia);"jeśli faktycznie brak: strona WWW; witryna/szyld, odzież dla personelu (do sprawdzenia na miejscu; oferta zależy od branży)";nie kontaktowano;OpenStreetMap (shop=hairdresser, node/2833147858);2026-10-10
Fryzjerzy i beauty;C;3;Beauty & Lef;Bladel;Jacob Meijerweg 5 5531CW;https://beautyenlef.nl/index.htm;OK;tak;tak;2024;;;NIEUSTALONE (wymaga zdjęć lub wizji lokalnej);;;;;;Częściowe braki;nie znaleziono social media na stronie;"materiały do social media; witryna/szyld, odzież dla personelu (do sprawdzenia na miejscu; oferta zależy od branży)";nie kontaktowano;OpenStreetMap (shop=massage, node/2827066900);2026-10-10
Fryzjerzy i beauty;C;3;Beauty Corner;Helmond;Kluisstraat 1 5701KP;;NIE ZNALEZIONO STRONY W DANYCH;;;;;;NIEUSTALONE (wymaga zdjęć lub wizji lokalnej);;;;;;Do sprawdzenia;strony nie ma w danych mapy (do sprawdzenia);"jeśli faktycznie brak: strona WWW; witryna/szyld, odzież dla personelu (do sprawdzenia na miejscu; oferta zależy od branży)";nie kontaktowano;OpenStreetMap (shop=beauty, node/2903863752);2026-10-10
Fryzjerzy i beauty;C;3;Beauty Secrets;Son en Breugel;Nieuwstraat 42 5691AD;;NIE ZNALEZIONO STRONY W DANYCH;;;;;;NIEUSTALONE (wymaga zdjęć lub wizji lokalnej);;;;;;Do sprawdzenia;strony nie ma w danych mapy (do sprawdzenia);"jeśli faktycznie brak: strona WWW; witryna/szyld, odzież dla personelu (do sprawdzenia na miejscu; oferta zależy od branży)";nie kontaktowano;OpenStreetMap (shop=beauty, node/2792750102);2026-10-10
Fryzjerzy i beauty;C;3;Beautysalon Ashley;Eindhoven;Botenlaan 78 5652CB;;NIE ZNALEZIONO STRONY W DANYCH;;;;;;NIEUSTALONE (wymaga zdjęć lub wizji lokalnej);;;;;;Do sprawdzenia;strony nie ma w danych mapy (do sprawdzenia);"jeśli faktycznie brak: strona WWW; witryna/szyld, odzież dla personelu (do sprawdzenia na miejscu; oferta zależy od branży)";nie kontaktowano;OpenStreetMap (shop=beauty, node/2713851218);2026-10-10
Fryzjerzy i beauty;C;3;Belle Nouvelle Piercing;Eindhoven;Kruisstraat 113 5612CE;;NIE ZNALEZIONO STRONY W DANYCH;;;;;;NIEUSTALONE (wymaga zdjęć lub wizji lokalnej);;;;;;Do sprawdzenia;strony nie ma w danych mapy (do sprawdzenia);"jeśli faktycznie brak: strona WWW; witryna/szyld, odzież dla personelu (do sprawdzenia na miejscu; oferta zależy od branży)";nie kontaktowano;OpenStreetMap (shop=tattoo, node/2777940447);2026-10-10
Fryzjerzy i beauty;C;3;Ben Goede Coiffures;Mierlo;Dorpsstraat 208 5731JL;https://www.bengoede.nl/;OK;tak;tak;2025;Webflow;Facebook, Instagram;NIEUSTALONE (wymaga zdjęć lub wizji lokalnej);rekrutuje;;;;;Podstawy online OK;;"witryna/szyld, odzież dla personelu (do sprawdzenia na miejscu; oferta zależy od branży); odzież/oklejenie dla nowych ludzi i aut";nie kontaktowano;OpenStreetMap (shop=hairdresser, node/2876613398);2026-10-10
Fryzjerzy i beauty;C;3;Bij Hullie;Gemert;Nieuwstraat 57 5421KN;https://bijhullie.nl;OK;tak;tak;;WordPress;;NIEUSTALONE (wymaga zdjęć lub wizji lokalnej);;;;;;Częściowe braki;nie znaleziono social media na stronie;"materiały do social media; witryna/szyld, odzież dla personelu (do sprawdzenia na miejscu; oferta zależy od branży)";nie kontaktowano;OpenStreetMap (shop=hairdresser, node/3005553717);2026-10-10
Fryzjerzy i beauty;C;3;BL3ND;Maarheeze;Smits van Oyenlaan 1a 6026CN;;NIE ZNALEZIONO STRONY W DANYCH;;;;;;NIEUSTALONE (wymaga zdjęć lub wizji lokalnej);;;;;;Do sprawdzenia;strony nie ma w danych mapy (do sprawdzenia);"jeśli faktycznie brak: strona WWW; witryna/szyld, odzież dla personelu (do sprawdzenia na miejscu; oferta zależy od branży)";nie kontaktowano;OpenStreetMap (shop=hairdresser, node/2839389409);2026-10-10
Fryzjerzy i beauty;C;3;Black to blond;Eindhoven;Grote Berg 58 5611KL;;NIE ZNALEZIONO STRONY W DANYCH;;;;;;NIEUSTALONE (wymaga zdjęć lub wizji lokalnej);;;;;;Do sprawdzenia;strony nie ma w danych mapy (do sprawdzenia);"jeśli faktycznie brak: strona WWW; witryna/szyld, odzież dla personelu (do sprawdzenia na miejscu; oferta zależy od branży)";nie kontaktowano;OpenStreetMap (shop=hairdresser, node/2764377655);2026-10-10
Fryzjerzy i beauty;C;3;Blitz Kapper;Someren;Postelstraat 7 5711EM;http://www.blitz-kapper.nl/;OK;tak;tak;2022;WordPress;Facebook, Instagram;NIEUSTALONE (wymaga zdjęć lub wizji lokalnej);nowa lokalizacja;;;;;Podstawy online OK;;"witryna/szyld, odzież dla personelu (do sprawdzenia na miejscu; oferta zależy od branży); oznakowanie nowej lokalizacji / start marki";nie kontaktowano;OpenStreetMap (shop=hairdresser, node/2852583810);2026-10-10
Fryzjerzy i beauty;C;3;Blownaway;Eindhoven;Willem de Zwijgerstraat 2D 5611JL;https://www.blownawayeindhoven.nl;OK;tak;tak;2026;Shopify;Facebook, Instagram;NIEUSTALONE (wymaga zdjęć lub wizji lokalnej);sklep online;;;;;Podstawy online OK;;"witryna/szyld, odzież dla personelu (do sprawdzenia na miejscu; oferta zależy od branży)";nie kontaktowano;OpenStreetMap (shop=hairdresser, node/2764375189);2026-10-10
Fryzjerzy i beauty;C;3;BlueSun;;;https://www.bluesun.nl;OK;tak;tak;2026;WordPress;;NIEUSTALONE (wymaga zdjęć lub wizji lokalnej);;;;;;Częściowe braki;nie znaleziono social media na stronie;"materiały do social media; witryna/szyld, odzież dla personelu (do sprawdzenia na miejscu; oferta zależy od branży)";nie kontaktowano;OpenStreetMap (shop=beauty, node/8250778902);2026-10-10
Fryzjerzy i beauty;C;3;Bo Hair Bladel;Bladel;Charel Baelemanshofke 14 5531EG;https://www.bo-hair.nl/;OK;tak;tak;;Webflow;;NIEUSTALONE (wymaga zdjęć lub wizji lokalnej);;;;;;Częściowe braki;nie znaleziono social media na stronie;"materiały do social media; witryna/szyld, odzież dla personelu (do sprawdzenia na miejscu; oferta zależy od branży)";nie kontaktowano;OpenStreetMap (shop=hairdresser, node/2827054517);2026-10-10
Fryzjerzy i beauty;C;3;Bobline;Eindhoven;Geldropseweg 61A 5611SE;https://www.boblinehairandbeauty.nl;OK;tak;tak;;WordPress;Facebook, Instagram;NIEUSTALONE (wymaga zdjęć lub wizji lokalnej);rekrutuje;;;;;Podstawy online OK;;"witryna/szyld, odzież dla personelu (do sprawdzenia na miejscu; oferta zależy od branży); odzież/oklejenie dla nowych ludzi i aut";nie kontaktowano;OpenStreetMap (shop=hairdresser, node/2759646894);2026-10-10
Fryzjerzy i beauty;C;3;Brabantse Barbers;Veldhoven;Dorpstraat 35 5504HA;https://www.brabantsebarbers.nl;OK;tak;tak;;Wix;Facebook, Instagram;NIEUSTALONE (wymaga zdjęć lub wizji lokalnej);rekrutuje;;;;;Podstawy online OK;;"witryna/szyld, odzież dla personelu (do sprawdzenia na miejscu; oferta zależy od branży); odzież/oklejenie dla nowych ludzi i aut";nie kontaktowano;OpenStreetMap (shop=hairdresser, node/2833146828);2026-10-10
Fryzjerzy i beauty;C;3;By Seli's;Helmond;Vondellaan 2 5702AK;;NIE ZNALEZIONO STRONY W DANYCH;;;;;;NIEUSTALONE (wymaga zdjęć lub wizji lokalnej);;;;;;Do sprawdzenia;strony nie ma w danych mapy (do sprawdzenia);"jeśli faktycznie brak: strona WWW; witryna/szyld, odzież dla personelu (do sprawdzenia na miejscu; oferta zależy od branży)";nie kontaktowano;OpenStreetMap (shop=hairdresser, node/2903255182);2026-10-10
Fryzjerzy i beauty;C;3;Chique 4u;Helmond;Noord Koninginnewal 27 5701NJ;;NIE ZNALEZIONO STRONY W DANYCH;;;;;Facebook;NIEUSTALONE (wymaga zdjęć lub wizji lokalnej);;;;;;Do sprawdzenia;strony nie ma w danych mapy (do sprawdzenia);"jeśli faktycznie brak: strona WWW; witryna/szyld, odzież dla personelu (do sprawdzenia na miejscu; oferta zależy od branży)";nie kontaktowano;OpenStreetMap (shop=hairdresser, node/2903871516);2026-10-10
Fryzjerzy i beauty;C;3;Coiffeur Faissal;;;;NIE ZNALEZIONO STRONY W DANYCH;;;;;;NIEUSTALONE (wymaga zdjęć lub wizji lokalnej);;;;;;Do sprawdzenia;strony nie ma w danych mapy (do sprawdzenia);"jeśli faktycznie brak: strona WWW; witryna/szyld, odzież dla personelu (do sprawdzenia na miejscu; oferta zależy od branży)";nie kontaktowano;OpenStreetMap (shop=hairdresser, node/13152423411);2026-10-10
Fryzjerzy i beauty;C;3;Cosmetique Totale Eindhoven;Eindhoven;Heezerweg 256G 5643KJ;https://www.cosmetique-totale.com/nl-nl/vestigingen/huidtherapie-eindhoven;OK;tak;tak;2026;;Facebook, Instagram, LinkedIn, TikTok, YouTube;NIEUSTALONE (wymaga zdjęć lub wizji lokalnej);rekrutuje;;;;;Podstawy online OK;;"witryna/szyld, odzież dla personelu (do sprawdzenia na miejscu; oferta zależy od branży); odzież/oklejenie dla nowych ludzi i aut";nie kontaktowano;OpenStreetMap (shop=beauty, node/4948231542);2026-10-10
Fryzjerzy i beauty;C;3;Cosmo Hairstyling;Eindhoven;Winkelcentrum Woensel 74A 5625AD;https://cosmohairstyling.com/salons/cosmo-hairstyling-eindhoven-woensel/;OK;tak;tak;;;Facebook, Instagram, TikTok;NIEUSTALONE (wymaga zdjęć lub wizji lokalnej);rekrutuje;;;;;Podstawy online OK;;"witryna/szyld, odzież dla personelu (do sprawdzenia na miejscu; oferta zależy od branży); odzież/oklejenie dla nowych ludzi i aut";nie kontaktowano;OpenStreetMap (shop=hairdresser, node/2751971053);2026-10-10
Fryzjerzy i beauty;C;3;Daans Schoonheidssalon;Veldhoven;Marter 24 5508MP;;NIE ZNALEZIONO STRONY W DANYCH;;;;;;NIEUSTALONE (wymaga zdjęć lub wizji lokalnej);;;;;;Do sprawdzenia;strony nie ma w danych mapy (do sprawdzenia);"jeśli faktycznie brak: strona WWW; witryna/szyld, odzież dla personelu (do sprawdzenia na miejscu; oferta zależy od branży)";nie kontaktowano;OpenStreetMap (shop=beauty, node/2833072435);2026-10-10
Fryzjerzy i beauty;C;3;Daansalon;;;;NIE ZNALEZIONO STRONY W DANYCH;;;;;;NIEUSTALONE (wymaga zdjęć lub wizji lokalnej);;;;;;Do sprawdzenia;strony nie ma w danych mapy (do sprawdzenia);"jeśli faktycznie brak: strona WWW; witryna/szyld, odzież dla personelu (do sprawdzenia na miejscu; oferta zależy od branży)";nie kontaktowano;OpenStreetMap (shop=hairdresser, node/1741832443);2026-10-10
Fryzjerzy i beauty;C;3;Danny's Tattoo Place;Eindhoven;Leenderweg 315 5643AK;;NIE ZNALEZIONO STRONY W DANYCH;;;;;;NIEUSTALONE (wymaga zdjęć lub wizji lokalnej);;;;;;Do sprawdzenia;strony nie ma w danych mapy (do sprawdzenia);"jeśli faktycznie brak: strona WWW; witryna/szyld, odzież dla personelu (do sprawdzenia na miejscu; oferta zależy od branży)";nie kontaktowano;OpenStreetMap (shop=tattoo, node/2740215783);2026-10-10
Fryzjerzy i beauty;C;3;De Barbier;Son en Breugel;Nieuwstraat 26 5691AC;https://www.barbierson.nl;OK;tak;tak;2026;;;NIEUSTALONE (wymaga zdjęć lub wizji lokalnej);;;;;;Częściowe braki;nie znaleziono social media na stronie;"materiały do social media; witryna/szyld, odzież dla personelu (do sprawdzenia na miejscu; oferta zależy od branży)";nie kontaktowano;OpenStreetMap (shop=hairdresser, node/2792748625);2026-10-10
Fryzjerzy i beauty;C;3;De Gezichtskliniek;Eindhoven;Leenderweg 83 5614HL;https://www.degezichtskliniek.nl/klinieken/botox-fillers-eindhoven;OK;tak;tak;;Wix;Facebook, Instagram, TikTok;NIEUSTALONE (wymaga zdjęć lub wizji lokalnej);rekrutuje;;;;;Podstawy online OK;;"witryna/szyld, odzież dla personelu (do sprawdzenia na miejscu; oferta zależy od branży); odzież/oklejenie dla nowych ludzi i aut";nie kontaktowano;OpenStreetMap (shop=beauty, node/2758435331);2026-10-10
Fryzjerzy i beauty;C;3;De Haarstudio;Someren;Postelstraat 11a 5711EM;;NIE ZNALEZIONO STRONY W DANYCH;;;;;;NIEUSTALONE (wymaga zdjęć lub wizji lokalnej);;;;;;Do sprawdzenia;strony nie ma w danych mapy (do sprawdzenia);"jeśli faktycznie brak: strona WWW; witryna/szyld, odzież dla personelu (do sprawdzenia na miejscu; oferta zależy od branży)";nie kontaktowano;OpenStreetMap (shop=hairdresser, node/4575068152);2026-10-10
Fryzjerzy i beauty;C;3;De Heerensalon;Bladel;Sniederslaan 75 5531EH;https://deheerensalon.nl/;OK;tak;tak;2024;WordPress;;NIEUSTALONE (wymaga zdjęć lub wizji lokalnej);;;;;;Częściowe braki;nie znaleziono social media na stronie;"materiały do social media; witryna/szyld, odzież dla personelu (do sprawdzenia na miejscu; oferta zależy od branży)";nie kontaktowano;OpenStreetMap (shop=hairdresser, node/2827070440);2026-10-10
Fryzjerzy i beauty;C;3;De Kapsalon;;;;NIE ZNALEZIONO STRONY W DANYCH;;;;;;NIEUSTALONE (wymaga zdjęć lub wizji lokalnej);;;;;;Do sprawdzenia;strony nie ma w danych mapy (do sprawdzenia);"jeśli faktycznie brak: strona WWW; witryna/szyld, odzież dla personelu (do sprawdzenia na miejscu; oferta zależy od branży)";nie kontaktowano;OpenStreetMap (shop=hairdresser, node/3579525468);2026-10-10
Fryzjerzy i beauty;C;3;Delete waxing;Eindhoven;Willemstraat 6 5611HD;https://www.delete-waxing.com;OK;tak;tak;2026;WordPress;Facebook, Instagram;NIEUSTALONE (wymaga zdjęć lub wizji lokalnej);rekrutuje;;;;;Podstawy online OK;;"witryna/szyld, odzież dla personelu (do sprawdzenia na miejscu; oferta zależy od branży); odzież/oklejenie dla nowych ludzi i aut";nie kontaktowano;OpenStreetMap (shop=beauty, node/2764501074);2026-10-10
Fryzjerzy i beauty;C;3;Dennis Snoeks;Gemert;Burgemeester Rietmanstraat 8a 5421JX;;NIE ZNALEZIONO STRONY W DANYCH;;;;;;NIEUSTALONE (wymaga zdjęć lub wizji lokalnej);;;;;;Do sprawdzenia;strony nie ma w danych mapy (do sprawdzenia);"jeśli faktycznie brak: strona WWW; witryna/szyld, odzież dla personelu (do sprawdzenia na miejscu; oferta zależy od branży)";nie kontaktowano;OpenStreetMap (shop=hairdresser, node/4681329519);2026-10-10
Fryzjerzy i beauty;C;3;Di-De Kapsalon;Helmond;Noord Koninginnewal 17 5701NJ;;NIE ZNALEZIONO STRONY W DANYCH;;;;;;NIEUSTALONE (wymaga zdjęć lub wizji lokalnej);;;;;;Do sprawdzenia;strony nie ma w danych mapy (do sprawdzenia);"jeśli faktycznie brak: strona WWW; witryna/szyld, odzież dla personelu (do sprawdzenia na miejscu; oferta zależy od branży)";nie kontaktowano;OpenStreetMap (shop=hairdresser, node/2903869865);2026-10-10
Fryzjerzy i beauty;C;3;Diamondstylem;Veldhoven;Kerkweg 1D 5504BL;;NIE ZNALEZIONO STRONY W DANYCH;;;;;;NIEUSTALONE (wymaga zdjęć lub wizji lokalnej);;;;;;Do sprawdzenia;strony nie ma w danych mapy (do sprawdzenia);"jeśli faktycznie brak: strona WWW; witryna/szyld, odzież dla personelu (do sprawdzenia na miejscu; oferta zależy od branży)";nie kontaktowano;OpenStreetMap (shop=hairdresser, node/2833145011);2026-10-10
Fryzjerzy i beauty;C;3;Dirk Kappers;Gemert;Binderseind 15 5421CG;;NIE ZNALEZIONO STRONY W DANYCH;;;;;;NIEUSTALONE (wymaga zdjęć lub wizji lokalnej);;;;;;Do sprawdzenia;strony nie ma w danych mapy (do sprawdzenia);"jeśli faktycznie brak: strona WWW; witryna/szyld, odzież dla personelu (do sprawdzenia na miejscu; oferta zależy od branży)";nie kontaktowano;OpenStreetMap (shop=hairdresser, node/3005541090);2026-10-10
Fryzjerzy i beauty;C;3;Dorothé Kapsalon;Gemert;Haageijk 6 5421KW;;NIE ZNALEZIONO STRONY W DANYCH;;;;;;NIEUSTALONE (wymaga zdjęć lub wizji lokalnej);;;;;;Do sprawdzenia;strony nie ma w danych mapy (do sprawdzenia);"jeśli faktycznie brak: strona WWW; witryna/szyld, odzież dla personelu (do sprawdzenia na miejscu; oferta zależy od branży)";nie kontaktowano;OpenStreetMap (shop=hairdresser, node/3005554007);2026-10-10
Fryzjerzy i beauty;C;3;Duskie Dames & Herenkapsalon;Eindhoven;Leenderweg 313 5643AK;;NIE ZNALEZIONO STRONY W DANYCH;;;;;;NIEUSTALONE (wymaga zdjęć lub wizji lokalnej);;;;;;Do sprawdzenia;strony nie ma w danych mapy (do sprawdzenia);"jeśli faktycznie brak: strona WWW; witryna/szyld, odzież dla personelu (do sprawdzenia na miejscu; oferta zależy od branży)";nie kontaktowano;OpenStreetMap (shop=hairdresser, node/2740253093);2026-10-10
Fryzjerzy i beauty;C;3;Eindhoven barbershop;Eindhoven;Lardinoisstraat 24 5611ZZ;;NIE ZNALEZIONO STRONY W DANYCH;;;;;;NIEUSTALONE (wymaga zdjęć lub wizji lokalnej);;;;;;Do sprawdzenia;strony nie ma w danych mapy (do sprawdzenia);"jeśli faktycznie brak: strona WWW; witryna/szyld, odzież dla personelu (do sprawdzenia na miejscu; oferta zależy od branży)";nie kontaktowano;OpenStreetMap (shop=hairdresser, node/2774855338);2026-10-10
Fryzjerzy i beauty;C;3;Elegance nail and spa;Eindhoven;Nieuwstraat 10 5611DB;;NIE ZNALEZIONO STRONY W DANYCH;;;;;;NIEUSTALONE (wymaga zdjęć lub wizji lokalnej);;;;;;Do sprawdzenia;strony nie ma w danych mapy (do sprawdzenia);"jeśli faktycznie brak: strona WWW; witryna/szyld, odzież dla personelu (do sprawdzenia na miejscu; oferta zależy od branży)";nie kontaktowano;OpenStreetMap (shop=beauty, node/2765446715);2026-10-10
Fryzjerzy i beauty;C;3;Elleny;Lieshout;Dorpsstraat 14 5737GC;;NIE ZNALEZIONO STRONY W DANYCH;;;;;;NIEUSTALONE (wymaga zdjęć lub wizji lokalnej);;;;;;Do sprawdzenia;strony nie ma w danych mapy (do sprawdzenia);"jeśli faktycznie brak: strona WWW; witryna/szyld, odzież dla personelu (do sprawdzenia na miejscu; oferta zależy od branży)";nie kontaktowano;OpenStreetMap (shop=hairdresser, node/2898996141);2026-10-10
Fryzjerzy i beauty;C;3;Evita;;;;NIE ZNALEZIONO STRONY W DANYCH;;;;;;NIEUSTALONE (wymaga zdjęć lub wizji lokalnej);;;;;;Do sprawdzenia;strony nie ma w danych mapy (do sprawdzenia);"jeśli faktycznie brak: strona WWW; witryna/szyld, odzież dla personelu (do sprawdzenia na miejscu; oferta zależy od branży)";nie kontaktowano;OpenStreetMap (shop=hairdresser, node/12741494605);2026-10-10
Fryzjerzy i beauty;C;3;Faces;Eindhoven;Clausplein 2 5611XP;https://www.faceskappers.nl;OK;tak;tak;;WordPress;Facebook, Instagram;NIEUSTALONE (wymaga zdjęć lub wizji lokalnej);sklep online;;;;;Podstawy online OK;;"witryna/szyld, odzież dla personelu (do sprawdzenia na miejscu; oferta zależy od branży)";nie kontaktowano;OpenStreetMap (shop=hairdresser, node/2764499608);2026-10-10
Fryzjerzy i beauty;C;3;FALLACHI;;;;NIE ZNALEZIONO STRONY W DANYCH;;;;;;NIEUSTALONE (wymaga zdjęć lub wizji lokalnej);;;;;;Do sprawdzenia;strony nie ma w danych mapy (do sprawdzenia);"jeśli faktycznie brak: strona WWW; witryna/szyld, odzież dla personelu (do sprawdzenia na miejscu; oferta zależy od branży)";nie kontaktowano;OpenStreetMap (shop=beauty, node/13113106957);2026-10-10
Fryzjerzy i beauty;C;3;FEM;;;https://femeindhoven.nl;OK;tak;tak;2026;;;NIEUSTALONE (wymaga zdjęć lub wizji lokalnej);;;;;;Częściowe braki;nie znaleziono social media na stronie;"materiały do social media; witryna/szyld, odzież dla personelu (do sprawdzenia na miejscu; oferta zależy od branży)";nie kontaktowano;OpenStreetMap (shop=beauty, node/12992500714);2026-10-10
Fryzjerzy i beauty;C;3;Fiesta;Eindhoven;St Petrus Canisiuslaan 62 5643WG;;NIE ZNALEZIONO STRONY W DANYCH;;;;;;NIEUSTALONE (wymaga zdjęć lub wizji lokalnej);;;;;;Do sprawdzenia;strony nie ma w danych mapy (do sprawdzenia);"jeśli faktycznie brak: strona WWW; witryna/szyld, odzież dla personelu (do sprawdzenia na miejscu; oferta zależy od branży)";nie kontaktowano;OpenStreetMap (shop=hairdresser, node/2743773471);2026-10-10
Fryzjerzy i beauty;C;3;Flexz salon;Eindhoven;Geldropseweg 75 5611SE;;NIE ZNALEZIONO STRONY W DANYCH;;;;;;NIEUSTALONE (wymaga zdjęć lub wizji lokalnej);;;;;;Do sprawdzenia;strony nie ma w danych mapy (do sprawdzenia);"jeśli faktycznie brak: strona WWW; witryna/szyld, odzież dla personelu (do sprawdzenia na miejscu; oferta zależy od branży)";nie kontaktowano;OpenStreetMap (shop=hairdresser, node/2759647212);2026-10-10
Fryzjerzy i beauty;C;3;Florale;Veldhoven;Meiveld 159 5501KH;;NIE ZNALEZIONO STRONY W DANYCH;;;;;;NIEUSTALONE (wymaga zdjęć lub wizji lokalnej);;;;;;Do sprawdzenia;strony nie ma w danych mapy (do sprawdzenia);"jeśli faktycznie brak: strona WWW; witryna/szyld, odzież dla personelu (do sprawdzenia na miejscu; oferta zależy od branży)";nie kontaktowano;OpenStreetMap (shop=beauty, node/2833273306);2026-10-10
Fryzjerzy i beauty;C;3;Freestyle Kappers;Helmond;de Plaetse 163 5708ZK;;NIE ZNALEZIONO STRONY W DANYCH;;;;;;NIEUSTALONE (wymaga zdjęć lub wizji lokalnej);;;;;;Do sprawdzenia;strony nie ma w danych mapy (do sprawdzenia);"jeśli faktycznie brak: strona WWW; witryna/szyld, odzież dla personelu (do sprawdzenia na miejscu; oferta zależy od branży)";nie kontaktowano;OpenStreetMap (shop=hairdresser, node/2885725280);2026-10-10
Fryzjerzy i beauty;C;3;Frits Herenkapsalon;Eindhoven;van Thienenlaan 57 5622BB;;NIE ZNALEZIONO STRONY W DANYCH;;;;;;NIEUSTALONE (wymaga zdjęć lub wizji lokalnej);;;;;;Do sprawdzenia;strony nie ma w danych mapy (do sprawdzenia);"jeśli faktycznie brak: strona WWW; witryna/szyld, odzież dla personelu (do sprawdzenia na miejscu; oferta zależy od branży)";nie kontaktowano;OpenStreetMap (shop=hairdresser, node/1838465775);2026-10-10
Fryzjerzy i beauty;C;3;Glamour Beauty;Eindhoven;Leenderweg 309 5643AK;;NIE ZNALEZIONO STRONY W DANYCH;;;;;;NIEUSTALONE (wymaga zdjęć lub wizji lokalnej);;;;;;Do sprawdzenia;strony nie ma w danych mapy (do sprawdzenia);"jeśli faktycznie brak: strona WWW; witryna/szyld, odzież dla personelu (do sprawdzenia na miejscu; oferta zależy od branży)";nie kontaktowano;OpenStreetMap (shop=beauty, node/11338201230);2026-10-10
Fryzjerzy i beauty;C;3;GoHair Laserontharing;Eindhoven;Bergstraat 33 5611JX;;NIE ZNALEZIONO STRONY W DANYCH;;;;;;NIEUSTALONE (wymaga zdjęć lub wizji lokalnej);;;;;;Do sprawdzenia;strony nie ma w danych mapy (do sprawdzenia);"jeśli faktycznie brak: strona WWW; witryna/szyld, odzież dla personelu (do sprawdzenia na miejscu; oferta zależy od branży)";nie kontaktowano;OpenStreetMap (shop=beauty, node/2764375563);2026-10-10
Fryzjerzy i beauty;C;3;Goldie kapper;Eindhoven;Grote Berg 22A 5611KK;https://www.treatwell.nl/salon/goldie-kapper/;OK;tak;tak;2026;;Facebook, Instagram;NIEUSTALONE (wymaga zdjęć lub wizji lokalnej);nowa lokalizacja;;;;;Podstawy online OK;;"witryna/szyld, odzież dla personelu (do sprawdzenia na miejscu; oferta zależy od branży); oznakowanie nowej lokalizacji / start marki";nie kontaktowano;OpenStreetMap (shop=hairdresser, node/2764374379);2026-10-10
Fryzjerzy i beauty;C;3;Goodlife;Gemert;Virmundtstraat 5 5421BT;;NIE ZNALEZIONO STRONY W DANYCH;;;;;;NIEUSTALONE (wymaga zdjęć lub wizji lokalnej);;;;;;Do sprawdzenia;strony nie ma w danych mapy (do sprawdzenia);"jeśli faktycznie brak: strona WWW; witryna/szyld, odzież dla personelu (do sprawdzenia na miejscu; oferta zależy od branży)";nie kontaktowano;OpenStreetMap (shop=hairdresser, node/3005553377);2026-10-10
Fryzjerzy i beauty;C;3;Haarfijn bij Inge;Helmond;Mahoniehoutstraat 46 5706VT;;NIE ZNALEZIONO STRONY W DANYCH;;;;;;NIEUSTALONE (wymaga zdjęć lub wizji lokalnej);;;;;;Do sprawdzenia;strony nie ma w danych mapy (do sprawdzenia);"jeśli faktycznie brak: strona WWW; witryna/szyld, odzież dla personelu (do sprawdzenia na miejscu; oferta zależy od branży)";nie kontaktowano;OpenStreetMap (shop=hairdresser, node/10602389649);2026-10-10
Fryzjerzy i beauty;C;3;Haarkamer;Helmond;Oude Aa 2 5701PZ;https://www.haarkamerhelmond.nl/;OK;tak;tak;2026;;;NIEUSTALONE (wymaga zdjęć lub wizji lokalnej);;;;;;Częściowe braki;nie znaleziono social media na stronie;"materiały do social media; witryna/szyld, odzież dla personelu (do sprawdzenia na miejscu; oferta zależy od branży)";nie kontaktowano;OpenStreetMap (shop=hairdresser, node/2903870328);2026-10-10
Fryzjerzy i beauty;C;3;Haarmode 't Kappertje;Eindhoven;Tongelresestraat 268 5613DV;;NIE ZNALEZIONO STRONY W DANYCH;;;;;;NIEUSTALONE (wymaga zdjęć lub wizji lokalnej);;;;;;Do sprawdzenia;strony nie ma w danych mapy (do sprawdzenia);"jeśli faktycznie brak: strona WWW; witryna/szyld, odzież dla personelu (do sprawdzenia na miejscu; oferta zależy od branży)";nie kontaktowano;OpenStreetMap (shop=hairdresser, node/2761967608);2026-10-10
Fryzjerzy i beauty;C;3;Haarmode Rob;Eindhoven;Ouverture 16 5629PV;https://www.haarmoderob-kapper-eindhoven.nl;OK;tak;tak;;WordPress;Facebook, Instagram;NIEUSTALONE (wymaga zdjęć lub wizji lokalnej);rekrutuje;;;;;Podstawy online OK;;"witryna/szyld, odzież dla personelu (do sprawdzenia na miejscu; oferta zależy od branży); odzież/oklejenie dla nowych ludzi i aut";nie kontaktowano;OpenStreetMap (shop=hairdresser, node/2739549173) + wyszukiwarka;2026-10-10
Fryzjerzy i beauty;C;3;Haarmode van de Ven - Lathouwers;Eindhoven;Schootsestraat 96 5616RG;;NIE ZNALEZIONO STRONY W DANYCH;;;;;;NIEUSTALONE (wymaga zdjęć lub wizji lokalnej);;;;;;Do sprawdzenia;strony nie ma w danych mapy (do sprawdzenia);"jeśli faktycznie brak: strona WWW; witryna/szyld, odzież dla personelu (do sprawdzenia na miejscu; oferta zależy od branży)";nie kontaktowano;OpenStreetMap (shop=hairdresser, node/2754219572);2026-10-10
Fryzjerzy i beauty;C;3;Haarmode Van de Water;Eindhoven;Cassandraplein 2 5631BA;https://www.mijnkapper.today/vestigingen/haarmode-van-de-water-cassandraplein-eindhoven/;OK;tak;tak;;WordPress;Facebook, Instagram;NIEUSTALONE (wymaga zdjęć lub wizji lokalnej);rekrutuje;;;;;Podstawy online OK;;"witryna/szyld, odzież dla personelu (do sprawdzenia na miejscu; oferta zależy od branży); odzież/oklejenie dla nowych ludzi i aut";nie kontaktowano;OpenStreetMap (shop=hairdresser, node/2765214825) + wyszukiwarka;2026-10-10
Fryzjerzy i beauty;C;3;Haarsalon Mariska Roomer;Helmond;Haagbeemd 16 5704AM;;NIE ZNALEZIONO STRONY W DANYCH;;;;;;NIEUSTALONE (wymaga zdjęć lub wizji lokalnej);;;;;;Do sprawdzenia;strony nie ma w danych mapy (do sprawdzenia);"jeśli faktycznie brak: strona WWW; witryna/szyld, odzież dla personelu (do sprawdzenia na miejscu; oferta zależy od branży)";nie kontaktowano;OpenStreetMap (shop=hairdresser, node/2902656974);2026-10-10
Fryzjerzy i beauty;C;3;Haarstudio Marlies;Veldhoven;Marter 30 5508MP;;NIE ZNALEZIONO STRONY W DANYCH;;;;;;NIEUSTALONE (wymaga zdjęć lub wizji lokalnej);;;;;;Do sprawdzenia;strony nie ma w danych mapy (do sprawdzenia);"jeśli faktycznie brak: strona WWW; witryna/szyld, odzież dla personelu (do sprawdzenia na miejscu; oferta zależy od branży)";nie kontaktowano;OpenStreetMap (shop=hairdresser, node/2833072780);2026-10-10
Fryzjerzy i beauty;C;3;Haarstudio Woensel;Eindhoven;Winkelcentrum Woensel 240 5625AG;;NIE ZNALEZIONO STRONY W DANYCH;;;;;;NIEUSTALONE (wymaga zdjęć lub wizji lokalnej);;;;;;Do sprawdzenia;strony nie ma w danych mapy (do sprawdzenia);"jeśli faktycznie brak: strona WWW; witryna/szyld, odzież dla personelu (do sprawdzenia na miejscu; oferta zależy od branży)";nie kontaktowano;OpenStreetMap (shop=hairdresser, node/2751969235);2026-10-10
Fryzjerzy i beauty;C;3;Hair Machine;Eindhoven;Laboratoriumstraat 6 5617BJ;;NIE ZNALEZIONO STRONY W DANYCH;;;;;Facebook;NIEUSTALONE (wymaga zdjęć lub wizji lokalnej);;;;;;Do sprawdzenia;strony nie ma w danych mapy (do sprawdzenia);"jeśli faktycznie brak: strona WWW; witryna/szyld, odzież dla personelu (do sprawdzenia na miejscu; oferta zależy od branży)";nie kontaktowano;OpenStreetMap (shop=hairdresser, node/6506951132);2026-10-10
Fryzjerzy i beauty;C;3;Hair Salon - Color expert;Eindhoven;Edisonstraat 135 5621HM;;NIE ZNALEZIONO STRONY W DANYCH;;;;;;NIEUSTALONE (wymaga zdjęć lub wizji lokalnej);;;;;;Do sprawdzenia;strony nie ma w danych mapy (do sprawdzenia);"jeśli faktycznie brak: strona WWW; witryna/szyld, odzież dla personelu (do sprawdzenia na miejscu; oferta zależy od branży)";nie kontaktowano;OpenStreetMap (shop=hairdresser, node/4723838954);2026-10-10
Fryzjerzy i beauty;C;3;Hair salon Evin;Eindhoven;Korianderstraat 6 5643AS;;NIE ZNALEZIONO STRONY W DANYCH;;;;;;NIEUSTALONE (wymaga zdjęć lub wizji lokalnej);;;;;;Do sprawdzenia;strony nie ma w danych mapy (do sprawdzenia);"jeśli faktycznie brak: strona WWW; witryna/szyld, odzież dla personelu (do sprawdzenia na miejscu; oferta zależy od branży)";nie kontaktowano;OpenStreetMap (shop=hairdresser, node/2740343022);2026-10-10
Fryzjerzy i beauty;C;3;Haircare Eersel;Eersel;Nieuwstraat 12a 5521CC;;NIE ZNALEZIONO STRONY W DANYCH;;;;;;NIEUSTALONE (wymaga zdjęć lub wizji lokalnej);;;;;;Do sprawdzenia;strony nie ma w danych mapy (do sprawdzenia);"jeśli faktycznie brak: strona WWW; witryna/szyld, odzież dla personelu (do sprawdzenia na miejscu; oferta zależy od branży)";nie kontaktowano;OpenStreetMap (shop=hairdresser, node/2828634421);2026-10-10
Fryzjerzy i beauty;C;3;Hairstudio Nurcan;Eindhoven;Tivolilaan 1A 5645GD;;NIE ZNALEZIONO STRONY W DANYCH;;;;;;NIEUSTALONE (wymaga zdjęć lub wizji lokalnej);;;;;;Do sprawdzenia;strony nie ma w danych mapy (do sprawdzenia);"jeśli faktycznie brak: strona WWW; witryna/szyld, odzież dla personelu (do sprawdzenia na miejscu; oferta zależy od branży)";nie kontaktowano;OpenStreetMap (shop=hairdresser, node/11300148391);2026-10-10
Fryzjerzy i beauty;C;3;HairZ;Veldhoven;Horst 14 5501DN;;NIE ZNALEZIONO STRONY W DANYCH;;;;;;NIEUSTALONE (wymaga zdjęć lub wizji lokalnej);;;;;;Do sprawdzenia;strony nie ma w danych mapy (do sprawdzenia);"jeśli faktycznie brak: strona WWW; witryna/szyld, odzież dla personelu (do sprawdzenia na miejscu; oferta zależy od branży)";nie kontaktowano;OpenStreetMap (shop=hairdresser, node/2833272873);2026-10-10
Fryzjerzy i beauty;C;3;Hairz;Waalre;Den Hof 46 5582JZ;https://www.hairz.nl/;OK;tak;tak;2026;;Facebook, Instagram;NIEUSTALONE (wymaga zdjęć lub wizji lokalnej);rekrutuje;;;;;Podstawy online OK;;"witryna/szyld, odzież dla personelu (do sprawdzenia na miejscu; oferta zależy od branży); odzież/oklejenie dla nowych ludzi i aut";nie kontaktowano;OpenStreetMap (shop=hairdresser, node/2929826377);2026-10-10
Fryzjerzy i beauty;C;3;Harald Hairfashion;;;;NIE ZNALEZIONO STRONY W DANYCH;;;;;;NIEUSTALONE (wymaga zdjęć lub wizji lokalnej);;;;;;Do sprawdzenia;strony nie ma w danych mapy (do sprawdzenia);"jeśli faktycznie brak: strona WWW; witryna/szyld, odzież dla personelu (do sprawdzenia na miejscu; oferta zależy od branży)";nie kontaktowano;OpenStreetMap (shop=hairdresser, node/5807365709);2026-10-10
Fryzjerzy i beauty;C;3;Haren Majesteit;Someren;Wilhelminaplein 5b 5711EK;;NIE ZNALEZIONO STRONY W DANYCH;;;;;;NIEUSTALONE (wymaga zdjęć lub wizji lokalnej);;;;;;Do sprawdzenia;strony nie ma w danych mapy (do sprawdzenia);"jeśli faktycznie brak: strona WWW; witryna/szyld, odzież dla personelu (do sprawdzenia na miejscu; oferta zależy od branży)";nie kontaktowano;OpenStreetMap (shop=hairdresser, node/4575068145);2026-10-10
Fryzjerzy i beauty;C;3;Helmond Haarmode;Helmond;Markt 32 5701RK;;NIE ZNALEZIONO STRONY W DANYCH;;;;;;NIEUSTALONE (wymaga zdjęć lub wizji lokalnej);;;;;;Do sprawdzenia;strony nie ma w danych mapy (do sprawdzenia);"jeśli faktycznie brak: strona WWW; witryna/szyld, odzież dla personelu (do sprawdzenia na miejscu; oferta zależy od branży)";nie kontaktowano;OpenStreetMap (shop=hairdresser, node/2903872760);2026-10-10
Fryzjerzy i beauty;C;3;Herenkapsalon De Barbier;Veldhoven;Oortlaan 158 5505RH;;NIE ZNALEZIONO STRONY W DANYCH;;;;;;NIEUSTALONE (wymaga zdjęć lub wizji lokalnej);;;;;;Do sprawdzenia;strony nie ma w danych mapy (do sprawdzenia);"jeśli faktycznie brak: strona WWW; witryna/szyld, odzież dla personelu (do sprawdzenia na miejscu; oferta zależy od branży)";nie kontaktowano;OpenStreetMap (shop=hairdresser, node/6287186037);2026-10-10
Fryzjerzy i beauty;C;3;Herenkapsalon Diva;Eindhoven;Hobbemastraat 22 5613HL;;NIE ZNALEZIONO STRONY W DANYCH;;;;;;NIEUSTALONE (wymaga zdjęć lub wizji lokalnej);;;;;;Do sprawdzenia;strony nie ma w danych mapy (do sprawdzenia);"jeśli faktycznie brak: strona WWW; witryna/szyld, odzież dla personelu (do sprawdzenia na miejscu; oferta zależy od branży)";nie kontaktowano;OpenStreetMap (shop=hairdresser, node/2761907355);2026-10-10
Fryzjerzy i beauty;C;3;Herenkapsalon Theo de Wit;Eindhoven;St Philomenastraat 10 5622CG;;NIE ZNALEZIONO STRONY W DANYCH;;;;;;NIEUSTALONE (wymaga zdjęć lub wizji lokalnej);;;;;;Do sprawdzenia;strony nie ma w danych mapy (do sprawdzenia);"jeśli faktycznie brak: strona WWW; witryna/szyld, odzież dla personelu (do sprawdzenia na miejscu; oferta zależy od branży)";nie kontaktowano;OpenStreetMap (shop=hairdresser, node/2784005311);2026-10-10
Fryzjerzy i beauty;C;3;Hollywood;;;;NIE ZNALEZIONO STRONY W DANYCH;;;;;;NIEUSTALONE (wymaga zdjęć lub wizji lokalnej);;;;;;Do sprawdzenia;strony nie ma w danych mapy (do sprawdzenia);"jeśli faktycznie brak: strona WWW; witryna/szyld, odzież dla personelu (do sprawdzenia na miejscu; oferta zależy od branży)";nie kontaktowano;OpenStreetMap (shop=beauty, node/12871772795);2026-10-10
Fryzjerzy i beauty;C;3;House of Glam;Helmond;Heistraat 6A 5701HN;;NIE ZNALEZIONO STRONY W DANYCH;;;;;Facebook;NIEUSTALONE (wymaga zdjęć lub wizji lokalnej);;;;;;Do sprawdzenia;strony nie ma w danych mapy (do sprawdzenia);"jeśli faktycznie brak: strona WWW; witryna/szyld, odzież dla personelu (do sprawdzenia na miejscu; oferta zależy od branży)";nie kontaktowano;OpenStreetMap (shop=beauty, node/2903875681);2026-10-10
Fryzjerzy i beauty;C;3;Ienz Hair Dezign;Geldrop;Winkelcentrum Coevering 28 5665GA;;NIE ZNALEZIONO STRONY W DANYCH;;;;;;NIEUSTALONE (wymaga zdjęć lub wizji lokalnej);;;;;;Do sprawdzenia;strony nie ma w danych mapy (do sprawdzenia);"jeśli faktycznie brak: strona WWW; witryna/szyld, odzież dla personelu (do sprawdzenia na miejscu; oferta zależy od branży)";nie kontaktowano;OpenStreetMap (shop=hairdresser, node/4523186006);2026-10-10
Fryzjerzy i beauty;C;3;Ilker Tekin;Eindhoven;Poeijersstraat 37 5642GA;;NIE ZNALEZIONO STRONY W DANYCH;;;;;;NIEUSTALONE (wymaga zdjęć lub wizji lokalnej);;;;;;Do sprawdzenia;strony nie ma w danych mapy (do sprawdzenia);"jeśli faktycznie brak: strona WWW; witryna/szyld, odzież dla personelu (do sprawdzenia na miejscu; oferta zależy od branży)";nie kontaktowano;OpenStreetMap (shop=hairdresser, node/2746518589);2026-10-10
Fryzjerzy i beauty;C;3;Imitch;Best;Kapelaan J.A. Heerenstraat 9 5683ED;https://www.imitchkappers.com;OK;tak;tak;2026;WordPress;;NIEUSTALONE (wymaga zdjęć lub wizji lokalnej);;;;;;Częściowe braki;nie znaleziono social media na stronie;"materiały do social media; witryna/szyld, odzież dla personelu (do sprawdzenia na miejscu; oferta zależy od branży)";nie kontaktowano;OpenStreetMap (shop=hairdresser, node/1573164930);2026-10-10
Fryzjerzy i beauty;C;3;Ink United;Helmond;de Plaetse 54 5708ZJ;https://www.ink-united.com;OK;tak;tak;2026;WordPress;Facebook, Instagram;NIEUSTALONE (wymaga zdjęć lub wizji lokalnej);sklep online;;;;;Podstawy online OK;;"witryna/szyld, odzież dla personelu (do sprawdzenia na miejscu; oferta zależy od branży)";nie kontaktowano;OpenStreetMap (shop=tattoo, node/2885726230);2026-10-10
Fryzjerzy i beauty;C;3;Johan van den Heuvel Massage;Eindhoven;Botenlaan 74 5652CB;;NIE ZNALEZIONO STRONY W DANYCH;;;;;;NIEUSTALONE (wymaga zdjęć lub wizji lokalnej);;;;;;Do sprawdzenia;strony nie ma w danych mapy (do sprawdzenia);"jeśli faktycznie brak: strona WWW; witryna/szyld, odzież dla personelu (do sprawdzenia na miejscu; oferta zależy od branży)";nie kontaktowano;OpenStreetMap (shop=massage, node/2713851204);2026-10-10
Fryzjerzy i beauty;C;3;Joshy;Lieshout;Kuiperstraat 21 5737AX;;NIE ZNALEZIONO STRONY W DANYCH;;;;;;NIEUSTALONE (wymaga zdjęć lub wizji lokalnej);;;;;;Do sprawdzenia;strony nie ma w danych mapy (do sprawdzenia);"jeśli faktycznie brak: strona WWW; witryna/szyld, odzież dla personelu (do sprawdzenia na miejscu; oferta zależy od branży)";nie kontaktowano;OpenStreetMap (shop=hairdresser, node/2898996602);2026-10-10
Fryzjerzy i beauty;C;3;Juliette's Coiffure;Mierlo;Dorpsstraat 104 5731JK;;NIE ZNALEZIONO STRONY W DANYCH;;;;;;NIEUSTALONE (wymaga zdjęć lub wizji lokalnej);;;;;;Do sprawdzenia;strony nie ma w danych mapy (do sprawdzenia);"jeśli faktycznie brak: strona WWW; witryna/szyld, odzież dla personelu (do sprawdzenia na miejscu; oferta zależy od branży)";nie kontaktowano;OpenStreetMap (shop=hairdresser, node/2876512464);2026-10-10
Fryzjerzy i beauty;C;3;Kapper Ammar;Veldhoven;Pleintjes 108 5501EC;;NIE ZNALEZIONO STRONY W DANYCH;;;;;;NIEUSTALONE (wymaga zdjęć lub wizji lokalnej);;;;;;Do sprawdzenia;strony nie ma w danych mapy (do sprawdzenia);"jeśli faktycznie brak: strona WWW; witryna/szyld, odzież dla personelu (do sprawdzenia na miejscu; oferta zależy od branży)";nie kontaktowano;OpenStreetMap (shop=hairdresser, node/2833272186);2026-10-10
Fryzjerzy i beauty;C;3;Kapper Nessiv;;;;NIE ZNALEZIONO STRONY W DANYCH;;;;;;NIEUSTALONE (wymaga zdjęć lub wizji lokalnej);;;;;;Do sprawdzenia;strony nie ma w danych mapy (do sprawdzenia);"jeśli faktycznie brak: strona WWW; witryna/szyld, odzież dla personelu (do sprawdzenia na miejscu; oferta zależy od branży)";nie kontaktowano;OpenStreetMap (shop=hairdresser, node/5380798322);2026-10-10
Fryzjerzy i beauty;C;3;Kapsalon Allawy;Eindhoven;Kruisstraat 97 5612CE;;NIE ZNALEZIONO STRONY W DANYCH;;;;;;NIEUSTALONE (wymaga zdjęć lub wizji lokalnej);;;;;;Do sprawdzenia;strony nie ma w danych mapy (do sprawdzenia);"jeśli faktycznie brak: strona WWW; witryna/szyld, odzież dla personelu (do sprawdzenia na miejscu; oferta zależy od branży)";nie kontaktowano;OpenStreetMap (shop=hairdresser, node/1911517948);2026-10-10
Fryzjerzy i beauty;C;3;Kapsalon Ammar;Eindhoven;Kruisstraat 60B 5612CJ;;NIE ZNALEZIONO STRONY W DANYCH;;;;;;NIEUSTALONE (wymaga zdjęć lub wizji lokalnej);;;;;;Do sprawdzenia;strony nie ma w danych mapy (do sprawdzenia);"jeśli faktycznie brak: strona WWW; witryna/szyld, odzież dla personelu (do sprawdzenia na miejscu; oferta zależy od branży)";nie kontaktowano;OpenStreetMap (shop=hairdresser, node/2778294082);2026-10-10
Fryzjerzy i beauty;C;3;Kapsalon Anthony Vogels;Gemert;Ridderplein 29 5421CW;;NIE ZNALEZIONO STRONY W DANYCH;;;;;;NIEUSTALONE (wymaga zdjęć lub wizji lokalnej);;;;;;Do sprawdzenia;strony nie ma w danych mapy (do sprawdzenia);"jeśli faktycznie brak: strona WWW; witryna/szyld, odzież dla personelu (do sprawdzenia na miejscu; oferta zależy od branży)";nie kontaktowano;OpenStreetMap (shop=hairdresser, node/3005544913);2026-10-10
Fryzjerzy i beauty;C;3;Kapsalon Bartels;Geldrop;Hoog Geldrop 15 5663BA;https://kapsalonbartels.nl/;OK;tak;tak;;Wix;;NIEUSTALONE (wymaga zdjęć lub wizji lokalnej);;;;;;Częściowe braki;nie znaleziono social media na stronie;"materiały do social media; witryna/szyld, odzież dla personelu (do sprawdzenia na miejscu; oferta zależy od branży)";nie kontaktowano;OpenStreetMap (shop=hairdresser, node/2871430951);2026-10-10
Fryzjerzy i beauty;C;3;Kapsalon Bella Plaza;Sint-Oedenrode;Kerkplein 3 5492AN;https://www.kapsalonbellaplaza.nl/;OK;tak;tak;;WordPress;;NIEUSTALONE (wymaga zdjęć lub wizji lokalnej);;;;;;Częściowe braki;nie znaleziono social media na stronie;"materiały do social media; witryna/szyld, odzież dla personelu (do sprawdzenia na miejscu; oferta zależy od branży)";nie kontaktowano;OpenStreetMap (shop=hairdresser, node/2796115684);2026-10-10
Fryzjerzy i beauty;C;3;Kapsalon BelleHair;Valkenswaard;Van Bruhezedal 14 5551EW;;NIE ZNALEZIONO STRONY W DANYCH;;;;;;NIEUSTALONE (wymaga zdjęć lub wizji lokalnej);;;;;;Do sprawdzenia;strony nie ma w danych mapy (do sprawdzenia);"jeśli faktycznie brak: strona WWW; witryna/szyld, odzież dla personelu (do sprawdzenia na miejscu; oferta zależy od branży)";nie kontaktowano;OpenStreetMap (shop=hairdresser, node/2829171466);2026-10-10
Fryzjerzy i beauty;C;3;Kapsalon Biarritz;Eindhoven;Biarritzplein 1 5627LE;;NIE ZNALEZIONO STRONY W DANYCH;;;;;;NIEUSTALONE (wymaga zdjęć lub wizji lokalnej);;;;;;Do sprawdzenia;strony nie ma w danych mapy (do sprawdzenia);"jeśli faktycznie brak: strona WWW; witryna/szyld, odzież dla personelu (do sprawdzenia na miejscu; oferta zależy od branży)";nie kontaktowano;OpenStreetMap (shop=hairdresser, node/2747617146);2026-10-10
Fryzjerzy i beauty;C;3;Kapsalon Bladel;Bladel;Sniederslaan 52B 5531EM;;NIE ZNALEZIONO STRONY W DANYCH;;;;;;NIEUSTALONE (wymaga zdjęć lub wizji lokalnej);;;;;;Do sprawdzenia;strony nie ma w danych mapy (do sprawdzenia);"jeśli faktycznie brak: strona WWW; witryna/szyld, odzież dla personelu (do sprawdzenia na miejscu; oferta zależy od branży)";nie kontaktowano;OpenStreetMap (shop=hairdresser, node/2827067907);2026-10-10
Fryzjerzy i beauty;C;3;Kapsalon Cocho;Nuenen;Boordseweg 2A 5671AS;;NIE ZNALEZIONO STRONY W DANYCH;;;;;;NIEUSTALONE (wymaga zdjęć lub wizji lokalnej);;;;;;Do sprawdzenia;strony nie ma w danych mapy (do sprawdzenia);"jeśli faktycznie brak: strona WWW; witryna/szyld, odzież dla personelu (do sprawdzenia na miejscu; oferta zależy od branży)";nie kontaktowano;OpenStreetMap (shop=hairdresser, node/2993828161);2026-10-10
Fryzjerzy i beauty;C;3;Kapsalon D'n Barbier;;;;NIE ZNALEZIONO STRONY W DANYCH;;;;;;NIEUSTALONE (wymaga zdjęć lub wizji lokalnej);;;;;;Do sprawdzenia;strony nie ma w danych mapy (do sprawdzenia);"jeśli faktycznie brak: strona WWW; witryna/szyld, odzież dla personelu (do sprawdzenia na miejscu; oferta zależy od branży)";nie kontaktowano;OpenStreetMap (shop=hairdresser, node/9084444278);2026-10-10
Fryzjerzy i beauty;C;3;Kapsalon de la Rosa Latina;Eindhoven;Marconilaan 23A 5612HM;;NIE ZNALEZIONO STRONY W DANYCH;;;;;Facebook;NIEUSTALONE (wymaga zdjęć lub wizji lokalnej);;;;;;Do sprawdzenia;strony nie ma w danych mapy (do sprawdzenia);"jeśli faktycznie brak: strona WWW; witryna/szyld, odzież dla personelu (do sprawdzenia na miejscu; oferta zależy od branży)";nie kontaktowano;OpenStreetMap (shop=hairdresser, node/2774930718);2026-10-10
Fryzjerzy i beauty;C;3;Kapsalon Figaromy;Bladel;Molenstraat 20 5531ED;;NIE ZNALEZIONO STRONY W DANYCH;;;;;;NIEUSTALONE (wymaga zdjęć lub wizji lokalnej);;;;;;Do sprawdzenia;strony nie ma w danych mapy (do sprawdzenia);"jeśli faktycznie brak: strona WWW; witryna/szyld, odzież dla personelu (do sprawdzenia na miejscu; oferta zależy od branży)";nie kontaktowano;OpenStreetMap (shop=hairdresser, node/2827060216);2026-10-10
Fryzjerzy i beauty;C;3;Kapsalon Freedom;Gemert;Commandeur 10 5421LK;;NIE ZNALEZIONO STRONY W DANYCH;;;;;;NIEUSTALONE (wymaga zdjęć lub wizji lokalnej);;;;;;Do sprawdzenia;strony nie ma w danych mapy (do sprawdzenia);"jeśli faktycznie brak: strona WWW; witryna/szyld, odzież dla personelu (do sprawdzenia na miejscu; oferta zależy od branży)";nie kontaktowano;OpenStreetMap (shop=hairdresser, node/3005538887);2026-10-10
Fryzjerzy i beauty;C;3;Kapsalon Henry;Mierlo;Dorpsstraat 132 5731JK;;NIE ZNALEZIONO STRONY W DANYCH;;;;;;NIEUSTALONE (wymaga zdjęć lub wizji lokalnej);;;;;;Do sprawdzenia;strony nie ma w danych mapy (do sprawdzenia);"jeśli faktycznie brak: strona WWW; witryna/szyld, odzież dla personelu (do sprawdzenia na miejscu; oferta zależy od branży)";nie kontaktowano;OpenStreetMap (shop=hairdresser, node/2876513352);2026-10-10
Fryzjerzy i beauty;C;3;Kapsalon K(n)apper;Helmond;Utrechtplein 2 5709DK;;NIE ZNALEZIONO STRONY W DANYCH;;;;;;NIEUSTALONE (wymaga zdjęć lub wizji lokalnej);;;;;;Do sprawdzenia;strony nie ma w danych mapy (do sprawdzenia);"jeśli faktycznie brak: strona WWW; witryna/szyld, odzież dla personelu (do sprawdzenia na miejscu; oferta zależy od branży)";nie kontaktowano;OpenStreetMap (shop=hairdresser, node/2898738054);2026-10-10
Fryzjerzy i beauty;C;3;Kapsalon Kapsones;Hapert;Markt 52 5527EN;https://www.kapsalonkapsones.nl;OK;tak;tak;2026;WordPress;Facebook, Instagram;NIEUSTALONE (wymaga zdjęć lub wizji lokalnej);sklep online;;;;;Podstawy online OK;;"witryna/szyld, odzież dla personelu (do sprawdzenia na miejscu; oferta zależy od branży)";nie kontaktowano;OpenStreetMap (shop=hairdresser, node/2827409023);2026-10-10
Fryzjerzy i beauty;C;3;Kapsalon Kimo;Eindhoven;Tongelresestraat 299 5642NA;;NIE ZNALEZIONO STRONY W DANYCH;;;;;;NIEUSTALONE (wymaga zdjęć lub wizji lokalnej);;;;;;Do sprawdzenia;strony nie ma w danych mapy (do sprawdzenia);"jeśli faktycznie brak: strona WWW; witryna/szyld, odzież dla personelu (do sprawdzenia na miejscu; oferta zależy od branży)";nie kontaktowano;OpenStreetMap (shop=hairdresser, node/11986168671);2026-10-10
Fryzjerzy i beauty;C;3;Kapsalon Marcel;Eindhoven;van Thienenlaan 7B 5622BA;;NIE ZNALEZIONO STRONY W DANYCH;;;;;;NIEUSTALONE (wymaga zdjęć lub wizji lokalnej);;;;;;Do sprawdzenia;strony nie ma w danych mapy (do sprawdzenia);"jeśli faktycznie brak: strona WWW; witryna/szyld, odzież dla personelu (do sprawdzenia na miejscu; oferta zależy od branży)";nie kontaktowano;OpenStreetMap (shop=hairdresser, node/1792923950);2026-10-10
Fryzjerzy i beauty;C;3;Kapsalon Milan;Eindhoven;Vestdijk 50 5611CE;;NIE ZNALEZIONO STRONY W DANYCH;;;;;;NIEUSTALONE (wymaga zdjęć lub wizji lokalnej);;;;;;Do sprawdzenia;strony nie ma w danych mapy (do sprawdzenia);"jeśli faktycznie brak: strona WWW; witryna/szyld, odzież dla personelu (do sprawdzenia na miejscu; oferta zależy od branży)";nie kontaktowano;OpenStreetMap (shop=hairdresser, node/2765368979);2026-10-10
Fryzjerzy i beauty;C;3;Kapsalon Rami;Eindhoven;Tongelresestraat 284 5613DV;;NIE ZNALEZIONO STRONY W DANYCH;;;;;;NIEUSTALONE (wymaga zdjęć lub wizji lokalnej);;;;;;Do sprawdzenia;strony nie ma w danych mapy (do sprawdzenia);"jeśli faktycznie brak: strona WWW; witryna/szyld, odzież dla personelu (do sprawdzenia na miejscu; oferta zależy od branży)";nie kontaktowano;OpenStreetMap (shop=hairdresser, node/12663473470);2026-10-10
Fryzjerzy i beauty;C;3;Kapsalon Suus;Eindhoven;St Theresiastraat 4 5652ET;https://www.kapstersuus.nl/;OK;tak;tak;;;;NIEUSTALONE (wymaga zdjęć lub wizji lokalnej);;;;;;Częściowe braki;nie znaleziono social media na stronie;"materiały do social media; witryna/szyld, odzież dla personelu (do sprawdzenia na miejscu; oferta zależy od branży)";nie kontaktowano;OpenStreetMap (shop=hairdresser, node/2713920152);2026-10-10
Fryzjerzy i beauty;C;3;Kapsalon Tess;Aarle-Rixtel;Kouwenberg 1 5735GM;;NIE ZNALEZIONO STRONY W DANYCH;;;;;;NIEUSTALONE (wymaga zdjęć lub wizji lokalnej);;;;;;Do sprawdzenia;strony nie ma w danych mapy (do sprawdzenia);"jeśli faktycznie brak: strona WWW; witryna/szyld, odzież dla personelu (do sprawdzenia na miejscu; oferta zależy od branży)";nie kontaktowano;OpenStreetMap (shop=hairdresser, node/2901021539);2026-10-10
Fryzjerzy i beauty;C;3;Kapsalon Zana;;;;NIE ZNALEZIONO STRONY W DANYCH;;;;;;NIEUSTALONE (wymaga zdjęć lub wizji lokalnej);;;;;;Do sprawdzenia;strony nie ma w danych mapy (do sprawdzenia);"jeśli faktycznie brak: strona WWW; witryna/szyld, odzież dla personelu (do sprawdzenia na miejscu; oferta zależy od branży)";nie kontaktowano;OpenStreetMap (shop=hairdresser, node/12047741888);2026-10-10
Fryzjerzy i beauty;C;3;Karin's Beauty Hair & Nails;Veldhoven;Kromstraat 25 5504BA;;NIE ZNALEZIONO STRONY W DANYCH;;;;;;NIEUSTALONE (wymaga zdjęć lub wizji lokalnej);;;;;;Do sprawdzenia;strony nie ma w danych mapy (do sprawdzenia);"jeśli faktycznie brak: strona WWW; witryna/szyld, odzież dla personelu (do sprawdzenia na miejscu; oferta zależy od branży)";nie kontaktowano;OpenStreetMap (shop=beauty, node/2833145835);2026-10-10
Fryzjerzy i beauty;C;3;Kerkuk;;;;NIE ZNALEZIONO STRONY W DANYCH;;;;;;NIEUSTALONE (wymaga zdjęć lub wizji lokalnej);;;;;;Do sprawdzenia;strony nie ma w danych mapy (do sprawdzenia);"jeśli faktycznie brak: strona WWW; witryna/szyld, odzież dla personelu (do sprawdzenia na miejscu; oferta zależy od branży)";nie kontaktowano;OpenStreetMap (shop=hairdresser, node/11423423107);2026-10-10
Fryzjerzy i beauty;C;3;Kick Ass Tattoo;Bladel;Charel Baelemanshofke 16 5531EG;;NIE ZNALEZIONO STRONY W DANYCH;;;;;Facebook;NIEUSTALONE (wymaga zdjęć lub wizji lokalnej);;;;;;Do sprawdzenia;strony nie ma w danych mapy (do sprawdzenia);"jeśli faktycznie brak: strona WWW; witryna/szyld, odzież dla personelu (do sprawdzenia na miejscu; oferta zależy od branży)";nie kontaktowano;OpenStreetMap (shop=tattoo, node/2827055718);2026-10-10
Fryzjerzy i beauty;C;3;KimZ Haar Studio;Waalre;Burgemeester Uijenstraat 15 5581JC;;NIE ZNALEZIONO STRONY W DANYCH;;;;;Facebook;NIEUSTALONE (wymaga zdjęć lub wizji lokalnej);;;;;;Do sprawdzenia;strony nie ma w danych mapy (do sprawdzenia);"jeśli faktycznie brak: strona WWW; witryna/szyld, odzież dla personelu (do sprawdzenia na miejscu; oferta zależy od branży)";nie kontaktowano;OpenStreetMap (shop=hairdresser, node/2931349384);2026-10-10
Fryzjerzy i beauty;C;3;Knap;;;;NIE ZNALEZIONO STRONY W DANYCH;;;;;;NIEUSTALONE (wymaga zdjęć lub wizji lokalnej);;;;;;Do sprawdzenia;strony nie ma w danych mapy (do sprawdzenia);"jeśli faktycznie brak: strona WWW; witryna/szyld, odzież dla personelu (do sprawdzenia na miejscu; oferta zależy od branży)";nie kontaktowano;OpenStreetMap (shop=hairdresser, node/9080212643);2026-10-10
Fryzjerzy i beauty;C;3;KNAP!;;;https://www.kapsalonknap.nl;OK;tak;tak;2026;WordPress;Facebook, Instagram;NIEUSTALONE (wymaga zdjęć lub wizji lokalnej);rekrutuje;;;;;Podstawy online OK;;"witryna/szyld, odzież dla personelu (do sprawdzenia na miejscu; oferta zależy od branży); odzież/oklejenie dla nowych ludzi i aut";nie kontaktowano;OpenStreetMap (shop=hairdresser, node/1754604518) + wyszukiwarka;2026-10-10
Fryzjerzy i beauty;C;3;KNAPPP organic skin clinic;Eindhoven;Strijpsestraat 13 5616GK;https://www.knappp.nl;OK;tak;tak;;;Facebook, Instagram;NIEUSTALONE (wymaga zdjęć lub wizji lokalnej);sklep online;;;;;Podstawy online OK;;"witryna/szyld, odzież dla personelu (do sprawdzenia na miejscu; oferta zależy od branży)";nie kontaktowano;OpenStreetMap (shop=beauty, node/2753833010);2026-10-10
Fryzjerzy i beauty;C;3;KOKO;Oisterwijk;Gemullehoekenweg 51 5062CA;https://www.kokokappers.nl;OK;tak;tak;;;Facebook, Instagram;NIEUSTALONE (wymaga zdjęć lub wizji lokalnej);rekrutuje;;;;;Podstawy online OK;;"witryna/szyld, odzież dla personelu (do sprawdzenia na miejscu; oferta zależy od branży); odzież/oklejenie dla nowych ludzi i aut";nie kontaktowano;OpenStreetMap (shop=hairdresser, node/2823994200);2026-10-10
Fryzjerzy i beauty;C;3;L'OYÉ;Eindhoven;Demer 23 5611AN;;NIE ZNALEZIONO STRONY W DANYCH;;;;;;NIEUSTALONE (wymaga zdjęć lub wizji lokalnej);;;;;;Do sprawdzenia;strony nie ma w danych mapy (do sprawdzenia);"jeśli faktycznie brak: strona WWW; witryna/szyld, odzież dla personelu (do sprawdzenia na miejscu; oferta zależy od branży)";nie kontaktowano;OpenStreetMap (shop=cosmetics, node/2765447474);2026-10-10
Fryzjerzy i beauty;C;3;La Costa;Eindhoven;Edenstraat 3A 5611JM;;NIE ZNALEZIONO STRONY W DANYCH;;;;;;NIEUSTALONE (wymaga zdjęć lub wizji lokalnej);;;;;;Do sprawdzenia;strony nie ma w danych mapy (do sprawdzenia);"jeśli faktycznie brak: strona WWW; witryna/szyld, odzież dla personelu (do sprawdzenia na miejscu; oferta zależy od branży)";nie kontaktowano;OpenStreetMap (shop=beauty, node/2764285912);2026-10-10
Fryzjerzy i beauty;C;3;Lavana;;;;NIE ZNALEZIONO STRONY W DANYCH;;;;;;NIEUSTALONE (wymaga zdjęć lub wizji lokalnej);;;;;;Do sprawdzenia;strony nie ma w danych mapy (do sprawdzenia);"jeśli faktycznie brak: strona WWW; witryna/szyld, odzież dla personelu (do sprawdzenia na miejscu; oferta zależy od branży)";nie kontaktowano;OpenStreetMap (shop=massage, node/12197194493);2026-10-10
Fryzjerzy i beauty;C;3;Le Mani;Eindhoven;Willem van Hornestraat 2 5611PV;;NIE ZNALEZIONO STRONY W DANYCH;;;;;;NIEUSTALONE (wymaga zdjęć lub wizji lokalnej);;;;;;Do sprawdzenia;strony nie ma w danych mapy (do sprawdzenia);"jeśli faktycznie brak: strona WWW; witryna/szyld, odzież dla personelu (do sprawdzenia na miejscu; oferta zależy od branży)";nie kontaktowano;OpenStreetMap (shop=hairdresser, node/2759417532);2026-10-10
Fryzjerzy i beauty;C;3;Le's Nail & Spa;;;;NIE ZNALEZIONO STRONY W DANYCH;;;;;;NIEUSTALONE (wymaga zdjęć lub wizji lokalnej);;;;;;Do sprawdzenia;strony nie ma w danych mapy (do sprawdzenia);"jeśli faktycznie brak: strona WWW; witryna/szyld, odzież dla personelu (do sprawdzenia na miejscu; oferta zależy od branży)";nie kontaktowano;OpenStreetMap (shop=beauty, node/5807543468);2026-10-10
Fryzjerzy i beauty;C;3;Light town;;;;NIE ZNALEZIONO STRONY W DANYCH;;;;;;NIEUSTALONE (wymaga zdjęć lub wizji lokalnej);;;;;;Do sprawdzenia;strony nie ma w danych mapy (do sprawdzenia);"jeśli faktycznie brak: strona WWW; witryna/szyld, odzież dla personelu (do sprawdzenia na miejscu; oferta zależy od branży)";nie kontaktowano;OpenStreetMap (shop=hairdresser, node/12741517835);2026-10-10
Fryzjerzy i beauty;C;3;Lili Chinese Massage;Eindhoven;Hertogstraat 36 5611PB;;NIE ZNALEZIONO STRONY W DANYCH;;;;;;NIEUSTALONE (wymaga zdjęć lub wizji lokalnej);;;;;;Do sprawdzenia;strony nie ma w danych mapy (do sprawdzenia);"jeśli faktycznie brak: strona WWW; witryna/szyld, odzież dla personelu (do sprawdzenia na miejscu; oferta zależy od branży)";nie kontaktowano;OpenStreetMap (shop=massage, node/2759558315);2026-10-10
Fryzjerzy i beauty;C;3;Liva Beauty;Eindhoven;Tongelresestraat 401A 5642ND;;NIE ZNALEZIONO STRONY W DANYCH;;;;;Facebook;NIEUSTALONE (wymaga zdjęć lub wizji lokalnej);;;;;;Do sprawdzenia;strony nie ma w danych mapy (do sprawdzenia);"jeśli faktycznie brak: strona WWW; witryna/szyld, odzież dla personelu (do sprawdzenia na miejscu; oferta zależy od branży)";nie kontaktowano;OpenStreetMap (shop=beauty, node/2746550244);2026-10-10
Fryzjerzy i beauty;C;3;Lot of Beauty;;;;NIE ZNALEZIONO STRONY W DANYCH;;;;;;NIEUSTALONE (wymaga zdjęć lub wizji lokalnej);;;;;;Do sprawdzenia;strony nie ma w danych mapy (do sprawdzenia);"jeśli faktycznie brak: strona WWW; witryna/szyld, odzież dla personelu (do sprawdzenia na miejscu; oferta zależy od branży)";nie kontaktowano;OpenStreetMap (shop=beauty, node/9084483850);2026-10-10
Fryzjerzy i beauty;C;3;Lovely nails;Eindhoven;Piazza 71 5611AE;;NIE ZNALEZIONO STRONY W DANYCH;;;;;;NIEUSTALONE (wymaga zdjęć lub wizji lokalnej);;;;;;Do sprawdzenia;strony nie ma w danych mapy (do sprawdzenia);"jeśli faktycznie brak: strona WWW; witryna/szyld, odzież dla personelu (do sprawdzenia na miejscu; oferta zależy od branży)";nie kontaktowano;OpenStreetMap (shop=beauty, node/2765449510);2026-10-10
Fryzjerzy i beauty;C;3;Lox;Eindhoven;Hoogstraat 2 5611JR;;NIE ZNALEZIONO STRONY W DANYCH;;;;;Facebook;NIEUSTALONE (wymaga zdjęć lub wizji lokalnej);;;;;;Do sprawdzenia;strony nie ma w danych mapy (do sprawdzenia);"jeśli faktycznie brak: strona WWW; witryna/szyld, odzież dla personelu (do sprawdzenia na miejscu; oferta zależy od branży)";nie kontaktowano;OpenStreetMap (shop=hairdresser, node/2764373925);2026-10-10
Fryzjerzy i beauty;C;3;LuxuryNails;Eindhoven;Jan van Lieshoutstraat 36 5611EE;;NIE ZNALEZIONO STRONY W DANYCH;;;;;;NIEUSTALONE (wymaga zdjęć lub wizji lokalnej);;;;;;Do sprawdzenia;strony nie ma w danych mapy (do sprawdzenia);"jeśli faktycznie brak: strona WWW; witryna/szyld, odzież dla personelu (do sprawdzenia na miejscu; oferta zależy od branży)";nie kontaktowano;OpenStreetMap (shop=beauty, node/2765368728);2026-10-10
Fryzjerzy i beauty;C;3;Marcel;;;;NIE ZNALEZIONO STRONY W DANYCH;;;;;;NIEUSTALONE (wymaga zdjęć lub wizji lokalnej);;;;;;Do sprawdzenia;strony nie ma w danych mapy (do sprawdzenia);"jeśli faktycznie brak: strona WWW; witryna/szyld, odzież dla personelu (do sprawdzenia na miejscu; oferta zależy od branży)";nie kontaktowano;OpenStreetMap (shop=hairdresser, node/2328616829);2026-10-10
Fryzjerzy i beauty;C;3;Massage Shop @Melissa's;Eindhoven;Adriaan Dorsmanstraat 24 5624BJ;;NIE ZNALEZIONO STRONY W DANYCH;;;;;;NIEUSTALONE (wymaga zdjęć lub wizji lokalnej);;;;;;Do sprawdzenia;strony nie ma w danych mapy (do sprawdzenia);"jeśli faktycznie brak: strona WWW; witryna/szyld, odzież dla personelu (do sprawdzenia na miejscu; oferta zależy od branży)";nie kontaktowano;OpenStreetMap (shop=massage, node/11660179130);2026-10-10
Fryzjerzy i beauty;C;3;May Anne;Eindhoven;Nieuwstraat 36 5611DB;;NIE ZNALEZIONO STRONY W DANYCH;;;;;;NIEUSTALONE (wymaga zdjęć lub wizji lokalnej);;;;;;Do sprawdzenia;strony nie ma w danych mapy (do sprawdzenia);"jeśli faktycznie brak: strona WWW; witryna/szyld, odzież dla personelu (do sprawdzenia na miejscu; oferta zależy od branży)";nie kontaktowano;OpenStreetMap (shop=hairdresser, node/5325280848);2026-10-10
Fryzjerzy i beauty;C;3;MB Hairworks;Eindhoven;Geldropseweg 9A 5611SB;https://www.mb-hairworks.nl;OK;tak;tak;2026;Lightspeed;Facebook, Instagram;NIEUSTALONE (wymaga zdjęć lub wizji lokalnej);sklep online;;;;;Podstawy online OK;;"witryna/szyld, odzież dla personelu (do sprawdzenia na miejscu; oferta zależy od branży)";nie kontaktowano;OpenStreetMap (shop=hairdresser, node/2759558968);2026-10-10
Fryzjerzy i beauty;C;3;Mea's Kapsalon;Aarle-Rixtel;Dorpsstraat 47 5735EB;;NIE ZNALEZIONO STRONY W DANYCH;;;;;;NIEUSTALONE (wymaga zdjęć lub wizji lokalnej);;;;;;Do sprawdzenia;strony nie ma w danych mapy (do sprawdzenia);"jeśli faktycznie brak: strona WWW; witryna/szyld, odzież dla personelu (do sprawdzenia na miejscu; oferta zależy od branży)";nie kontaktowano;OpenStreetMap (shop=hairdresser, node/2901238005);2026-10-10
Fryzjerzy i beauty;C;3;Merna Accessories;Eindhoven;Lardinoisstraat 6 5611ZZ;;NIE ZNALEZIONO STRONY W DANYCH;;;;;;NIEUSTALONE (wymaga zdjęć lub wizji lokalnej);;;;;;Do sprawdzenia;strony nie ma w danych mapy (do sprawdzenia);"jeśli faktycznie brak: strona WWW; witryna/szyld, odzież dla personelu (do sprawdzenia na miejscu; oferta zależy od branży)";nie kontaktowano;OpenStreetMap (shop=beauty, node/2774855368);2026-10-10
Fryzjerzy i beauty;C;3;Mido;;;;NIE ZNALEZIONO STRONY W DANYCH;;;;;;NIEUSTALONE (wymaga zdjęć lub wizji lokalnej);;;;;;Do sprawdzenia;strony nie ma w danych mapy (do sprawdzenia);"jeśli faktycznie brak: strona WWW; witryna/szyld, odzież dla personelu (do sprawdzenia na miejscu; oferta zależy od branży)";nie kontaktowano;OpenStreetMap (shop=hairdresser, node/11955793341);2026-10-10
Fryzjerzy i beauty;C;3;Miggi de barber;Eindhoven;Geldropseweg 84 5611SK;;NIE ZNALEZIONO STRONY W DANYCH;;;;;;NIEUSTALONE (wymaga zdjęć lub wizji lokalnej);;;;;;Do sprawdzenia;strony nie ma w danych mapy (do sprawdzenia);"jeśli faktycznie brak: strona WWW; witryna/szyld, odzież dla personelu (do sprawdzenia na miejscu; oferta zależy od branży)";nie kontaktowano;OpenStreetMap (shop=hairdresser, node/2759421971);2026-10-10
Fryzjerzy i beauty;C;3;Mo's Hairway;Veldhoven;Mariaplein 4 5503DA;;NIE ZNALEZIONO STRONY W DANYCH;;;;;;NIEUSTALONE (wymaga zdjęć lub wizji lokalnej);;;;;;Do sprawdzenia;strony nie ma w danych mapy (do sprawdzenia);"jeśli faktycznie brak: strona WWW; witryna/szyld, odzież dla personelu (do sprawdzenia na miejscu; oferta zależy od branży)";nie kontaktowano;OpenStreetMap (shop=hairdresser, node/2833219113);2026-10-10
Fryzjerzy i beauty;C;3;Mona's;Heeze;Somerenseweg 1 5591JV;;NIE ZNALEZIONO STRONY W DANYCH;;;;;;NIEUSTALONE (wymaga zdjęć lub wizji lokalnej);;;;;;Do sprawdzenia;strony nie ma w danych mapy (do sprawdzenia);"jeśli faktycznie brak: strona WWW; witryna/szyld, odzież dla personelu (do sprawdzenia na miejscu; oferta zależy od branży)";nie kontaktowano;OpenStreetMap (shop=beauty, node/2829539861);2026-10-10
Fryzjerzy i beauty;C;3;MOOIbylinda;Best;Nieuwstraat 61 5683KB;;NIE ZNALEZIONO STRONY W DANYCH;;;;;;NIEUSTALONE (wymaga zdjęć lub wizji lokalnej);;;;;;Do sprawdzenia;strony nie ma w danych mapy (do sprawdzenia);"jeśli faktycznie brak: strona WWW; witryna/szyld, odzież dla personelu (do sprawdzenia na miejscu; oferta zależy od branży)";nie kontaktowano;OpenStreetMap (shop=beauty, node/3490042596);2026-10-10
Fryzjerzy i beauty;C;3;My Sun Zonnestudio;Eindhoven;Aalsterweg 135A 5644RA;;NIE ZNALEZIONO STRONY W DANYCH;;;;;;NIEUSTALONE (wymaga zdjęć lub wizji lokalnej);;;;;;Do sprawdzenia;strony nie ma w danych mapy (do sprawdzenia);"jeśli faktycznie brak: strona WWW; witryna/szyld, odzież dla personelu (do sprawdzenia na miejscu; oferta zależy od branży)";nie kontaktowano;OpenStreetMap (shop=beauty, node/3396690571);2026-10-10
Fryzjerzy i beauty;C;3;Nagelwerk;;;;NIE ZNALEZIONO STRONY W DANYCH;;;;;;NIEUSTALONE (wymaga zdjęć lub wizji lokalnej);;;;;;Do sprawdzenia;strony nie ma w danych mapy (do sprawdzenia);"jeśli faktycznie brak: strona WWW; witryna/szyld, odzież dla personelu (do sprawdzenia na miejscu; oferta zależy od branży)";nie kontaktowano;OpenStreetMap (shop=beauty, node/9084499238);2026-10-10
Fryzjerzy i beauty;C;3;Nail Boutique;Eindhoven;Lardinoisstraat 4 5611ZZ;;NIE ZNALEZIONO STRONY W DANYCH;;;;;;NIEUSTALONE (wymaga zdjęć lub wizji lokalnej);;;;;;Do sprawdzenia;strony nie ma w danych mapy (do sprawdzenia);"jeśli faktycznie brak: strona WWW; witryna/szyld, odzież dla personelu (do sprawdzenia na miejscu; oferta zależy od branży)";nie kontaktowano;OpenStreetMap (shop=beauty, node/2774855363);2026-10-10
Fryzjerzy i beauty;C;3;Nail it;Eindhoven;Tarwelaan 74 5632KG;;NIE ZNALEZIONO STRONY W DANYCH;;;;;Facebook;NIEUSTALONE (wymaga zdjęć lub wizji lokalnej);;;;;;Do sprawdzenia;strony nie ma w danych mapy (do sprawdzenia);"jeśli faktycznie brak: strona WWW; witryna/szyld, odzież dla personelu (do sprawdzenia na miejscu; oferta zależy od branży)";nie kontaktowano;OpenStreetMap (shop=beauty, node/2734160078);2026-10-10
Fryzjerzy i beauty;C;3;Necmi Hair Design;Eindhoven;Grote Berg 55 5611KJ;https://booking.optios.net/15086/menu;OK;tak;tak;;;;NIEUSTALONE (wymaga zdjęć lub wizji lokalnej);;;;;;Częściowe braki;nie znaleziono social media na stronie;"materiały do social media; witryna/szyld, odzież dla personelu (do sprawdzenia na miejscu; oferta zależy od branży)";nie kontaktowano;OpenStreetMap (shop=hairdresser, node/2764286580);2026-10-10
Fryzjerzy i beauty;C;3;New Look;Eindhoven;Kruisstraat 110 5612CL;;NIE ZNALEZIONO STRONY W DANYCH;;;;;;NIEUSTALONE (wymaga zdjęć lub wizji lokalnej);;;;;;Do sprawdzenia;strony nie ma w danych mapy (do sprawdzenia);"jeśli faktycznie brak: strona WWW; witryna/szyld, odzież dla personelu (do sprawdzenia na miejscu; oferta zależy od branży)";nie kontaktowano;OpenStreetMap (shop=hairdresser, node/2778291877);2026-10-10
Fryzjerzy i beauty;C;3;Nez Laser & Beauty;Eindhoven;Kruisstraat 55 5612CD;;NIE ZNALEZIONO STRONY W DANYCH;;;;;;NIEUSTALONE (wymaga zdjęć lub wizji lokalnej);;;;;;Do sprawdzenia;strony nie ma w danych mapy (do sprawdzenia);"jeśli faktycznie brak: strona WWW; witryna/szyld, odzież dla personelu (do sprawdzenia na miejscu; oferta zależy od branży)";nie kontaktowano;OpenStreetMap (shop=beauty, node/2777942756);2026-10-10
Fryzjerzy i beauty;C;3;NoDa Hairdesign;Bladel;Sniederslaan 26B 5531EL;;NIE ZNALEZIONO STRONY W DANYCH;;;;;;NIEUSTALONE (wymaga zdjęć lub wizji lokalnej);;;;;;Do sprawdzenia;strony nie ma w danych mapy (do sprawdzenia);"jeśli faktycznie brak: strona WWW; witryna/szyld, odzież dla personelu (do sprawdzenia na miejscu; oferta zależy od branży)";nie kontaktowano;OpenStreetMap (shop=hairdresser, node/2827061778);2026-10-10
Fryzjerzy i beauty;C;3;Noppakoaw;Eindhoven;St Bonifaciuslaan 31 5643NA;https://noppakoawtherapiemassage.com;OK;tak;tak;;;;NIEUSTALONE (wymaga zdjęć lub wizji lokalnej);;;;;;Częściowe braki;nie znaleziono social media na stronie;"materiały do social media; witryna/szyld, odzież dla personelu (do sprawdzenia na miejscu; oferta zależy od branży)";nie kontaktowano;OpenStreetMap (shop=massage, node/2743668454);2026-10-10
Fryzjerzy i beauty;C;3;On Time;Eindhoven;Strijpsestraat 162 5616GT;;NIE ZNALEZIONO STRONY W DANYCH;;;;;;NIEUSTALONE (wymaga zdjęć lub wizji lokalnej);;;;;;Do sprawdzenia;strony nie ma w danych mapy (do sprawdzenia);"jeśli faktycznie brak: strona WWW; witryna/szyld, odzież dla personelu (do sprawdzenia na miejscu; oferta zależy od branży)";nie kontaktowano;OpenStreetMap (shop=hairdresser, node/2753906601);2026-10-10
Fryzjerzy i beauty;C;3;Ons Kapperke;Mierlo;Margrietstraat 72 5731BR;;NIE ZNALEZIONO STRONY W DANYCH;;;;;;NIEUSTALONE (wymaga zdjęć lub wizji lokalnej);;;;;;Do sprawdzenia;strony nie ma w danych mapy (do sprawdzenia);"jeśli faktycznie brak: strona WWW; witryna/szyld, odzież dla personelu (do sprawdzenia na miejscu; oferta zależy od branży)";nie kontaktowano;OpenStreetMap (shop=hairdresser, node/2876879201);2026-10-10
Fryzjerzy i beauty;C;3;Originals Barbershop;Eindhoven;Gildelaan 38 5612AG;;NIE ZNALEZIONO STRONY W DANYCH;;;;;;NIEUSTALONE (wymaga zdjęć lub wizji lokalnej);;;;;;Do sprawdzenia;strony nie ma w danych mapy (do sprawdzenia);"jeśli faktycznie brak: strona WWW; witryna/szyld, odzież dla personelu (do sprawdzenia na miejscu; oferta zależy od branży)";nie kontaktowano;OpenStreetMap (shop=hairdresser, node/2778293139);2026-10-10
Fryzjerzy i beauty;C;3;Pars Haarstyling;Eindhoven;Grote Berg 52 5611KL;;NIE ZNALEZIONO STRONY W DANYCH;;;;;;NIEUSTALONE (wymaga zdjęć lub wizji lokalnej);;;;;;Do sprawdzenia;strony nie ma w danych mapy (do sprawdzenia);"jeśli faktycznie brak: strona WWW; witryna/szyld, odzież dla personelu (do sprawdzenia na miejscu; oferta zależy od branży)";nie kontaktowano;OpenStreetMap (shop=hairdresser, node/2764377292);2026-10-10
Fryzjerzy i beauty;C;3;Peach Waves;Helmond;Herselsestraat 23 5708XK;https://peachwaves.nl;OK;tak;tak;2026;Shopify;Facebook, Instagram;NIEUSTALONE (wymaga zdjęć lub wizji lokalnej);sklep online;;;;;Podstawy online OK;;"witryna/szyld, odzież dla personelu (do sprawdzenia na miejscu; oferta zależy od branży)";nie kontaktowano;OpenStreetMap (shop=beauty, node/2885725820);2026-10-10
Fryzjerzy i beauty;C;3;Pedicure @Melissa's;;;;NIE ZNALEZIONO STRONY W DANYCH;;;;;;NIEUSTALONE (wymaga zdjęć lub wizji lokalnej);;;;;;Do sprawdzenia;strony nie ma w danych mapy (do sprawdzenia);"jeśli faktycznie brak: strona WWW; witryna/szyld, odzież dla personelu (do sprawdzenia na miejscu; oferta zależy od branży)";nie kontaktowano;OpenStreetMap (shop=beauty, node/11711484717);2026-10-10
Fryzjerzy i beauty;C;3;Pedicurepraktijk Footcare;Best;Tamboer 16 5684DB;;NIE ZNALEZIONO STRONY W DANYCH;;;;;;NIEUSTALONE (wymaga zdjęć lub wizji lokalnej);;;;;;Do sprawdzenia;strony nie ma w danych mapy (do sprawdzenia);"jeśli faktycznie brak: strona WWW; witryna/szyld, odzież dla personelu (do sprawdzenia na miejscu; oferta zależy od branży)";nie kontaktowano;OpenStreetMap (shop=beauty, node/3811779318);2026-10-10
Fryzjerzy i beauty;C;3;Peels Haarmode;Eindhoven;Strijpsestraat 158 5616GT;;NIE ZNALEZIONO STRONY W DANYCH;;;;;;NIEUSTALONE (wymaga zdjęć lub wizji lokalnej);;;;;;Do sprawdzenia;strony nie ma w danych mapy (do sprawdzenia);"jeśli faktycznie brak: strona WWW; witryna/szyld, odzież dla personelu (do sprawdzenia na miejscu; oferta zależy od branży)";nie kontaktowano;OpenStreetMap (shop=hairdresser, node/3666882178);2026-10-10
Fryzjerzy i beauty;C;3;Perfect Lookz;Valkenswaard;Oranje Nassaustraat 5 5554AE;;NIE ZNALEZIONO STRONY W DANYCH;;;;;;NIEUSTALONE (wymaga zdjęć lub wizji lokalnej);;;;;;Do sprawdzenia;strony nie ma w danych mapy (do sprawdzenia);"jeśli faktycznie brak: strona WWW; witryna/szyld, odzież dla personelu (do sprawdzenia na miejscu; oferta zależy od branży)";nie kontaktowano;OpenStreetMap (shop=hairdresser, node/2828956380);2026-10-10
Fryzjerzy i beauty;C;3;PinkGellac;;;;NIE ZNALEZIONO STRONY W DANYCH;;;;;;NIEUSTALONE (wymaga zdjęć lub wizji lokalnej);;;;;;Do sprawdzenia;strony nie ma w danych mapy (do sprawdzenia);"jeśli faktycznie brak: strona WWW; witryna/szyld, odzież dla personelu (do sprawdzenia na miejscu; oferta zależy od branży)";nie kontaktowano;OpenStreetMap (shop=beauty, node/10961975434);2026-10-10
Fryzjerzy i beauty;C;3;Polat Beauty;Eindhoven;Limburglaan 1 5616HR;;NIE ZNALEZIONO STRONY W DANYCH;;;;;;NIEUSTALONE (wymaga zdjęć lub wizji lokalnej);;;;;;Do sprawdzenia;strony nie ma w danych mapy (do sprawdzenia);"jeśli faktycznie brak: strona WWW; witryna/szyld, odzież dla personelu (do sprawdzenia na miejscu; oferta zależy od branży)";nie kontaktowano;OpenStreetMap (shop=beauty, node/5297492953);2026-10-10
Fryzjerzy i beauty;C;3;Pop;Eindhoven;Wilhelminaplein 1 5611HE;https://popboutiquesalon.com;OK;tak;tak;2026;WordPress;;NIEUSTALONE (wymaga zdjęć lub wizji lokalnej);;;;;;Częściowe braki;nie znaleziono social media na stronie;"materiały do social media; witryna/szyld, odzież dla personelu (do sprawdzenia na miejscu; oferta zależy od branży)";nie kontaktowano;OpenStreetMap (shop=hairdresser, node/2764371004);2026-10-10
Fryzjerzy i beauty;C;3;Prinssen Hairlounge;;;;NIE ZNALEZIONO STRONY W DANYCH;;;;;;NIEUSTALONE (wymaga zdjęć lub wizji lokalnej);;;;;;Do sprawdzenia;strony nie ma w danych mapy (do sprawdzenia);"jeśli faktycznie brak: strona WWW; witryna/szyld, odzież dla personelu (do sprawdzenia na miejscu; oferta zależy od branży)";nie kontaktowano;OpenStreetMap (shop=hairdresser, node/13640423184);2026-10-10
Fryzjerzy i beauty;C;3;Qnip-Inn;Geldrop;Heuvel 10A 5664HK;;NIE ZNALEZIONO STRONY W DANYCH;;;;;;NIEUSTALONE (wymaga zdjęć lub wizji lokalnej);;;;;;Do sprawdzenia;strony nie ma w danych mapy (do sprawdzenia);"jeśli faktycznie brak: strona WWW; witryna/szyld, odzież dla personelu (do sprawdzenia na miejscu; oferta zależy od branży)";nie kontaktowano;OpenStreetMap (shop=hairdresser, node/2872353216);2026-10-10
Fryzjerzy i beauty;C;3;Queen Nails;Eindhoven;Winkelcentrum Woensel 71 5625AD;https://www.queennails.nl/;OK;tak;tak;;;;NIEUSTALONE (wymaga zdjęć lub wizji lokalnej);nowa lokalizacja;;;;;BŁĄD DANYCH: Strona dotyczy salonu w Zwolle (wg przeglądu reklamy);nie znaleziono social media na stronie;"materiały do social media; witryna/szyld, odzież dla personelu (do sprawdzenia na miejscu; oferta zależy od branży); oznakowanie nowej lokalizacji / start marki";nie kontaktowano;OpenStreetMap (shop=beauty, node/2751970964);2026-10-10
Fryzjerzy i beauty;C;3;Rachida;;;;NIE ZNALEZIONO STRONY W DANYCH;;;;;;NIEUSTALONE (wymaga zdjęć lub wizji lokalnej);;;;;;Do sprawdzenia;strony nie ma w danych mapy (do sprawdzenia);"jeśli faktycznie brak: strona WWW; witryna/szyld, odzież dla personelu (do sprawdzenia na miejscu; oferta zależy od branży)";nie kontaktowano;OpenStreetMap (shop=beauty, node/6299276959);2026-10-10
Fryzjerzy i beauty;C;3;Rahman Alyas;Eindhoven;Hoogstraat 51 5615PA;;NIE ZNALEZIONO STRONY W DANYCH;;;;;;NIEUSTALONE (wymaga zdjęć lub wizji lokalnej);;;;;;Do sprawdzenia;strony nie ma w danych mapy (do sprawdzenia);"jeśli faktycznie brak: strona WWW; witryna/szyld, odzież dla personelu (do sprawdzenia na miejscu; oferta zależy od branży)";nie kontaktowano;OpenStreetMap (shop=hairdresser, node/2748519406);2026-10-10
Fryzjerzy i beauty;C;3;Release Laser Clinic;Eindhoven;Willemstraat 7 5611HA;https://releaselaserclinic.nl/contact-eindhoven;OK;tak;tak;2026;WordPress;Facebook, Instagram;NIEUSTALONE (wymaga zdjęć lub wizji lokalnej);rekrutuje;;;;;Podstawy online OK;;"witryna/szyld, odzież dla personelu (do sprawdzenia na miejscu; oferta zależy od branży); odzież/oklejenie dla nowych ludzi i aut";nie kontaktowano;OpenStreetMap (shop=beauty, node/2764378225);2026-10-10
Fryzjerzy i beauty;C;3;Rob Peetoom;Eindhoven;Lichttoren 2 5611BJ;https://robpeetoom.com/pages/salon-eindhoven;OK;tak;tak;;Shopify;Facebook, Instagram, TikTok;NIEUSTALONE (wymaga zdjęć lub wizji lokalnej);sklep online;;;;;Podstawy online OK;;"witryna/szyld, odzież dla personelu (do sprawdzenia na miejscu; oferta zależy od branży)";nie kontaktowano;OpenStreetMap (shop=hairdresser, node/2764499615);2026-10-10
Fryzjerzy i beauty;C;3;Rosie en Karel Citykapper;Eindhoven;Kastelenplein 69 5653LP;;NIE ZNALEZIONO STRONY W DANYCH;;;;;;NIEUSTALONE (wymaga zdjęć lub wizji lokalnej);;;;;;Do sprawdzenia;strony nie ma w danych mapy (do sprawdzenia);"jeśli faktycznie brak: strona WWW; witryna/szyld, odzież dla personelu (do sprawdzenia na miejscu; oferta zależy od branży)";nie kontaktowano;OpenStreetMap (shop=hairdresser, node/2712402689);2026-10-10
Fryzjerzy i beauty;C;3;Sabai Thaise Massage;Helmond;Noord Koninginnewal 20A 5701NK;;NIE ZNALEZIONO STRONY W DANYCH;;;;;;NIEUSTALONE (wymaga zdjęć lub wizji lokalnej);;;;;;Do sprawdzenia;strony nie ma w danych mapy (do sprawdzenia);"jeśli faktycznie brak: strona WWW; witryna/szyld, odzież dla personelu (do sprawdzenia na miejscu; oferta zależy od branży)";nie kontaktowano;OpenStreetMap (shop=massage, node/2903870465);2026-10-10
Fryzjerzy i beauty;C;3;Saensabai health care;Bladel;Sniederslaan 29 5531EG;https://saensabai.nl/;OK;tak;tak;2026;WordPress;;NIEUSTALONE (wymaga zdjęć lub wizji lokalnej);;;;;;Częściowe braki;nie znaleziono social media na stronie;"materiały do social media; witryna/szyld, odzież dla personelu (do sprawdzenia na miejscu; oferta zależy od branży)";nie kontaktowano;OpenStreetMap (shop=massage, node/2827062430);2026-10-10
Fryzjerzy i beauty;C;3;Salon Nour 2;Eindhoven;Lardinoisstraat 9 5611ZZ;;NIE ZNALEZIONO STRONY W DANYCH;;;;;;NIEUSTALONE (wymaga zdjęć lub wizji lokalnej);;;;;;Do sprawdzenia;strony nie ma w danych mapy (do sprawdzenia);"jeśli faktycznie brak: strona WWW; witryna/szyld, odzież dla personelu (do sprawdzenia na miejscu; oferta zależy od branży)";nie kontaktowano;OpenStreetMap (shop=hairdresser, node/1886063311);2026-10-10
Fryzjerzy i beauty;C;3;Salon Ostara;Eindhoven;;https://www.salonostara.nl/;OK;tak;tak;2026;;Facebook, Instagram, TikTok;NIEUSTALONE (wymaga zdjęć lub wizji lokalnej);wlasny salon otwarty na poczatku 2026 (ED.nl 2026-05-24);;;2026;;Podstawy online OK;;"witryna/szyld, odzież dla personelu (do sprawdzenia na miejscu; oferta zależy od branży)";nie kontaktowano;nowo założona lub otwarta firma (runda 2, lokalne media / rejestr Oozo) | dowód: https://www.ed.nl/eindhoven/jenny-runt-een-alternatieve-kapsalon-in-eindhoven-ik-sta-bekend-als-het-meisje-met-de-groene-krullen~a1d737e1/;2026-10-10
Fryzjerzy i beauty;C;3;Sawaddee thai wellness;;;;NIE ZNALEZIONO STRONY W DANYCH;;;;;;NIEUSTALONE (wymaga zdjęć lub wizji lokalnej);;;;;;Do sprawdzenia;strony nie ma w danych mapy (do sprawdzenia);"jeśli faktycznie brak: strona WWW; witryna/szyld, odzież dla personelu (do sprawdzenia na miejscu; oferta zależy od branży)";nie kontaktowano;OpenStreetMap (shop=massage, node/11210385532);2026-10-10
Fryzjerzy i beauty;C;3;Schaars;Veldhoven;Meiveld 10 5501KA;https://schaarshaarstudio.nl/;OK;tak;tak;2026;;;NIEUSTALONE (wymaga zdjęć lub wizji lokalnej);;;;;;Częściowe braki;nie znaleziono social media na stronie;"materiały do social media; witryna/szyld, odzież dla personelu (do sprawdzenia na miejscu; oferta zależy od branży)";nie kontaktowano;OpenStreetMap (shop=hairdresser, node/2833272505);2026-10-10
Fryzjerzy i beauty;C;3;Schoonheidssalon Jaqueline;;;;NIE ZNALEZIONO STRONY W DANYCH;;;;;;NIEUSTALONE (wymaga zdjęć lub wizji lokalnej);;;;;;Do sprawdzenia;strony nie ma w danych mapy (do sprawdzenia);"jeśli faktycznie brak: strona WWW; witryna/szyld, odzież dla personelu (do sprawdzenia na miejscu; oferta zależy od branży)";nie kontaktowano;OpenStreetMap (shop=beauty, node/3204940348);2026-10-10
Fryzjerzy i beauty;C;3;Scissors Hairdesign;Best;Rendierhei 23 5685HS;;NIE ZNALEZIONO STRONY W DANYCH;;;;;;NIEUSTALONE (wymaga zdjęć lub wizji lokalnej);;;;;;Do sprawdzenia;strony nie ma w danych mapy (do sprawdzenia);"jeśli faktycznie brak: strona WWW; witryna/szyld, odzież dla personelu (do sprawdzenia na miejscu; oferta zależy od branży)";nie kontaktowano;OpenStreetMap (shop=hairdresser, node/2734946999);2026-10-10
Fryzjerzy i beauty;C;3;Shabo;;;;NIE ZNALEZIONO STRONY W DANYCH;;;;;;NIEUSTALONE (wymaga zdjęć lub wizji lokalnej);;;;;;Do sprawdzenia;strony nie ma w danych mapy (do sprawdzenia);"jeśli faktycznie brak: strona WWW; witryna/szyld, odzież dla personelu (do sprawdzenia na miejscu; oferta zależy od branży)";nie kontaktowano;OpenStreetMap (shop=hairdresser, node/5037604282);2026-10-10
Fryzjerzy i beauty;C;3;Sidal;;;;NIE ZNALEZIONO STRONY W DANYCH;;;;;;NIEUSTALONE (wymaga zdjęć lub wizji lokalnej);;;;;;Do sprawdzenia;strony nie ma w danych mapy (do sprawdzenia);"jeśli faktycznie brak: strona WWW; witryna/szyld, odzież dla personelu (do sprawdzenia na miejscu; oferta zależy od branży)";nie kontaktowano;OpenStreetMap (shop=beauty, node/11955488634);2026-10-10
Fryzjerzy i beauty;C;3;Skinlines;Eindhoven;van Thienenlaan 55 5622BB;;NIE ZNALEZIONO STRONY W DANYCH;;;;;;NIEUSTALONE (wymaga zdjęć lub wizji lokalnej);;;;;;Do sprawdzenia;strony nie ma w danych mapy (do sprawdzenia);"jeśli faktycznie brak: strona WWW; witryna/szyld, odzież dla personelu (do sprawdzenia na miejscu; oferta zależy od branży)";nie kontaktowano;OpenStreetMap (shop=tattoo, node/1838465799);2026-10-10
Fryzjerzy i beauty;C;3;Skins Cosmetics;Eindhoven;Hooghuisstraat 33 5611GS;https://www.skins.nl/eindhoven;OK;tak;tak;;;Facebook, Instagram, TikTok, YouTube;NIEUSTALONE (wymaga zdjęć lub wizji lokalnej);rekrutuje;;;;;Podstawy online OK;;"witryna/szyld, odzież dla personelu (do sprawdzenia na miejscu; oferta zależy od branży); odzież/oklejenie dla nowych ludzi i aut";nie kontaktowano;OpenStreetMap (shop=cosmetics, node/2765368669);2026-10-10
Fryzjerzy i beauty;C;3;Sonay Hairstylist;Eindhoven;Frederiklaan 207 5616NG;;NIE ZNALEZIONO STRONY W DANYCH;;;;;;NIEUSTALONE (wymaga zdjęć lub wizji lokalnej);;;;;;Do sprawdzenia;strony nie ma w danych mapy (do sprawdzenia);"jeśli faktycznie brak: strona WWW; witryna/szyld, odzież dla personelu (do sprawdzenia na miejscu; oferta zależy od branży)";nie kontaktowano;OpenStreetMap (shop=hairdresser, node/2753906785);2026-10-10
Fryzjerzy i beauty;C;3;Steenbakkers;Best;Nieuwstraat 67 5683KB;;NIE ZNALEZIONO STRONY W DANYCH;;;;;;NIEUSTALONE (wymaga zdjęć lub wizji lokalnej);;;;;;Do sprawdzenia;strony nie ma w danych mapy (do sprawdzenia);"jeśli faktycznie brak: strona WWW; witryna/szyld, odzież dla personelu (do sprawdzenia na miejscu; oferta zależy od branży)";nie kontaktowano;OpenStreetMap (shop=hairdresser, node/3490042331);2026-10-10
Fryzjerzy i beauty;C;3;Sun & More;;;;NIE ZNALEZIONO STRONY W DANYCH;;;;;;NIEUSTALONE (wymaga zdjęć lub wizji lokalnej);;;;;;Do sprawdzenia;strony nie ma w danych mapy (do sprawdzenia);"jeśli faktycznie brak: strona WWW; witryna/szyld, odzież dla personelu (do sprawdzenia na miejscu; oferta zależy od branży)";nie kontaktowano;OpenStreetMap (shop=beauty, node/1567277002);2026-10-10
Fryzjerzy i beauty;C;3;SunCare Veldhoven;;;;NIE ZNALEZIONO STRONY W DANYCH;;;;;;NIEUSTALONE (wymaga zdjęć lub wizji lokalnej);;;;;;Do sprawdzenia;strony nie ma w danych mapy (do sprawdzenia);"jeśli faktycznie brak: strona WWW; witryna/szyld, odzież dla personelu (do sprawdzenia na miejscu; oferta zależy od branży)";nie kontaktowano;OpenStreetMap (shop=beauty, node/5809213118);2026-10-10
Fryzjerzy i beauty;C;3;Tatoosalon Joan;Eindhoven;Edisonstraat 11 5621HJ;;NIE ZNALEZIONO STRONY W DANYCH;;;;;;NIEUSTALONE (wymaga zdjęć lub wizji lokalnej);;;;;;Do sprawdzenia;strony nie ma w danych mapy (do sprawdzenia);"jeśli faktycznie brak: strona WWW; witryna/szyld, odzież dla personelu (do sprawdzenia na miejscu; oferta zależy od branży)";nie kontaktowano;OpenStreetMap (shop=tattoo, node/6816061193);2026-10-10
Fryzjerzy i beauty;C;3;Tatto Shop Frogs;;;;NIE ZNALEZIONO STRONY W DANYCH;;;;;;NIEUSTALONE (wymaga zdjęć lub wizji lokalnej);;;;;;Do sprawdzenia;strony nie ma w danych mapy (do sprawdzenia);"jeśli faktycznie brak: strona WWW; witryna/szyld, odzież dla personelu (do sprawdzenia na miejscu; oferta zależy od branży)";nie kontaktowano;OpenStreetMap (shop=tattoo, node/3579525481);2026-10-10
Fryzjerzy i beauty;C;3;Tattoo Atelier Eindhoven;Eindhoven;Leenderweg 107 5614HL;;NIE ZNALEZIONO STRONY W DANYCH;;;;;Instagram;NIEUSTALONE (wymaga zdjęć lub wizji lokalnej);;;;;;Do sprawdzenia;strony nie ma w danych mapy (do sprawdzenia);"jeśli faktycznie brak: strona WWW; witryna/szyld, odzież dla personelu (do sprawdzenia na miejscu; oferta zależy od branży)";nie kontaktowano;OpenStreetMap (shop=tattoo, node/2758433583);2026-10-10
Fryzjerzy i beauty;C;3;Team Kappers;Eindhoven;Winkelcentrum Woensel 76 5625AD;;NIE ZNALEZIONO STRONY W DANYCH;;;;;;NIEUSTALONE (wymaga zdjęć lub wizji lokalnej);;;;;;Do sprawdzenia;strony nie ma w danych mapy (do sprawdzenia);"jeśli faktycznie brak: strona WWW; witryna/szyld, odzież dla personelu (do sprawdzenia na miejscu; oferta zależy od branży)";nie kontaktowano;OpenStreetMap (shop=hairdresser, node/2751971123);2026-10-10
Fryzjerzy i beauty;C;3;Team Kapsalon;;;;NIE ZNALEZIONO STRONY W DANYCH;;;;;;NIEUSTALONE (wymaga zdjęć lub wizji lokalnej);;;;;;Do sprawdzenia;strony nie ma w danych mapy (do sprawdzenia);"jeśli faktycznie brak: strona WWW; witryna/szyld, odzież dla personelu (do sprawdzenia na miejscu; oferta zależy od branży)";nie kontaktowano;OpenStreetMap (shop=hairdresser, node/431148985);2026-10-10
Fryzjerzy i beauty;C;3;The Barber Hub;Helmond;Binderseind 32 5701SV;;NIE ZNALEZIONO STRONY W DANYCH;;;;;;NIEUSTALONE (wymaga zdjęć lub wizji lokalnej);;;;;;Do sprawdzenia;strony nie ma w danych mapy (do sprawdzenia);"jeśli faktycznie brak: strona WWW; witryna/szyld, odzież dla personelu (do sprawdzenia na miejscu; oferta zależy od branży)";nie kontaktowano;OpenStreetMap (shop=hairdresser, node/4761673716);2026-10-10
Fryzjerzy i beauty;C;3;The Barber vibe;Valkenswaard;Nieuwe Waalreseweg 95 5552EE;;NIE ZNALEZIONO STRONY W DANYCH;;;;;;NIEUSTALONE (wymaga zdjęć lub wizji lokalnej);;;;;;Do sprawdzenia;strony nie ma w danych mapy (do sprawdzenia);"jeśli faktycznie brak: strona WWW; witryna/szyld, odzież dla personelu (do sprawdzenia na miejscu; oferta zależy od branży)";nie kontaktowano;OpenStreetMap (shop=hairdresser, node/2828960609);2026-10-10
Fryzjerzy i beauty;C;3;The beauty place 2 be;Eindhoven;Schootsestraat 105 5616RC;;NIE ZNALEZIONO STRONY W DANYCH;;;;;;NIEUSTALONE (wymaga zdjęć lub wizji lokalnej);;;;;;Do sprawdzenia;strony nie ma w danych mapy (do sprawdzenia);"jeśli faktycznie brak: strona WWW; witryna/szyld, odzież dla personelu (do sprawdzenia na miejscu; oferta zależy od branży)";nie kontaktowano;OpenStreetMap (shop=beauty, node/2754885219);2026-10-10
Fryzjerzy i beauty;C;3;The Box Barbershop;Veldhoven;Vlierbeek 31 5501AJ;https://theboxbarbershop.com/;OK;tak;tak;;;;NIEUSTALONE (wymaga zdjęć lub wizji lokalnej);;;;;;Częściowe braki;nie znaleziono social media na stronie;"materiały do social media; witryna/szyld, odzież dla personelu (do sprawdzenia na miejscu; oferta zależy od branży)";nie kontaktowano;OpenStreetMap (shop=hairdresser, node/2833274945);2026-10-10
Fryzjerzy i beauty;C;3;The Glambar;;;;NIE ZNALEZIONO STRONY W DANYCH;;;;;;NIEUSTALONE (wymaga zdjęć lub wizji lokalnej);;;;;;Do sprawdzenia;strony nie ma w danych mapy (do sprawdzenia);"jeśli faktycznie brak: strona WWW; witryna/szyld, odzież dla personelu (do sprawdzenia na miejscu; oferta zależy od branży)";nie kontaktowano;OpenStreetMap (shop=hairdresser, node/12071411038);2026-10-10
Fryzjerzy i beauty;C;3;Topstylist;Valkenswaard;Eindhovenseweg 58 5554AD;;NIE ZNALEZIONO STRONY W DANYCH;;;;;;NIEUSTALONE (wymaga zdjęć lub wizji lokalnej);;;;;;Do sprawdzenia;strony nie ma w danych mapy (do sprawdzenia);"jeśli faktycznie brak: strona WWW; witryna/szyld, odzież dla personelu (do sprawdzenia na miejscu; oferta zależy od branży)";nie kontaktowano;OpenStreetMap (shop=hairdresser, node/2829231290);2026-10-10
Fryzjerzy i beauty;C;3;Traditions kapper;Eindhoven;Winkelstraat 1 5644EK;;NIE ZNALEZIONO STRONY W DANYCH;;;;;;NIEUSTALONE (wymaga zdjęć lub wizji lokalnej);;;;;;Do sprawdzenia;strony nie ma w danych mapy (do sprawdzenia);"jeśli faktycznie brak: strona WWW; witryna/szyld, odzież dla personelu (do sprawdzenia na miejscu; oferta zależy od branży)";nie kontaktowano;OpenStreetMap (shop=hairdresser, node/2739431246);2026-10-10
Fryzjerzy i beauty;C;3;Traditions Kappers;Eindhoven;Kastelenplein 70 5653LP;https://www.traditions.nl;OK;tak;tak;;WordPress;Facebook, Instagram;NIEUSTALONE (wymaga zdjęć lub wizji lokalnej);rekrutuje;;;;;Podstawy online OK;;"witryna/szyld, odzież dla personelu (do sprawdzenia na miejscu; oferta zależy od branży); odzież/oklejenie dla nowych ludzi i aut";nie kontaktowano;OpenStreetMap (shop=hairdresser, node/2712402691) + wyszukiwarka + wyszukiwarka + wyszukiwarka;2026-10-10
Fryzjerzy i beauty;C;3;Trendy Fashion 40;;;;NIE ZNALEZIONO STRONY W DANYCH;;;;;;NIEUSTALONE (wymaga zdjęć lub wizji lokalnej);;;;;;Do sprawdzenia;strony nie ma w danych mapy (do sprawdzenia);"jeśli faktycznie brak: strona WWW; witryna/szyld, odzież dla personelu (do sprawdzenia na miejscu; oferta zależy od branży)";nie kontaktowano;OpenStreetMap (shop=cosmetics, node/11955455656);2026-10-10
Fryzjerzy i beauty;C;3;True Blue Tattoo;Eindhoven;Willemstraat 39 5611HC;;NIE ZNALEZIONO STRONY W DANYCH;;;;;;NIEUSTALONE (wymaga zdjęć lub wizji lokalnej);;;;;;Do sprawdzenia;strony nie ma w danych mapy (do sprawdzenia);"jeśli faktycznie brak: strona WWW; witryna/szyld, odzież dla personelu (do sprawdzenia na miejscu; oferta zależy od branży)";nie kontaktowano;OpenStreetMap (shop=tattoo, node/2764376017);2026-10-10
Fryzjerzy i beauty;C;3;Ullasa;;;;NIE ZNALEZIONO STRONY W DANYCH;;;;;;NIEUSTALONE (wymaga zdjęć lub wizji lokalnej);;;;;;Do sprawdzenia;strony nie ma w danych mapy (do sprawdzenia);"jeśli faktycznie brak: strona WWW; witryna/szyld, odzież dla personelu (do sprawdzenia na miejscu; oferta zależy od branży)";nie kontaktowano;OpenStreetMap (shop=beauty, node/11955510783);2026-10-10
Fryzjerzy i beauty;C;3;Unique Haarmode;Geldrop;Beneden Beekloop 30 5662HL;;NIE ZNALEZIONO STRONY W DANYCH;;;;;;NIEUSTALONE (wymaga zdjęć lub wizji lokalnej);;;;;;Do sprawdzenia;strony nie ma w danych mapy (do sprawdzenia);"jeśli faktycznie brak: strona WWW; witryna/szyld, odzież dla personelu (do sprawdzenia na miejscu; oferta zależy od branży)";nie kontaktowano;OpenStreetMap (shop=hairdresser, node/1779229012);2026-10-10
Fryzjerzy i beauty;C;3;UwKapper;Eindhoven;St Trudoplein 11 5616GZ;https://www.uwkapper.nl/;OK;tak;tak;;;Facebook, Instagram;NIEUSTALONE (wymaga zdjęć lub wizji lokalnej);rekrutuje;;;;;Podstawy online OK;;"witryna/szyld, odzież dla personelu (do sprawdzenia na miejscu; oferta zależy od branży); odzież/oklejenie dla nowych ludzi i aut";nie kontaktowano;OpenStreetMap (shop=hairdresser, node/2753906387);2026-10-10
Fryzjerzy i beauty;C;3;Van Bommel;Geldrop;Winkelcentrum Coevering 6 5665GA;;NIE ZNALEZIONO STRONY W DANYCH;;;;;;NIEUSTALONE (wymaga zdjęć lub wizji lokalnej);;;;;;Do sprawdzenia;strony nie ma w danych mapy (do sprawdzenia);"jeśli faktycznie brak: strona WWW; witryna/szyld, odzież dla personelu (do sprawdzenia na miejscu; oferta zależy od branży)";nie kontaktowano;OpenStreetMap (shop=hairdresser, node/4523186010);2026-10-10
Fryzjerzy i beauty;C;3;Vedat Herenkapper;Eindhoven;Tongelresestraat 405 5642ND;https://haar.expert/kapsalons/vedat-herenkapper-tongelresestraat-393-5642-nd-eindhoven;OK;tak;tak;2026;WordPress;Facebook;NIEUSTALONE (wymaga zdjęć lub wizji lokalnej);rekrutuje;;;;;Podstawy online OK;;"witryna/szyld, odzież dla personelu (do sprawdzenia na miejscu; oferta zależy od branży); odzież/oklejenie dla nowych ludzi i aut";nie kontaktowano;OpenStreetMap (shop=hairdresser, node/2746550249);2026-10-10
Fryzjerzy i beauty;C;3;Vijgenboom;Helmond;Steenweg 3 5707CD;;NIE ZNALEZIONO STRONY W DANYCH;;;;;;NIEUSTALONE (wymaga zdjęć lub wizji lokalnej);;;;;;Do sprawdzenia;strony nie ma w danych mapy (do sprawdzenia);"jeśli faktycznie brak: strona WWW; witryna/szyld, odzież dla personelu (do sprawdzenia na miejscu; oferta zależy od branży)";nie kontaktowano;OpenStreetMap (shop=hairdresser, node/2902886607);2026-10-10
Fryzjerzy i beauty;C;3;Vita Voet Pedicure;Best;Mauritslaan 58 5684LE;https://www.vitavoet.nl/;OK;tak;tak;2023;;;NIEUSTALONE (wymaga zdjęć lub wizji lokalnej);;;;;;Częściowe braki;nie znaleziono social media na stronie;"materiały do social media; witryna/szyld, odzież dla personelu (do sprawdzenia na miejscu; oferta zależy od branży)";nie kontaktowano;OpenStreetMap (shop=beauty, node/2736331575);2026-10-10
Fryzjerzy i beauty;C;3;Wat-Mooi;;;https://www.wat-mooi.nl;OK;tak;tak;2026;WordPress;;NIEUSTALONE (wymaga zdjęć lub wizji lokalnej);;;;;;Częściowe braki;nie znaleziono social media na stronie;"materiały do social media; witryna/szyld, odzież dla personelu (do sprawdzenia na miejscu; oferta zależy od branży)";nie kontaktowano;OpenStreetMap (shop=hairdresser, node/11910443182);2026-10-10
Fryzjerzy i beauty;C;3;Wenzhou Hair & Beauty;Eindhoven;Nieuwstraat 22 5611DB;;NIE ZNALEZIONO STRONY W DANYCH;;;;;;NIEUSTALONE (wymaga zdjęć lub wizji lokalnej);;;;;;Do sprawdzenia;strony nie ma w danych mapy (do sprawdzenia);"jeśli faktycznie brak: strona WWW; witryna/szyld, odzież dla personelu (do sprawdzenia na miejscu; oferta zależy od branży)";nie kontaktowano;OpenStreetMap (shop=hairdresser, node/2765447466);2026-10-10
Fryzjerzy i beauty;C;3;Who's she;;;;NIE ZNALEZIONO STRONY W DANYCH;;;;;;NIEUSTALONE (wymaga zdjęć lub wizji lokalnej);;;;;;Do sprawdzenia;strony nie ma w danych mapy (do sprawdzenia);"jeśli faktycznie brak: strona WWW; witryna/szyld, odzież dla personelu (do sprawdzenia na miejscu; oferta zależy od branży)";nie kontaktowano;OpenStreetMap (shop=hairdresser, node/13113102750);2026-10-10
Fryzjerzy i beauty;C;3;Your Style;Helmond;Pastoor Elsenstraat 1 5706VM;https://www.yourstylekappers.nl;OK;tak;tak;;;Facebook, Instagram;NIEUSTALONE (wymaga zdjęć lub wizji lokalnej);rekrutuje;;;;;Podstawy online OK;;"witryna/szyld, odzież dla personelu (do sprawdzenia na miejscu; oferta zależy od branży); odzież/oklejenie dla nowych ludzi i aut";nie kontaktowano;OpenStreetMap (shop=hairdresser, node/2901554517);2026-10-10
Fryzjerzy i beauty;C;3;Yu Yi Tang;;;;NIE ZNALEZIONO STRONY W DANYCH;;;;;;NIEUSTALONE (wymaga zdjęć lub wizji lokalnej);;;;;;Do sprawdzenia;strony nie ma w danych mapy (do sprawdzenia);"jeśli faktycznie brak: strona WWW; witryna/szyld, odzież dla personelu (do sprawdzenia na miejscu; oferta zależy od branży)";nie kontaktowano;OpenStreetMap (shop=massage, node/11955501545);2026-10-10
Fryzjerzy i beauty;C;3;Yu&Mi;Eindhoven;Leenderweg 135 5614HM;;NIE ZNALEZIONO STRONY W DANYCH;;;;;;NIEUSTALONE (wymaga zdjęć lub wizji lokalnej);;;;;;Do sprawdzenia;strony nie ma w danych mapy (do sprawdzenia);"jeśli faktycznie brak: strona WWW; witryna/szyld, odzież dla personelu (do sprawdzenia na miejscu; oferta zależy od branży)";nie kontaktowano;OpenStreetMap (shop=massage, node/2758433811);2026-10-10
Fryzjerzy i beauty;C;3;Zonnestudio My Sun;;;;NIE ZNALEZIONO STRONY W DANYCH;;;;;;NIEUSTALONE (wymaga zdjęć lub wizji lokalnej);;;;;;Do sprawdzenia;strony nie ma w danych mapy (do sprawdzenia);"jeśli faktycznie brak: strona WWW; witryna/szyld, odzież dla personelu (do sprawdzenia na miejscu; oferta zależy od branży)";nie kontaktowano;OpenStreetMap (shop=beauty, node/11663176674);2026-10-10
Fryzjerzy i beauty;C;3;ZoZo Beauty;Veldhoven;Kromstraat 36E 5504BD;;NIE ZNALEZIONO STRONY W DANYCH;;;;;;NIEUSTALONE (wymaga zdjęć lub wizji lokalnej);;;;;;Do sprawdzenia;strony nie ma w danych mapy (do sprawdzenia);"jeśli faktycznie brak: strona WWW; witryna/szyld, odzież dla personelu (do sprawdzenia na miejscu; oferta zależy od branży)";nie kontaktowano;OpenStreetMap (shop=beauty, node/2833146853);2026-10-10
Fryzjerzy i beauty;C;2;'t Barberhuis;Heeze;Kapelstraat 112a 5591HH;https://www.barberhuis.nl;OK;tak;tak;;WordPress;YouTube;NIEUSTALONE (wymaga zdjęć lub wizji lokalnej);;;;;;Podstawy online OK;;"witryna/szyld, odzież dla personelu (do sprawdzenia na miejscu; oferta zależy od branży)";nie kontaktowano;OpenStreetMap (shop=hairdresser, node/2830071629);2026-10-10
Fryzjerzy i beauty;C;2;Agua;Eindhoven;Wilhelminaplein 17 5611HG;https://www.agua.nl/;NIEUSTALONE (brak połączenia z mojego środowiska);;;;;;NIEUSTALONE (wymaga zdjęć lub wizji lokalnej);;;;;;Nieustalone;;"witryna/szyld, odzież dla personelu (do sprawdzenia na miejscu; oferta zależy od branży)";nie kontaktowano;OpenStreetMap (shop=beauty, node/2764373360);2026-10-10
Fryzjerzy i beauty;C;2;Anne-Marie Haarmode;Lieshout;Dorpsstraat 19 5737GA;https://kapsalonannemarie.nl/;NIEUSTALONE (brak połączenia z mojego środowiska);;;;;;NIEUSTALONE (wymaga zdjęć lub wizji lokalnej);;;;;;Nieustalone;;"witryna/szyld, odzież dla personelu (do sprawdzenia na miejscu; oferta zależy od branży)";nie kontaktowano;OpenStreetMap (shop=hairdresser, node/2898996291) + wyszukiwarka;2026-10-10
Fryzjerzy i beauty;C;2;Arena Kappers;Bladel;Gindrapassage 13 5531CP;https://www.arenakappers.nl/;OK;tak;tak;2026;WordPress;Instagram;NIEUSTALONE (wymaga zdjęć lub wizji lokalnej);;;;;;Podstawy online OK;;"witryna/szyld, odzież dla personelu (do sprawdzenia na miejscu; oferta zależy od branży)";nie kontaktowano;OpenStreetMap (shop=hairdresser, node/2827054017);2026-10-10
Fryzjerzy i beauty;C;2;Barbershop 40;Eindhoven;Kruisstraat 117 5612CE;https://barbershop040.nl/;OK;tak;tak;;WordPress;Facebook, Instagram;NIEUSTALONE (wymaga zdjęć lub wizji lokalnej);;;;;;Podstawy online OK;;"witryna/szyld, odzież dla personelu (do sprawdzenia na miejscu; oferta zależy od branży)";nie kontaktowano;OpenStreetMap (shop=hairdresser, node/2777940473);2026-10-10
Fryzjerzy i beauty;C;2;Barbershop Kingsman;Eindhoven;Wijngaardplein 14 5632MA;https://barbershopkingsman.nl/;OK;tak;tak;;WordPress;Facebook, Instagram;NIEUSTALONE (wymaga zdjęć lub wizji lokalnej);;;;;;Podstawy online OK;;"witryna/szyld, odzież dla personelu (do sprawdzenia na miejscu; oferta zależy od branży)";nie kontaktowano;OpenStreetMap (shop=hairdresser, node/2734155749);2026-10-10
Fryzjerzy i beauty;C;2;Barbershop Parlie;Eindhoven;Kruisstraat 92D 5612CK;https://barbershopparlie.nl/;NIEUSTALONE (brak połączenia z mojego środowiska);;;;;;NIEUSTALONE (wymaga zdjęć lub wizji lokalnej);;;;;;Nieustalone;;"witryna/szyld, odzież dla personelu (do sprawdzenia na miejscu; oferta zależy od branży)";nie kontaktowano;OpenStreetMap (shop=hairdresser, node/2778295197);2026-10-10
Fryzjerzy i beauty;C;2;Barbershop Tair;Bladel;Sniederslaan 9 5531EG;https://barbershoptair.nl/;OK;tak;tak;;WordPress;Facebook, Instagram, TikTok;NIEUSTALONE (wymaga zdjęć lub wizji lokalnej);;;;;;Podstawy online OK;;"witryna/szyld, odzież dla personelu (do sprawdzenia na miejscu; oferta zależy od branży)";nie kontaktowano;OpenStreetMap (shop=hairdresser, node/2827070867);2026-10-10
Fryzjerzy i beauty;C;2;Barbershopdeluxe;Best;Koningin Julianaweg 27 5684VA;https://www.barbershopdeluxe.nl/;OK;tak;tak;2026;Wix;Facebook, Instagram, LinkedIn;NIEUSTALONE (wymaga zdjęć lub wizji lokalnej);;;;;;Podstawy online OK;;"witryna/szyld, odzież dla personelu (do sprawdzenia na miejscu; oferta zależy od branży)";nie kontaktowano;OpenStreetMap (shop=hairdresser, node/3816436632);2026-10-10
Fryzjerzy i beauty;C;2;Beautec;Eindhoven;Clausplein 2 5611XP;https://www.beautec.nl;OK;tak;tak;;WordPress;Facebook, Instagram;NIEUSTALONE (wymaga zdjęć lub wizji lokalnej);;;;;;Podstawy online OK;;"witryna/szyld, odzież dla personelu (do sprawdzenia na miejscu; oferta zależy od branży)";nie kontaktowano;OpenStreetMap (shop=beauty, node/12697001760);2026-10-10
Fryzjerzy i beauty;C;2;Beauty Hairfashion;Mierlo;Burgemeester Verheugtstraat 38 5731AK;https://www.beautyhairfashion.nl;NIEUSTALONE (brak połączenia z mojego środowiska);;;;;;NIEUSTALONE (wymaga zdjęć lub wizji lokalnej);;;;;;Nieustalone;;"witryna/szyld, odzież dla personelu (do sprawdzenia na miejscu; oferta zależy od branży)";nie kontaktowano;OpenStreetMap (shop=hairdresser, node/2876515425);2026-10-10
Fryzjerzy i beauty;C;2;Beauty Point;;;https://beautypoint-son.nl;OK;tak;tak;;WordPress;Facebook, Instagram, LinkedIn;NIEUSTALONE (wymaga zdjęć lub wizji lokalnej);;;;;;Podstawy online OK;;"witryna/szyld, odzież dla personelu (do sprawdzenia na miejscu; oferta zależy od branży)";nie kontaktowano;OpenStreetMap (shop=beauty, node/6589896886);2026-10-10
Fryzjerzy i beauty;C;2;Bella Natura;Oisterwijk;Burg. Suyslaan 13 5062EP;https://bellanatura.nl;OK;tak;tak;;WordPress;Facebook, Instagram;NIEUSTALONE (wymaga zdjęć lub wizji lokalnej);;;;;;Podstawy online OK;;"witryna/szyld, odzież dla personelu (do sprawdzenia na miejscu; oferta zależy od branży)";nie kontaktowano;OpenStreetMap (shop=beauty, node/2824235613);2026-10-10
Fryzjerzy i beauty;C;2;Black and White;Eindhoven;Edisonstraat 24 5621HP;https://blackandwhitehaircreation.com/;OK;tak;tak;;WordPress;Facebook, Instagram;NIEUSTALONE (wymaga zdjęć lub wizji lokalnej);;;;;;Podstawy online OK;;"witryna/szyld, odzież dla personelu (do sprawdzenia na miejscu; oferta zależy od branży)";nie kontaktowano;OpenStreetMap (shop=hairdresser, node/4801662479);2026-10-10
Fryzjerzy i beauty;C;2;Black bear ink;Eindhoven;Grote Berg 60 5611KL;https://blackbear.ink;OK;tak;tak;;WordPress;Facebook;NIEUSTALONE (wymaga zdjęć lub wizji lokalnej);;;;;;Podstawy online OK;;"witryna/szyld, odzież dla personelu (do sprawdzenia na miejscu; oferta zależy od branży)";nie kontaktowano;OpenStreetMap (shop=tattoo, node/2764377554);2026-10-10
Fryzjerzy i beauty;C;2;Cherry Chop Barbers;Mierlo;Kerkstraat 73 5731BH;https://www.cherrychop.nl;OK;tak;tak;;WordPress;Facebook, Instagram;NIEUSTALONE (wymaga zdjęć lub wizji lokalnej);;;;;;Podstawy online OK;;"witryna/szyld, odzież dla personelu (do sprawdzenia na miejscu; oferta zależy od branży)";nie kontaktowano;OpenStreetMap (shop=hairdresser, node/2876879205);2026-10-10
Fryzjerzy i beauty;C;2;Corner 82;Eindhoven;Geldropseweg 82A 5611SK;https://www.corner82.nl;OK;tak;tak;;;Facebook, Instagram, TikTok;NIEUSTALONE (wymaga zdjęć lub wizji lokalnej);;;;;;Podstawy online OK;;"witryna/szyld, odzież dla personelu (do sprawdzenia na miejscu; oferta zależy od branży)";nie kontaktowano;OpenStreetMap (shop=tattoo, node/2759421942);2026-10-10
Fryzjerzy i beauty;C;2;De Tandenbleker Nederland;Eindhoven;Piazza 76 5611AE;https://detandenblekernederland.nl/tanden-bleken-eindhoven/;OK;tak;tak;2026;;Facebook, Instagram, TikTok;NIEUSTALONE (wymaga zdjęć lub wizji lokalnej);;;;;;Podstawy online OK;;"witryna/szyld, odzież dla personelu (do sprawdzenia na miejscu; oferta zależy od branży)";nie kontaktowano;OpenStreetMap (shop=cosmetics, node/2765449680);2026-10-10
Fryzjerzy i beauty;C;2;Downtown Tattoo;Nuenen;Vincent van Goghstraat 12 5671GX;https://www.downtowntattoo.nl;OK;tak;tak;2024;WordPress;Facebook, Instagram, TikTok;NIEUSTALONE (wymaga zdjęć lub wizji lokalnej);;;;;;Podstawy online OK;;"witryna/szyld, odzież dla personelu (do sprawdzenia na miejscu; oferta zależy od branży)";nie kontaktowano;OpenStreetMap (shop=tattoo, node/2994049031);2026-10-10
Fryzjerzy i beauty;C;2;Dragon Tattoo;Eindhoven;Kerkstraat 38 5611GK;https://www.dragontattoo.nl;OK;tak;tak;2026;;Facebook, Instagram, TikTok, YouTube;NIEUSTALONE (wymaga zdjęć lub wizji lokalnej);;;;;;Podstawy online OK;;"witryna/szyld, odzież dla personelu (do sprawdzenia na miejscu; oferta zależy od branży)";nie kontaktowano;OpenStreetMap (shop=tattoo, node/2765368758);2026-10-10
Fryzjerzy i beauty;C;2;Envy Stylers;Son en Breugel;Airbornestraat 4 5691CB;https://www.envystylers.nl/;OK;tak;tak;2026;;Facebook;NIEUSTALONE (wymaga zdjęć lub wizji lokalnej);;;;;;Podstawy online OK;;"witryna/szyld, odzież dla personelu (do sprawdzenia na miejscu; oferta zależy od branży)";nie kontaktowano;OpenStreetMap (shop=hairdresser, node/2792749912);2026-10-10
Fryzjerzy i beauty;C;2;Fris Kappers;Veldhoven;Kromstraat 13G 5504BA;https://www.friskappers.nl/;NIEUSTALONE (brak połączenia z mojego środowiska);;;;;;NIEUSTALONE (wymaga zdjęć lub wizji lokalnej);;;;;;Nieustalone;;"witryna/szyld, odzież dla personelu (do sprawdzenia na miejscu; oferta zależy od branży)";nie kontaktowano;OpenStreetMap (shop=hairdresser, node/2833144439);2026-10-10
Fryzjerzy i beauty;C;2;Funcky Hair;Oost West en Middelbeers;Hoogdijk 2C 5091CH;https://www.funckyhair.nl/;OK;tak;tak;2026;WordPress;Facebook, Instagram;NIEUSTALONE (wymaga zdjęć lub wizji lokalnej);;;;;;Podstawy online OK;;"witryna/szyld, odzież dla personelu (do sprawdzenia na miejscu; oferta zależy od branży)";nie kontaktowano;OpenStreetMap (shop=hairdresser, node/2825891048);2026-10-10
Fryzjerzy i beauty;C;2;Glamour Studio;Eindhoven;Grote Berg 31 5611KH;https://glamour.studio/;OK;tak;tak;2024;WordPress;Facebook, Instagram, LinkedIn, YouTube;NIEUSTALONE (wymaga zdjęć lub wizji lokalnej);;;;;;Podstawy online OK;;"witryna/szyld, odzież dla personelu (do sprawdzenia na miejscu; oferta zależy od branży)";nie kontaktowano;OpenStreetMap (shop=hairdresser, node/2764285554);2026-10-10
Fryzjerzy i beauty;C;2;Gold Tattoo;Eindhoven;Bergstraat 37 5611JX;https://www.goldtattoo.nl;OK;tak;tak;;WordPress;Facebook, Instagram;NIEUSTALONE (wymaga zdjęć lub wizji lokalnej);;;;;;Podstawy online OK;;"witryna/szyld, odzież dla personelu (do sprawdzenia na miejscu; oferta zależy od branży)";nie kontaktowano;OpenStreetMap (shop=tattoo, node/2764375893);2026-10-10
Fryzjerzy i beauty;C;2;Haarmode Nouveau;Maarheeze;Smits van Oyenlaan 2b 6026CP;https://nouveaumaarheeze.nl/;OK;tak;tak;;;Facebook, Instagram;NIEUSTALONE (wymaga zdjęć lub wizji lokalnej);;;;;;Podstawy online OK;;"witryna/szyld, odzież dla personelu (do sprawdzenia na miejscu; oferta zależy od branży)";nie kontaktowano;OpenStreetMap (shop=hairdresser, node/2839389985);2026-10-10
Fryzjerzy i beauty;C;2;Haarsalon Diamant;Eindhoven;Wijnpeerstraat 17 5632ME;https://www.dehaarsalonvaartbroek.nl;OK;tak;tak;;WordPress;Facebook, Instagram;NIEUSTALONE (wymaga zdjęć lub wizji lokalnej);;;;;;Podstawy online OK;;"witryna/szyld, odzież dla personelu (do sprawdzenia na miejscu; oferta zależy od branży)";nie kontaktowano;OpenStreetMap (shop=hairdresser, node/2734156212);2026-10-10
Fryzjerzy i beauty;C;2;Haarstudio Shampou;Eindhoven;Generaal Coenderslaan 47 5623LV;https://haarstudioshampou.nl/;OK;tak;tak;;;Facebook;NIEUSTALONE (wymaga zdjęć lub wizji lokalnej);;;;;;Podstawy online OK;;"witryna/szyld, odzież dla personelu (do sprawdzenia na miejscu; oferta zależy od branży)";nie kontaktowano;OpenStreetMap (shop=hairdresser, node/2770055693);2026-10-10
Fryzjerzy i beauty;C;2;Hairstyle Da Vivente;Son en Breugel;Raadhuisplein 38 5691AM;https://www.davivente.nl/;OK;tak;tak;2026;WordPress;Facebook, Instagram;NIEUSTALONE (wymaga zdjęć lub wizji lokalnej);;;;;;Podstawy online OK;;"witryna/szyld, odzież dla personelu (do sprawdzenia na miejscu; oferta zależy od branży)";nie kontaktowano;OpenStreetMap (shop=hairdresser, node/2792749702);2026-10-10
Fryzjerzy i beauty;C;2;Happy Skin;Nuenen;Vincent van Goghstraat 2A 5671GX;https://www.happyskin.nl;OK;tak;tak;;WordPress;Facebook, Instagram, TikTok;NIEUSTALONE (wymaga zdjęć lub wizji lokalnej);;;;;;Podstawy online OK;;"witryna/szyld, odzież dla personelu (do sprawdzenia na miejscu; oferta zależy od branży)";nie kontaktowano;OpenStreetMap (shop=beauty, node/2994053583);2026-10-10
Fryzjerzy i beauty;C;2;Hi Beauty;Helmond;Zuid Koninginnewal 32 5701NT;https://hi-beauty.nl/;OK;tak;tak;2026;Squarespace;Facebook, Instagram;NIEUSTALONE (wymaga zdjęć lub wizji lokalnej);;;;;;Podstawy online OK;;"witryna/szyld, odzież dla personelu (do sprawdzenia na miejscu; oferta zależy od branży)";nie kontaktowano;OpenStreetMap (shop=beauty, node/2903871749);2026-10-10
Fryzjerzy i beauty;C;2;Interline Haarmode;Bladel;Molenstraat 1A 5531EC;https://www.interlinehaarmode.nl;OK;tak;tak;;WordPress;Facebook, Instagram;NIEUSTALONE (wymaga zdjęć lub wizji lokalnej);;;;;;Podstawy online OK;;"witryna/szyld, odzież dla personelu (do sprawdzenia na miejscu; oferta zależy od branży)";nie kontaktowano;OpenStreetMap (shop=hairdresser, node/2827057296);2026-10-10
Fryzjerzy i beauty;C;2;IPL Salon Jeannette;Helmond;Utrechtplein 2A 5709DK;https://iplsalonjeannette.nl;OK;tak;tak;2024;WordPress;Facebook;NIEUSTALONE (wymaga zdjęć lub wizji lokalnej);;;;;;Podstawy online OK;;"witryna/szyld, odzież dla personelu (do sprawdzenia na miejscu; oferta zależy od branży)";nie kontaktowano;OpenStreetMap (shop=beauty, node/2898738868);2026-10-10
Fryzjerzy i beauty;C;2;Jeunesse Haarmode;Eindhoven;Bredalaan 163 5652JD;https://www.jeunessehaarmode.nl;OK;tak;tak;;;Facebook;NIEUSTALONE (wymaga zdjęć lub wizji lokalnej);;;;;;Podstawy online OK;;"witryna/szyld, odzież dla personelu (do sprawdzenia na miejscu; oferta zależy od branży)";nie kontaktowano;OpenStreetMap (shop=hairdresser, node/2713937644);2026-10-10
Fryzjerzy i beauty;C;2;KAAN;Eindhoven;Edisonstraat 113 5621HM;https://herenkapsalonkaan.nl/;OK;tak;tak;2023;WordPress;Facebook, Instagram;NIEUSTALONE (wymaga zdjęć lub wizji lokalnej);;;;;;Podstawy online OK;;"witryna/szyld, odzież dla personelu (do sprawdzenia na miejscu; oferta zależy od branży)";nie kontaktowano;OpenStreetMap (shop=hairdresser, node/2780308805);2026-10-10
Fryzjerzy i beauty;C;2;Kapper Marki;Eindhoven;Breitnerstraat 6 5611TV;https://www.kappermarki.com/;OK;tak;tak;2023;WordPress;Facebook, Instagram;NIEUSTALONE (wymaga zdjęć lub wizji lokalnej);;;;;;Podstawy online OK;;"witryna/szyld, odzież dla personelu (do sprawdzenia na miejscu; oferta zależy od branży)";nie kontaktowano;OpenStreetMap (shop=hairdresser, node/2759646714);2026-10-10
Fryzjerzy i beauty;C;2;Kapper van der Looy;Veldhoven;Zittardsestraat 3 5507LV;https://www.kappervanderlooy.nl;OK;tak;tak;2026;WordPress;Facebook, Instagram, TikTok;NIEUSTALONE (wymaga zdjęć lub wizji lokalnej);;;;;;Podstawy online OK;;"witryna/szyld, odzież dla personelu (do sprawdzenia na miejscu; oferta zależy od branży)";nie kontaktowano;OpenStreetMap (shop=hairdresser, node/2829900849);2026-10-10
Fryzjerzy i beauty;C;2;Kapsalon Bernadette;Veldhoven;Bolhei 24 5508CD;https://www.kappers.nl/veldhoven/kapsalon-bernadette;OK;tak;tak;;;Facebook, LinkedIn;NIEUSTALONE (wymaga zdjęć lub wizji lokalnej);;;;;;Podstawy online OK;;"witryna/szyld, odzież dla personelu (do sprawdzenia na miejscu; oferta zależy od branży)";nie kontaktowano;OpenStreetMap (shop=hairdresser, node/2833414478);2026-10-10
Fryzjerzy i beauty;C;2;Kapsalon Ellen;Gemert;Burgemeester Rietmanstraat 4a 5421JX;http://www.kapsalonellengemert.nl;NIEUSTALONE (brak połączenia z mojego środowiska);;;;;Facebook;NIEUSTALONE (wymaga zdjęć lub wizji lokalnej);;;;;;Nieustalone;;"witryna/szyld, odzież dla personelu (do sprawdzenia na miejscu; oferta zależy od branży)";nie kontaktowano;OpenStreetMap (shop=hairdresser, node/3005553172);2026-10-10
Fryzjerzy i beauty;C;2;Kapsalon Freedom;Asten;Tuinstraat 27 5721ZZ;https://kapsalonfreedom.nl/;OK;tak;tak;;WordPress;Facebook, Instagram;NIEUSTALONE (wymaga zdjęć lub wizji lokalnej);;;;;;Podstawy online OK;;"witryna/szyld, odzież dla personelu (do sprawdzenia na miejscu; oferta zależy od branży)";nie kontaktowano;OpenStreetMap (shop=hairdresser, node/2852618647);2026-10-10
Fryzjerzy i beauty;C;2;Kapsalon Jacqueline;Eindhoven;Bredalaan 159 5652JD;https://jacqueline.nl;NIEUSTALONE (brak połączenia z mojego środowiska);;;;;;NIEUSTALONE (wymaga zdjęć lub wizji lokalnej);;;;;;Nieustalone;;"witryna/szyld, odzież dla personelu (do sprawdzenia na miejscu; oferta zależy od branży)";nie kontaktowano;OpenStreetMap (shop=hairdresser, node/2713937586);2026-10-10
Fryzjerzy i beauty;C;2;Kapsalon Subliem;Geldrop;Hoog Geldrop 152 5663BJ;https://kapsalon-subliem.nl/;OK;tak;tak;2022;WordPress;Facebook, Instagram;NIEUSTALONE (wymaga zdjęć lub wizji lokalnej);;;;;;Podstawy online OK;;"witryna/szyld, odzież dla personelu (do sprawdzenia na miejscu; oferta zależy od branży)";nie kontaktowano;OpenStreetMap (shop=hairdresser, node/2871430961);2026-10-10
Fryzjerzy i beauty;C;2;Le Visage & More;Son en Breugel;Nieuwstraat 16a 5691AC;https://www.le-visage.nl/;OK;tak;tak;;;Facebook, YouTube;NIEUSTALONE (wymaga zdjęć lub wizji lokalnej);;;;;;Podstawy online OK;;"witryna/szyld, odzież dla personelu (do sprawdzenia na miejscu; oferta zależy od branży)";nie kontaktowano;OpenStreetMap (shop=beauty, node/2792747335);2026-10-10
Fryzjerzy i beauty;C;2;Lovely Nails;Eindhoven;Hermanus Boexstraat 26 5611AJ;https://www.lovelynailsbar.nl/;OK;tak;tak;;Squarespace;Facebook, Instagram;NIEUSTALONE (wymaga zdjęć lub wizji lokalnej);;;;;;Podstawy online OK;;"witryna/szyld, odzież dla personelu (do sprawdzenia na miejscu; oferta zależy od branży)";nie kontaktowano;OpenStreetMap (shop=beauty, node/2765447608);2026-10-10
Fryzjerzy i beauty;C;2;Lynsey en Imro;Eindhoven;St Catharinastraat 73 5611JJ;https://www.lynseyenimro.nl/;NIEUSTALONE (brak połączenia z mojego środowiska);;;;;;NIEUSTALONE (wymaga zdjęć lub wizji lokalnej);;;;;;Nieustalone;;"witryna/szyld, odzież dla personelu (do sprawdzenia na miejscu; oferta zależy od branży)";nie kontaktowano;OpenStreetMap (shop=hairdresser, node/5297412497);2026-10-10
Fryzjerzy i beauty;C;2;MassageWereld;Eindhoven;Leenderweg 184 5644AA;https://www.massagewereld.com/;NIEUSTALONE (blokada robotów);;;;;;NIEUSTALONE (wymaga zdjęć lub wizji lokalnej);;;;;;Nieustalone;;"witryna/szyld, odzież dla personelu (do sprawdzenia na miejscu; oferta zależy od branży)";nie kontaktowano;OpenStreetMap (shop=massage, node/2739342927);2026-10-10
Fryzjerzy i beauty;C;2;Mooi Brandevoort;Helmond;Laan door de Veste 116A 5708ZZ;https://mooibrandevoort.nl;OK;tak;tak;2026;WordPress;Facebook, Instagram;NIEUSTALONE (wymaga zdjęć lub wizji lokalnej);;;;;;Podstawy online OK;;"witryna/szyld, odzież dla personelu (do sprawdzenia na miejscu; oferta zależy od branży)";nie kontaktowano;OpenStreetMap (shop=hairdresser, node/10673602587);2026-10-10
Fryzjerzy i beauty;C;2;Natuurlijk Mooi;Eindhoven;Tongelresestraat 142 5613DP;https://schoonheidssalon-natuurlijkmooi.nl;OK;tak;tak;2026;WordPress;Facebook, Instagram;NIEUSTALONE (wymaga zdjęć lub wizji lokalnej);;;;;;Podstawy online OK;;"witryna/szyld, odzież dla personelu (do sprawdzenia na miejscu; oferta zależy od branży)";nie kontaktowano;OpenStreetMap (shop=beauty, node/2761966233);2026-10-10
Fryzjerzy i beauty;C;2;Nens Haarstudio;Mierlo;Marktstraat 22 5731HW;https://www.nenshaarstudio.nl;OK;tak;tak;;WordPress;Facebook, Instagram;NIEUSTALONE (wymaga zdjęć lub wizji lokalnej);;;;;;Podstawy online OK;;"witryna/szyld, odzież dla personelu (do sprawdzenia na miejscu; oferta zależy od branży)";nie kontaktowano;OpenStreetMap (shop=hairdresser, node/2876722261);2026-10-10
Fryzjerzy i beauty;C;2;New Age;Eindhoven;St Antoniusstraat 26 5616RT;https://www.newagehaarstudio.nl;NIEUSTALONE (brak połączenia z mojego środowiska);;;;;;NIEUSTALONE (wymaga zdjęć lub wizji lokalnej);;;;;;Nieustalone;;"witryna/szyld, odzież dla personelu (do sprawdzenia na miejscu; oferta zależy od branży)";nie kontaktowano;OpenStreetMap (shop=hairdresser, node/8912915003);2026-10-10
Fryzjerzy i beauty;C;2;Next Best Barber;;;https://www.nextbestbarber.com/;OK;tak;tak;2026;WordPress;Facebook, Instagram, YouTube;NIEUSTALONE (wymaga zdjęć lub wizji lokalnej);;;;;;Podstawy online OK;;"witryna/szyld, odzież dla personelu (do sprawdzenia na miejscu; oferta zależy od branży)";nie kontaktowano;OpenStreetMap (shop=hairdresser, node/12754117214);2026-10-10
Fryzjerzy i beauty;C;2;Pastell Haarstudio;Gemert;Kapelaanstraat 6 5421DG;http://www.pastellhaarstudio.nl;NIEUSTALONE (brak połączenia z mojego środowiska);;;;;Facebook;NIEUSTALONE (wymaga zdjęć lub wizji lokalnej);;;;;;Nieustalone;;"witryna/szyld, odzież dla personelu (do sprawdzenia na miejscu; oferta zależy od branży)";nie kontaktowano;OpenStreetMap (shop=hairdresser, node/3005554021);2026-10-10
Fryzjerzy i beauty;C;2;Puur Diana;Nuenen;Vincent van Goghstraat 2 5671GX;https://puurdiana.nl/;OK;tak;tak;;WordPress;Facebook, Instagram, TikTok;NIEUSTALONE (wymaga zdjęć lub wizji lokalnej);;;;;;Podstawy online OK;;"witryna/szyld, odzież dla personelu (do sprawdzenia na miejscu; oferta zależy od branży)";nie kontaktowano;OpenStreetMap (shop=beauty, node/2994052334);2026-10-10
Fryzjerzy i beauty;C;2;QoQo;Eindhoven;Willemstraat 16a 5611HD;https://www.qoqomassage.com/locatie/eindhoven/;NIEUSTALONE (brak połączenia z mojego środowiska);;;;;;NIEUSTALONE (wymaga zdjęć lub wizji lokalnej);;;;;;Nieustalone;;"witryna/szyld, odzież dla personelu (do sprawdzenia na miejscu; oferta zależy od branży)";nie kontaktowano;OpenStreetMap (shop=massage, node/2764499469);2026-10-10
Fryzjerzy i beauty;C;2;Rebird, beauty and health;Eindhoven;Hallenweg 7 5615PP;https://www.rbrd.nl;OK;tak;tak;2024;Wix;Instagram, LinkedIn;NIEUSTALONE (wymaga zdjęć lub wizji lokalnej);;;;;;Podstawy online OK;;"witryna/szyld, odzież dla personelu (do sprawdzenia na miejscu; oferta zależy od branży)";nie kontaktowano;OpenStreetMap (shop=beauty, node/2748415699);2026-10-10
Fryzjerzy i beauty;C;2;Reborn skin institute;Eindhoven;Geldropseweg 48 5611SJ;https://rebornskininstitute.nl/;NIEUSTALONE (brak połączenia z mojego środowiska);;;;;;NIEUSTALONE (wymaga zdjęć lub wizji lokalnej);;;;;;Nieustalone;;"witryna/szyld, odzież dla personelu (do sprawdzenia na miejscu; oferta zależy od branży)";nie kontaktowano;OpenStreetMap (shop=beauty, node/2759419891);2026-10-10
Fryzjerzy i beauty;C;2;Roum 165;Eindhoven;Kruisstraat 165 5612CH;https://roum165.nl;OK;tak;tak;;WordPress;Instagram;NIEUSTALONE (wymaga zdjęć lub wizji lokalnej);;;;;;Podstawy online OK;;"witryna/szyld, odzież dla personelu (do sprawdzenia na miejscu; oferta zależy od branży)";nie kontaktowano;OpenStreetMap (shop=beauty, node/8907825600);2026-10-10
Fryzjerzy i beauty;C;2;Santji Tattoo & Art;Eindhoven;Edisonstraat 109 5621HL;https://santjitattoo.nl/;OK;tak;tak;;;Instagram;NIEUSTALONE (wymaga zdjęć lub wizji lokalnej);;;;;;Podstawy online OK;;"witryna/szyld, odzież dla personelu (do sprawdzenia na miejscu; oferta zależy od branży)";nie kontaktowano;OpenStreetMap (shop=tattoo, node/2780308635);2026-10-10
Fryzjerzy i beauty;C;2;Schoonheidssalon Antoinette;Eindhoven;Zeelsterstraat 107 5652ED;https://www.schoonheidssalonantoinette.nl/;OK;tak;tak;2026;WordPress;Facebook;NIEUSTALONE (wymaga zdjęć lub wizji lokalnej);;;;;;Podstawy online OK;;"witryna/szyld, odzież dla personelu (do sprawdzenia na miejscu; oferta zależy od branży)";nie kontaktowano;OpenStreetMap (shop=beauty, node/2713836587);2026-10-10
Fryzjerzy i beauty;C;2;Skin Repair;Eindhoven;Ouverture 91 5629PS;https://www.skinrepair.nu;OK;tak;tak;;WordPress;Facebook, Instagram;NIEUSTALONE (wymaga zdjęć lub wizji lokalnej);;;;;;Podstawy online OK;;"witryna/szyld, odzież dla personelu (do sprawdzenia na miejscu; oferta zależy od branży)";nie kontaktowano;OpenStreetMap (shop=beauty, node/2739555342);2026-10-10
Fryzjerzy i beauty;C;2;SkinCity Huid Kliniek;Eindhoven;Pastoor Harkxplein 2 5614HX;https://skin-city.nl;OK;tak;tak;2026;WordPress;Facebook, Instagram, YouTube;NIEUSTALONE (wymaga zdjęć lub wizji lokalnej);;;;;;Podstawy online OK;;"witryna/szyld, odzież dla personelu (do sprawdzenia na miejscu; oferta zależy od branży)";nie kontaktowano;OpenStreetMap (shop=beauty, node/2758434035);2026-10-10
Fryzjerzy i beauty;C;2;Soap;Eindhoven;Nieuwe Emmasingel 15A 5611AM;https://soaptreatmentstore.com/;OK;tak;tak;2026;;Facebook, Instagram, TikTok;NIEUSTALONE (wymaga zdjęć lub wizji lokalnej);;;;;;Podstawy online OK;;"witryna/szyld, odzież dla personelu (do sprawdzenia na miejscu; oferta zależy od branży)";nie kontaktowano;OpenStreetMap (shop=beauty, node/4758459637);2026-10-10
Fryzjerzy i beauty;C;2;Sounds of Beauty;Waalre;Willibrorduslaan 8 5581GE;https://sounds-of-beauty.mytreatwell.nl/;OK;tak;tak;;;Facebook, Instagram;NIEUSTALONE (wymaga zdjęć lub wizji lokalnej);;;;;;Podstawy online OK;;"witryna/szyld, odzież dla personelu (do sprawdzenia na miejscu; oferta zależy od branży)";nie kontaktowano;OpenStreetMap (shop=beauty, node/2931351740);2026-10-10
Fryzjerzy i beauty;C;2;Stef's kapsalon;;;https://www.stefskapsalon.nl;OK;tak;tak;2026;;Instagram;NIEUSTALONE (wymaga zdjęć lub wizji lokalnej);;;;;;Podstawy online OK;;"witryna/szyld, odzież dla personelu (do sprawdzenia na miejscu; oferta zależy od branży)";nie kontaktowano;OpenStreetMap (shop=hairdresser, node/3812896869);2026-10-10
Fryzjerzy i beauty;C;2;Synergy Care;Son en Breugel;Veerstraat 31 5694AA;https://www.synergycare.nl;OK;tak;tak;2026;Wix;Facebook, Instagram;NIEUSTALONE (wymaga zdjęć lub wizji lokalnej);;;;;;Podstawy online OK;;"witryna/szyld, odzież dla personelu (do sprawdzenia na miejscu; oferta zależy od branży)";nie kontaktowano;OpenStreetMap (shop=beauty, node/2798515654);2026-10-10
Fryzjerzy i beauty;C;2;TAT-TOOS;Valkenswaard;Bakkerstraat 53 5554ED;https://www.tat-toos.nl;OK;tak;tak;2025;WordPress;Facebook, Instagram;NIEUSTALONE (wymaga zdjęć lub wizji lokalnej);;;;;;Podstawy online OK;;"witryna/szyld, odzież dla personelu (do sprawdzenia na miejscu; oferta zależy od branży)";nie kontaktowano;OpenStreetMap (shop=tattoo, node/2829495476);2026-10-10
Fryzjerzy i beauty;C;2;Tattoo Marty's Company Ink;Best;Koningin Julianaweg 33 5684VA;http://www.tattoomarty.com/;NIEUSTALONE (blokada robotów);;;;;;NIEUSTALONE (wymaga zdjęć lub wizji lokalnej);;;;;;Nieustalone;;"witryna/szyld, odzież dla personelu (do sprawdzenia na miejscu; oferta zależy od branży)";nie kontaktowano;OpenStreetMap (shop=tattoo, node/3816436658);2026-10-10
Fryzjerzy i beauty;C;2;Tino Novelli Hair;Eindhoven;Keizersgracht 24 5611GD;https://www.tinonovellihair.nl/;OK;tak;tak;;Wix;Facebook, Instagram;NIEUSTALONE (wymaga zdjęć lub wizji lokalnej);;;;;;Podstawy online OK;;"witryna/szyld, odzież dla personelu (do sprawdzenia na miejscu; oferta zależy od branży)";nie kontaktowano;OpenStreetMap (shop=hairdresser, node/5297635201);2026-10-10
Fryzjerzy i beauty;C;2;Tourmaline;Waalre;Den Hof 2 5582JZ;https://www.tourmaline-hbw.nl/;OK;tak;tak;;WordPress;Facebook, Instagram;NIEUSTALONE (wymaga zdjęć lub wizji lokalnej);;;;;;Podstawy online OK;;"witryna/szyld, odzież dla personelu (do sprawdzenia na miejscu; oferta zależy od branży)";nie kontaktowano;OpenStreetMap (shop=hairdresser, node/2929821364);2026-10-10
Fryzjerzy i beauty;C;2;Vital Veldhoven;;;https://www.acnetherapie.nl;NIEUSTALONE (brak połączenia z mojego środowiska);;;;;;NIEUSTALONE (wymaga zdjęć lub wizji lokalnej);;;;;;Nieustalone;;"witryna/szyld, odzież dla personelu (do sprawdzenia na miejscu; oferta zależy od branży)";nie kontaktowano;OpenStreetMap (shop=beauty, node/6302227206);2026-10-10
Fryzjerzy i beauty;C;2;Your-Look;Beek en Donk;Heuvelplein 85 5741JJ;https://beautyhairbeekendonk.nl;NIEUSTALONE (brak połączenia z mojego środowiska);;;;;;NIEUSTALONE (wymaga zdjęć lub wizji lokalnej);;;;;;Nieustalone;;"witryna/szyld, odzież dla personelu (do sprawdzenia na miejscu; oferta zależy od branży)";nie kontaktowano;OpenStreetMap (shop=hairdresser, node/2900704216);2026-10-10
Fryzjerzy i beauty;C;2;Zonnestudio Best Sun;Best;Wilhelminaplein 4 5684VK;https://bestsun.nl;OK;tak;tak;;WordPress;Facebook, Instagram;NIEUSTALONE (wymaga zdjęć lub wizji lokalnej);;;;;;Podstawy online OK;;"witryna/szyld, odzież dla personelu (do sprawdzenia na miejscu; oferta zależy od branży)";nie kontaktowano;OpenStreetMap (shop=beauty, node/2065082970);2026-10-10
Fryzjerzy i beauty;C;-1;BrainWash;Eindhoven;Kastelenplein 67 5653LP;https://www.brainwash-kappers.nl/salons/brainwash-eindhoven-kastelenplein;OK;tak;tak;;;Facebook, Instagram, TikTok;NIEUSTALONE (wymaga zdjęć lub wizji lokalnej);rekrutuje;;;;tak;Podstawy online OK;;"witryna/szyld, odzież dla personelu (do sprawdzenia na miejscu; oferta zależy od branży); odzież/oklejenie dla nowych ludzi i aut";nie kontaktowano;OpenStreetMap (shop=hairdresser, node/2712402679) + wyszukiwarka + wyszukiwarka + wyszukiwarka + wyszukiwarka + wyszukiwarka + wyszukiwarka + wyszukiwarka + wyszukiwarka + wyszukiwarka + wyszukiwarka;2026-10-10
Fryzjerzy i beauty;C;-1;Hair & Looks Tongelre;Eindhoven;Tongelresestraat 403B 5642ND;https://hairandlooks.nl/vestigingen/kapper-eindhoven-tongelre/;OK;tak;tak;;;Facebook, Instagram;NIEUSTALONE (wymaga zdjęć lub wizji lokalnej);rekrutuje;;;;tak;Podstawy online OK;;"witryna/szyld, odzież dla personelu (do sprawdzenia na miejscu; oferta zależy od branży); odzież/oklejenie dla nowych ludzi i aut";nie kontaktowano;OpenStreetMap (shop=hairdresser, node/2746550248);2026-10-10
Fryzjerzy i beauty;C;-1;KIKO Milano;Eindhoven;Demer 41 5611AP;;NIE ZNALEZIONO STRONY W DANYCH;;;;;;NIEUSTALONE (wymaga zdjęć lub wizji lokalnej);;;;;tak;Do sprawdzenia;strony nie ma w danych mapy (do sprawdzenia);"jeśli faktycznie brak: strona WWW; witryna/szyld, odzież dla personelu (do sprawdzenia na miejscu; oferta zależy od branży)";nie kontaktowano;OpenStreetMap (shop=cosmetics, node/2765448533);2026-10-10
Fryzjerzy i beauty;C;-1;Pasha hair & beauty;Eindhoven;Woenselse Markt 39 5612CS;https://www.pashahair-beautysalon.nl/woenselse-markt-39;OK;tak;tak;2023;Wix;;NIEUSTALONE (wymaga zdjęć lub wizji lokalnej);;;;;tak;Częściowe braki;nie znaleziono social media na stronie;"materiały do social media; witryna/szyld, odzież dla personelu (do sprawdzenia na miejscu; oferta zależy od branży)";nie kontaktowano;OpenStreetMap (shop=hairdresser, node/2778246020);2026-10-10
Fryzjerzy i beauty;C;-1;Rituals;Veldhoven;Meent 32 5501JK;;NIE ZNALEZIONO STRONY W DANYCH;;;;;;NIEUSTALONE (wymaga zdjęć lub wizji lokalnej);;;;;tak;Do sprawdzenia;strony nie ma w danych mapy (do sprawdzenia);"jeśli faktycznie brak: strona WWW; witryna/szyld, odzież dla personelu (do sprawdzenia na miejscu; oferta zależy od branży)";nie kontaktowano;OpenStreetMap (shop=cosmetics, node/2833274958);2026-10-10
Fryzjerzy i beauty;C;-1;Rituals;Helmond;Veestraat 25 5701RA;https://www.rituals.com/nl-nl/store-detail?store=Helmond;OK;tak;tak;2026;;Facebook, Instagram, TikTok, YouTube;NIEUSTALONE (wymaga zdjęć lub wizji lokalnej);rekrutuje;;;;tak;Podstawy online OK;;"witryna/szyld, odzież dla personelu (do sprawdzenia na miejscu; oferta zależy od branży); odzież/oklejenie dla nowych ludzi i aut";nie kontaktowano;OpenStreetMap (shop=cosmetics, node/2903871409) + wyszukiwarka + wyszukiwarka;2026-10-10
Fryzjerzy i beauty;C;-1;Team kappers;Best;Boterhoek 91 5683AX;https://www.teamkappers.nl/salons/team-kappers-best;OK;tak;tak;;;Facebook, Instagram;NIEUSTALONE (wymaga zdjęć lub wizji lokalnej);rekrutuje;;;;tak;Podstawy online OK;;"witryna/szyld, odzież dla personelu (do sprawdzenia na miejscu; oferta zależy od branży); odzież/oklejenie dla nowych ludzi i aut";nie kontaktowano;OpenStreetMap (shop=hairdresser, node/2723938576) + wyszukiwarka;2026-10-10
Fryzjerzy i beauty;C;-1;The Body Shop;Eindhoven;Heuvel Galerie 171 5611DK;;NIE ZNALEZIONO STRONY W DANYCH;;;;;;NIEUSTALONE (wymaga zdjęć lub wizji lokalnej);;;;;tak;Do sprawdzenia;strony nie ma w danych mapy (do sprawdzenia);"jeśli faktycznie brak: strona WWW; witryna/szyld, odzież dla personelu (do sprawdzenia na miejscu; oferta zależy od branży)";nie kontaktowano;OpenStreetMap (shop=cosmetics, node/2765367739);2026-10-10
Fryzjerzy i beauty;C;-1;VeAn Tattoo;Eindhoven;Hermanus Boexstraat 13 5611AH;;NIE ZNALEZIONO STRONY W DANYCH;;;;;;NIEUSTALONE (wymaga zdjęć lub wizji lokalnej);;;;;tak;Do sprawdzenia;strony nie ma w danych mapy (do sprawdzenia);"jeśli faktycznie brak: strona WWW; witryna/szyld, odzież dla personelu (do sprawdzenia na miejscu; oferta zależy od branży)";nie kontaktowano;OpenStreetMap (shop=tattoo, node/2765447098);2026-10-10
Fryzjerzy i beauty;C;-1;Zonnestudio My Sun;Eindhoven;Woenselse Markt 25 5612CR;https://my-sun.nl/woenselse-markt/;OK;tak;tak;;WordPress;Facebook, Instagram, TikTok;NIEUSTALONE (wymaga zdjęć lub wizji lokalnej);rekrutuje;;;;tak;Podstawy online OK;;"witryna/szyld, odzież dla personelu (do sprawdzenia na miejscu; oferta zależy od branży); odzież/oklejenie dla nowych ludzi i aut";nie kontaktowano;OpenStreetMap (shop=beauty, node/2778245229);2026-10-10
Fryzjerzy i beauty;C;-2;Kinki Kappers;Eindhoven;Clausplein 8 5611XP;https://www.kinki.nl/eindhoven-clausplein/;NIEUSTALONE (blokada robotów);;;;;;NIEUSTALONE (wymaga zdjęć lub wizji lokalnej);;;;;tak;Nieustalone;;"witryna/szyld, odzież dla personelu (do sprawdzenia na miejscu; oferta zależy od branży)";nie kontaktowano;OpenStreetMap (shop=hairdresser, node/2764501357) + wyszukiwarka;2026-10-10
Fryzjerzy i beauty;C;-2;Vintage Kappers;Eindhoven;Hoogstraat 267 5654NA;https://www.vintagekappers.nl/kapperszaken/eindhoven-hoogstraat/;OK;tak;tak;;WordPress;Facebook;NIEUSTALONE (wymaga zdjęć lub wizji lokalnej);;;;;tak;Podstawy online OK;;"witryna/szyld, odzież dla personelu (do sprawdzenia na miejscu; oferta zależy od branży)";nie kontaktowano;OpenStreetMap (shop=hairdresser, node/2721156247) + wyszukiwarka + wyszukiwarka + wyszukiwarka + wyszukiwarka + wyszukiwarka + wyszukiwarka + wyszukiwarka + wyszukiwarka + wyszukiwarka + wyszukiwarka + wyszukiwarka + wyszukiwarka + wyszukiwarka + wyszukiwarka;2026-10-10
