Kategoria;Priorytet;Punkty;Firma;Miasto;Adres;Strona WWW;Stan strony;HTTPS;Na telefon (viewport);Rok w stopce;System strony;Social media (znalezione);Oklejenie aut / odzież / witryna;Sygnały zakupu;Pracownicy (LinkedIn);Zmiana zatrudnienia r/r;Rok założenia;Sieć / franczyza;Ocena ogólna;Luki;Szansa dla GW;Status kontaktu;Źródło;Sprawdzono
Gastronomia;A;6;Kota Radja;Gemert;Molenstraat 39 5421KD;https://restaurantkotaradja.com;PRZESTARZAŁA;tak;tak;2015;WordPress;;NIEUSTALONE (wymaga zdjęć lub wizji lokalnej);rekrutuje;;;;;Częściowe braki;"przestarzała strona (stopka 2015); nie znaleziono social media na stronie";"nowa strona (mobile, HTTPS); materiały do social media; witryna/szyld, druk (menu, ulotki), odzież dla personelu (do sprawdzenia na miejscu); odzież/oklejenie dla nowych ludzi i aut";nie kontaktowano;OpenStreetMap (amenity=restaurant, node/3005548361);2026-10-10
Gastronomia;B;5;Aladin;Eindhoven;Kleine Berg 36 5611JV;https://www.aladin-eindhoven.nl;PRZESTARZAŁA;tak;nie;;;;NIEUSTALONE (wymaga zdjęć lub wizji lokalnej);;;;;;Częściowe braki;"przestarzała strona (nie na telefon); nie znaleziono social media na stronie";"nowa strona (mobile, HTTPS); materiały do social media; witryna/szyld, druk (menu, ulotki), odzież dla personelu (do sprawdzenia na miejscu)";nie kontaktowano;OpenStreetMap (amenity=fast_food, node/2764375849);2026-10-10
Gastronomia;B;5;Avrasya;Eindhoven;Marconilaan 23E 5612HM;https://www.avrasya-eindhoven.nl/;PRZESTARZAŁA;tak;nie;;;;NIEUSTALONE (wymaga zdjęć lub wizji lokalnej);;;;;;Częściowe braki;"przestarzała strona (nie na telefon); nie znaleziono social media na stronie";"nowa strona (mobile, HTTPS); materiały do social media; witryna/szyld, druk (menu, ulotki), odzież dla personelu (do sprawdzenia na miejscu)";nie kontaktowano;OpenStreetMap (amenity=restaurant, node/2774930725);2026-10-10
Gastronomia;B;5;Bij Albrecht;Eindhoven;Gagelstraat 6 5611BH;https://www.bijalbrecht.nl/;PRZESTARZAŁA;tak;tak;2016;;Facebook, Instagram;NIEUSTALONE (wymaga zdjęć lub wizji lokalnej);sklep online;;;;;Częściowe braki;przestarzała strona (stopka 2016);"nowa strona (mobile, HTTPS); witryna/szyld, druk (menu, ulotki), odzież dla personelu (do sprawdzenia na miejscu)";nie kontaktowano;OpenStreetMap (amenity=restaurant, node/2764501055);2026-10-10
Gastronomia;B;5;Bodega Maxima;Eindhoven;Wilhelminaplein 7 5611HE;http://www.bodegamaxima.nl/;PRZESTARZAŁA;nie;tak;2026;WordPress;Facebook;NIEUSTALONE (wymaga zdjęć lub wizji lokalnej);rekrutuje;;;;;Częściowe braki;przestarzała strona (brak HTTPS);"nowa strona (mobile, HTTPS); witryna/szyld, druk (menu, ulotki), odzież dla personelu (do sprawdzenia na miejscu); odzież/oklejenie dla nowych ludzi i aut";nie kontaktowano;OpenStreetMap (amenity=restaurant, node/4762506725);2026-10-10
Gastronomia;B;5;Bravoy;Nuenen;Parkstraat 2 5671GG;https://www.bravoy.nl;PRZESTARZAŁA;tak;tak;2020;WordPress;Instagram;NIEUSTALONE (wymaga zdjęć lub wizji lokalnej);sklep online;;;;;Częściowe braki;przestarzała strona (stopka 2020);"nowa strona (mobile, HTTPS); witryna/szyld, druk (menu, ulotki), odzież dla personelu (do sprawdzenia na miejscu)";nie kontaktowano;OpenStreetMap (amenity=restaurant, node/39557968);2026-10-10
Gastronomia;B;5;Cafe Kraaij en Balder;Eindhoven;Strijpsestraat 79 5616GL;http://www.kraaijenbalder.nl;PRZESTARZAŁA;nie;tak;2022;;Facebook, LinkedIn, YouTube;NIEUSTALONE (wymaga zdjęć lub wizji lokalnej);rekrutuje;;;;;Częściowe braki;przestarzała strona (brak HTTPS);"nowa strona (mobile, HTTPS); witryna/szyld, druk (menu, ulotki), odzież dla personelu (do sprawdzenia na miejscu); odzież/oklejenie dla nowych ludzi i aut";nie kontaktowano;OpenStreetMap (amenity=pub, node/2753884220);2026-10-10
Gastronomia;B;5;Carrousel;Eindhoven;Markt 35 5611EC;https://www.carrouseleindhoven.nl/;PRZESTARZAŁA;tak;nie;;;;NIEUSTALONE (wymaga zdjęć lub wizji lokalnej);;;;;;Częściowe braki;"przestarzała strona (nie na telefon); nie znaleziono social media na stronie";"nowa strona (mobile, HTTPS); materiały do social media; witryna/szyld, druk (menu, ulotki), odzież dla personelu (do sprawdzenia na miejscu)";nie kontaktowano;OpenStreetMap (amenity=restaurant, node/1886063247);2026-10-10
Gastronomia;B;5;China Garden;;;http://www.chinagarden-asten.nl/;PRZESTARZAŁA;nie;nie;2008;;;NIEUSTALONE (wymaga zdjęć lub wizji lokalnej);;;;;;Częściowe braki;"przestarzała strona (brak HTTPS, nie na telefon, stopka 2008); nie znaleziono social media na stronie";"nowa strona (mobile, HTTPS); materiały do social media; witryna/szyld, druk (menu, ulotki), odzież dla personelu (do sprawdzenia na miejscu)";nie kontaktowano;OpenStreetMap (amenity=restaurant, node/11773830797);2026-10-10
Gastronomia;B;5;De Gebroeders;Bakel;Dorpsstraat 14a 5761BN;https://www.de-gebroeders.com/;PRZESTARZAŁA;tak;tak;2015;WordPress;Facebook, Instagram;NIEUSTALONE (wymaga zdjęć lub wizji lokalnej);nowa lokalizacja;;;;;Częściowe braki;przestarzała strona (stopka 2015);"nowa strona (mobile, HTTPS); witryna/szyld, druk (menu, ulotki), odzież dla personelu (do sprawdzenia na miejscu); oznakowanie nowej lokalizacji / start marki";nie kontaktowano;OpenStreetMap (amenity=ice_cream, node/3014822764);2026-10-10
Gastronomia;B;5;De Gouden Leeuw;Sint-Oedenrode;Markt 10 5492AB;https://degoudenleeuwsintoedenrode.nl/;PRZESTARZAŁA;tak;tak;2015;WordPress;Facebook, Instagram;NIEUSTALONE (wymaga zdjęć lub wizji lokalnej);rekrutuje;;;;;Częściowe braki;przestarzała strona (stopka 2015);"nowa strona (mobile, HTTPS); witryna/szyld, druk (menu, ulotki), odzież dla personelu (do sprawdzenia na miejscu); odzież/oklejenie dla nowych ludzi i aut";nie kontaktowano;OpenStreetMap (amenity=restaurant, node/2796090023);2026-10-10
Gastronomia;B;5;De Stadskamer;Helmond;Elzaspassage 15 5701RW;https://www.destadskamerhelmond.nl/;PRZESTARZAŁA;tak;tak;2017;WordPress;Facebook, Instagram, TikTok;NIEUSTALONE (wymaga zdjęć lub wizji lokalnej);rekrutuje;;;;;Częściowe braki;przestarzała strona (stopka 2017);"nowa strona (mobile, HTTPS); witryna/szyld, druk (menu, ulotki), odzież dla personelu (do sprawdzenia na miejscu); odzież/oklejenie dla nowych ludzi i aut";nie kontaktowano;OpenStreetMap (amenity=restaurant, node/2903869232);2026-10-10
Gastronomia;B;5;Deja Vu;Aarle-Rixtel;Dorpsstraat 15 5735EA;http://cafedejavu.nl;PRZESTARZAŁA;nie;nie;;;;NIEUSTALONE (wymaga zdjęć lub wizji lokalnej);;;;;;Częściowe braki;"przestarzała strona (brak HTTPS, nie na telefon); nie znaleziono social media na stronie";"nowa strona (mobile, HTTPS); materiały do social media; witryna/szyld, druk (menu, ulotki), odzież dla personelu (do sprawdzenia na miejscu)";nie kontaktowano;OpenStreetMap (amenity=cafe, node/2901234285);2026-10-10
Gastronomia;B;5;Dommelzicht;Sint-Oedenrode;Dommelstraat 18 5492DX;https://dommelzicht.nl;PRZESTARZAŁA;tak;nie;2026;;;NIEUSTALONE (wymaga zdjęć lub wizji lokalnej);;;;;;Częściowe braki;"przestarzała strona (nie na telefon); nie znaleziono social media na stronie";"nowa strona (mobile, HTTPS); materiały do social media; witryna/szyld, druk (menu, ulotki), odzież dla personelu (do sprawdzenia na miejscu)";nie kontaktowano;OpenStreetMap (amenity=cafe, node/2796097343);2026-10-10
Gastronomia;B;5;ECHOS Home Oirschot;Oirschot;Eindhovensedijk 33 5688GN;https://www.echos.nl/oirschot/;PRZESTARZAŁA;tak;tak;2015;WordPress;Facebook, Instagram;NIEUSTALONE (wymaga zdjęć lub wizji lokalnej);rekrutuje;;;;;Częściowe braki;przestarzała strona (stopka 2015);"nowa strona (mobile, HTTPS); witryna/szyld, druk (menu, ulotki), odzież dla personelu (do sprawdzenia na miejscu); odzież/oklejenie dla nowych ludzi i aut";nie kontaktowano;OpenStreetMap (amenity=restaurant, node/2826097915);2026-10-10
Gastronomia;B;5;Eethuis Posof;Veldhoven;Blaarthemseweg 3 5502JR;https://www.eethuisposof.nl/;PRZESTARZAŁA;tak;nie;;;;NIEUSTALONE (wymaga zdjęć lub wizji lokalnej);;;;;;Częściowe braki;"przestarzała strona (nie na telefon); nie znaleziono social media na stronie";"nowa strona (mobile, HTTPS); materiały do social media; witryna/szyld, druk (menu, ulotki), odzież dla personelu (do sprawdzenia na miejscu)";nie kontaktowano;OpenStreetMap (amenity=restaurant, node/2833324130);2026-10-10
Gastronomia;B;5;Falafel Masters;Eindhoven;Edisonstraat 131 5621HM;http://www.falafelmasters.com/;PRZESTARZAŁA;nie;tak;;WordPress;;NIEUSTALONE (wymaga zdjęć lub wizji lokalnej);;;;;;Częściowe braki;"przestarzała strona (brak HTTPS); nie znaleziono social media na stronie";"nowa strona (mobile, HTTPS); materiały do social media; witryna/szyld, druk (menu, ulotki), odzież dla personelu (do sprawdzenia na miejscu)";nie kontaktowano;OpenStreetMap (amenity=fast_food, node/4723838952);2026-10-10
Gastronomia;B;5;Flying Bowling Partycentrum;Veldhoven;Oortlaan 152 5505RH;https://www.flying-bowling.nl/;PRZESTARZAŁA;tak;tak;2019;WordPress;Facebook, Instagram;NIEUSTALONE (wymaga zdjęć lub wizji lokalnej);rekrutuje;;;;;Częściowe braki;przestarzała strona (stopka 2019);"nowa strona (mobile, HTTPS); witryna/szyld, druk (menu, ulotki), odzież dla personelu (do sprawdzenia na miejscu); odzież/oklejenie dla nowych ludzi i aut";nie kontaktowano;OpenStreetMap (amenity=restaurant, node/2832392138) + wyszukiwarka;2026-10-10
Gastronomia;B;5;Franske;Helmond;Havenweg 4 5701RS;http://www.cafefranske.nl;PRZESTARZAŁA;nie;nie;2001;;;NIEUSTALONE (wymaga zdjęć lub wizji lokalnej);;;;;;Częściowe braki;"przestarzała strona (brak HTTPS, nie na telefon, stopka 2001); nie znaleziono social media na stronie";"nowa strona (mobile, HTTPS); materiały do social media; witryna/szyld, druk (menu, ulotki), odzież dla personelu (do sprawdzenia na miejscu)";nie kontaktowano;OpenStreetMap (amenity=bar, node/2903873414);2026-10-10
Gastronomia;B;5;Golden City;Gemert;Kapelaanstraat 15 5421DD;https://www.goldencitygemert.nl;PRZESTARZAŁA;tak;tak;2020;Wix;;NIEUSTALONE (wymaga zdjęć lub wizji lokalnej);;;;;;Częściowe braki;"przestarzała strona (stopka 2020); nie znaleziono social media na stronie";"nowa strona (mobile, HTTPS); materiały do social media; witryna/szyld, druk (menu, ulotki), odzież dla personelu (do sprawdzenia na miejscu)";nie kontaktowano;OpenStreetMap (amenity=restaurant, node/7897294298);2026-10-10
Gastronomia;B;5;Grand Café De Bank;Best;Raadhuisplein 30B 5683EA;https://grandcafedebankbest.nl/;PRZESTARZAŁA;tak;tak;2015;WordPress;Facebook, Instagram;NIEUSTALONE (wymaga zdjęć lub wizji lokalnej);rekrutuje;;;;;Częściowe braki;przestarzała strona (stopka 2015);"nowa strona (mobile, HTTPS); witryna/szyld, druk (menu, ulotki), odzież dla personelu (do sprawdzenia na miejscu); odzież/oklejenie dla nowych ludzi i aut";nie kontaktowano;OpenStreetMap (amenity=cafe, node/4557089735);2026-10-10
Gastronomia;B;5;Happy Garden;Sint-Oedenrode;Monseigneur Bekkersplein 8 5491EB;http://www.nieuwhappygarden.nl;PRZESTARZAŁA;nie;nie;2010;;;NIEUSTALONE (wymaga zdjęć lub wizji lokalnej);;;;;;Częściowe braki;"przestarzała strona (brak HTTPS, nie na telefon, stopka 2010); nie znaleziono social media na stronie";"nowa strona (mobile, HTTPS); materiały do social media; witryna/szyld, druk (menu, ulotki), odzież dla personelu (do sprawdzenia na miejscu)";nie kontaktowano;OpenStreetMap (amenity=restaurant, node/471581483);2026-10-10
Gastronomia;B;5;Heidecafé de Strabrechtse Heide;Heeze;De Plaetse 71a 5591TX;http://www.heidecafe.nl/;PRZESTARZAŁA;tak;tak;2015;WordPress;Facebook, Instagram, LinkedIn, YouTube;NIEUSTALONE (wymaga zdjęć lub wizji lokalnej);rekrutuje;;;;;Częściowe braki;przestarzała strona (stopka 2015);"nowa strona (mobile, HTTPS); witryna/szyld, druk (menu, ulotki), odzież dla personelu (do sprawdzenia na miejscu); odzież/oklejenie dla nowych ludzi i aut";nie kontaktowano;OpenStreetMap (amenity=restaurant, node/2829542864);2026-10-10
Gastronomia;B;5;Het Smulhuis;Hapert;Nieuwstraat 18 5527AT;https://cafetariahetsmulhuis.nl/;PRZESTARZAŁA;tak;tak;2019;;;NIEUSTALONE (wymaga zdjęć lub wizji lokalnej);;;;;;Częściowe braki;"przestarzała strona (stopka 2019); nie znaleziono social media na stronie";"nowa strona (mobile, HTTPS); materiały do social media; witryna/szyld, druk (menu, ulotki), odzież dla personelu (do sprawdzenia na miejscu)";nie kontaktowano;OpenStreetMap (amenity=restaurant, node/2827401023);2026-10-10
Gastronomia;B;5;Het Verborgen Paradijs;;;https://www.hetverborgenparadijs.nl/;PRZESTARZAŁA;tak;nie;;;;NIEUSTALONE (wymaga zdjęć lub wizji lokalnej);;;;;;Częściowe braki;"przestarzała strona (nie na telefon); nie znaleziono social media na stronie";"nowa strona (mobile, HTTPS); materiały do social media; witryna/szyld, druk (menu, ulotki), odzież dla personelu (do sprawdzenia na miejscu)";nie kontaktowano;OpenStreetMap (amenity=cafe, node/10607980921);2026-10-10
Gastronomia;B;5;HMBRGR;Eindhoven;Nieuwstraat 23 5611DA;https://www.hmbrgreindhoven.nl;PRZESTARZAŁA;tak;nie;;;;NIEUSTALONE (wymaga zdjęć lub wizji lokalnej);;;;;;Częściowe braki;"przestarzała strona (nie na telefon); nie znaleziono social media na stronie";"nowa strona (mobile, HTTPS); materiały do social media; witryna/szyld, druk (menu, ulotki), odzież dla personelu (do sprawdzenia na miejscu)";nie kontaktowano;OpenStreetMap (amenity=fast_food, node/2765368224);2026-10-10
Gastronomia;B;5;IJssalon La Toscana;;;https://latoscanaijs.nl;PRZESTARZAŁA;tak;tak;2015;WordPress;Facebook, Instagram, TikTok, YouTube;NIEUSTALONE (wymaga zdjęć lub wizji lokalnej);rekrutuje;;;;;Częściowe braki;przestarzała strona (stopka 2015);"nowa strona (mobile, HTTPS); witryna/szyld, druk (menu, ulotki), odzież dla personelu (do sprawdzenia na miejscu); odzież/oklejenie dla nowych ludzi i aut";nie kontaktowano;OpenStreetMap (amenity=ice_cream, node/1348044161) + wyszukiwarka + wyszukiwarka + wyszukiwarka + wyszukiwarka;2026-10-10
Gastronomia;B;5;il Gusto;Best;Boterhoek 95 5683AX;https://ilgustobest.com;PRZESTARZAŁA;tak;tak;2015;WordPress;Facebook;NIEUSTALONE (wymaga zdjęć lub wizji lokalnej);rekrutuje;;;;;Częściowe braki;przestarzała strona (stopka 2015);"nowa strona (mobile, HTTPS); witryna/szyld, druk (menu, ulotki), odzież dla personelu (do sprawdzenia na miejscu); odzież/oklejenie dla nowych ludzi i aut";nie kontaktowano;OpenStreetMap (amenity=restaurant, node/2872929502);2026-10-10
Gastronomia;B;5;Italiano;Eindhoven;Geldropseweg 2 5611SH;https://www.italianopizzaria-eindhoven.nl/;PRZESTARZAŁA;tak;nie;;;;NIEUSTALONE (wymaga zdjęć lub wizji lokalnej);;;;;;Częściowe braki;"przestarzała strona (nie na telefon); nie znaleziono social media na stronie";"nowa strona (mobile, HTTPS); materiały do social media; witryna/szyld, druk (menu, ulotki), odzież dla personelu (do sprawdzenia na miejscu)";nie kontaktowano;OpenStreetMap (amenity=restaurant, node/3579525473);2026-10-10
Gastronomia;B;5;KEVN;Eindhoven;Galileistraat 2 5621AE;https://www.keldermanenvannoort.nl/cafe/;BŁĄD STRONY (do potwierdzenia);;;;;Facebook, Instagram;NIEUSTALONE (wymaga zdjęć lub wizji lokalnej);sklep online;;;;;Duże braki online;strona zwróciła błąd (do potwierdzenia);"nowa/naprawiona strona; witryna/szyld, druk (menu, ulotki), odzież dla personelu (do sprawdzenia na miejscu)";nie kontaktowano;OpenStreetMap (amenity=restaurant, node/2780311062);2026-10-10
Gastronomia;B;5;Krishna Aahar;Eindhoven;Dommelstraat 36 5611CL;https://www.krishnavilas-eindhoven.nl;PRZESTARZAŁA;tak;nie;;;;NIEUSTALONE (wymaga zdjęć lub wizji lokalnej);;;;;;Częściowe braki;"przestarzała strona (nie na telefon); nie znaleziono social media na stronie";"nowa strona (mobile, HTTPS); materiały do social media; witryna/szyld, druk (menu, ulotki), odzież dla personelu (do sprawdzenia na miejscu)";nie kontaktowano;OpenStreetMap (amenity=restaurant, node/2765159645);2026-10-10
Gastronomia;B;5;La Perla;Helmond;Havenweg 16A 5701RS;http://www.laperlahelmond.nl/;PRZESTARZAŁA;nie;nie;;;;NIEUSTALONE (wymaga zdjęć lub wizji lokalnej);;;;;;Częściowe braki;"przestarzała strona (brak HTTPS, nie na telefon); nie znaleziono social media na stronie";"nowa strona (mobile, HTTPS); materiały do social media; witryna/szyld, druk (menu, ulotki), odzież dla personelu (do sprawdzenia na miejscu)";nie kontaktowano;OpenStreetMap (amenity=restaurant, node/2903869583);2026-10-10
Gastronomia;B;5;Le Rolento;Eindhoven;Stratumsedijk 1 5611NA;https://lerolento.com/;PRZESTARZAŁA;tak;tak;1999;;;NIEUSTALONE (wymaga zdjęć lub wizji lokalnej);;;;;;Częściowe braki;"przestarzała strona (stopka 1999); nie znaleziono social media na stronie";"nowa strona (mobile, HTTPS); materiały do social media; witryna/szyld, druk (menu, ulotki), odzież dla personelu (do sprawdzenia na miejscu)";nie kontaktowano;OpenStreetMap (amenity=restaurant, node/13451083486);2026-10-10
Gastronomia;B;5;Lunchroom 1 Nul 1;Eindhoven;Hoogstraat 101 5615PB;https://www.facebook.com/p/Lunchroom-1NUL1-100076015443400/;PRZESTARZAŁA;tak;nie;2026;;Facebook;NIEUSTALONE (wymaga zdjęć lub wizji lokalnej);rekrutuje;;;;;Częściowe braki;przestarzała strona (nie na telefon);"nowa strona (mobile, HTTPS); witryna/szyld, druk (menu, ulotki), odzież dla personelu (do sprawdzenia na miejscu); odzież/oklejenie dla nowych ludzi i aut";nie kontaktowano;OpenStreetMap (amenity=restaurant, node/2748516807) + wyszukiwarka + wyszukiwarka;2026-10-10
Gastronomia;B;5;Nagoya;Valkenswaard;Markt 34 5554CD;https://www.restaurant-nagoya.nl/;PRZESTARZAŁA;tak;tak;2018;WordPress;;NIEUSTALONE (wymaga zdjęć lub wizji lokalnej);;;;;;Częściowe braki;"przestarzała strona (stopka 2018); nie znaleziono social media na stronie";"nowa strona (mobile, HTTPS); materiały do social media; witryna/szyld, druk (menu, ulotki), odzież dla personelu (do sprawdzenia na miejscu)";nie kontaktowano;OpenStreetMap (amenity=restaurant, node/2828955020);2026-10-10
Gastronomia;B;5;Oriëntal Restaurant New Century;Eindhoven;Ouverture 12 5629PV;https://www.new-century.nl;OK;tak;tak;2026;WordPress;;NIEUSTALONE (wymaga zdjęć lub wizji lokalnej);"rekrutuje; sklep online";;;;;Częściowe braki;nie znaleziono social media na stronie;"materiały do social media; witryna/szyld, druk (menu, ulotki), odzież dla personelu (do sprawdzenia na miejscu); odzież/oklejenie dla nowych ludzi i aut";nie kontaktowano;OpenStreetMap (amenity=restaurant, node/2739547034);2026-10-10
Gastronomia;B;5;Pannenkoekenhuis de ProefTuin;Eindhoven;Oirschotsedijk 14A 5651GC;https://philipsfruittuin.nl/pannenkoekenhuis-de-proeftuin;BŁĄD STRONY (do potwierdzenia);;;;;Facebook, Instagram;NIEUSTALONE (wymaga zdjęć lub wizji lokalnej);rekrutuje;;;;;Duże braki online;strona zwróciła błąd (do potwierdzenia);"nowa/naprawiona strona; witryna/szyld, druk (menu, ulotki), odzież dla personelu (do sprawdzenia na miejscu); odzież/oklejenie dla nowych ludzi i aut";nie kontaktowano;OpenStreetMap (amenity=restaurant, node/7590800057);2026-10-10
Gastronomia;B;5;Parapetto;Son en Breugel;Nieuwstraat 90 5691AE;https://www.parapetto-grillroom.nl;PRZESTARZAŁA;tak;nie;;;;NIEUSTALONE (wymaga zdjęć lub wizji lokalnej);;;;;;Częściowe braki;"przestarzała strona (nie na telefon); nie znaleziono social media na stronie";"nowa strona (mobile, HTTPS); materiały do social media; witryna/szyld, druk (menu, ulotki), odzież dla personelu (do sprawdzenia na miejscu)";nie kontaktowano;OpenStreetMap (amenity=fast_food, node/689618990);2026-10-10
Gastronomia;B;5;Piramides;Liempde;Keefheuvel 24a 5298AK;https://www.liempde-piramides.nl;PRZESTARZAŁA;tak;nie;;;;NIEUSTALONE (wymaga zdjęć lub wizji lokalnej);;;;;;Częściowe braki;"przestarzała strona (nie na telefon); nie znaleziono social media na stronie";"nowa strona (mobile, HTTPS); materiały do social media; witryna/szyld, druk (menu, ulotki), odzież dla personelu (do sprawdzenia na miejscu)";nie kontaktowano;OpenStreetMap (amenity=fast_food, node/2792057569);2026-10-10
Gastronomia;B;5;Restaria Brouwhuis;Helmond;Brouwhorst 1 5704EG;http://restariabrouwhorst.nl;PRZESTARZAŁA;nie;nie;;;Facebook;NIEUSTALONE (wymaga zdjęć lub wizji lokalnej);rekrutuje;;;;;Częściowe braki;przestarzała strona (brak HTTPS, nie na telefon);"nowa strona (mobile, HTTPS); witryna/szyld, druk (menu, ulotki), odzież dla personelu (do sprawdzenia na miejscu); odzież/oklejenie dla nowych ludzi i aut";nie kontaktowano;OpenStreetMap (amenity=fast_food, node/1259331706);2026-10-10
Gastronomia;B;5;Restaria Noord;Someren;Ter Hofstadlaan 38 5711VW;http://www.restarianoord.nl/;PRZESTARZAŁA;nie;tak;2024;;Facebook, Instagram;NIEUSTALONE (wymaga zdjęć lub wizji lokalnej);rekrutuje;;;;;Częściowe braki;przestarzała strona (brak HTTPS);"nowa strona (mobile, HTTPS); witryna/szyld, druk (menu, ulotki), odzież dla personelu (do sprawdzenia na miejscu); odzież/oklejenie dla nowych ludzi i aut";nie kontaktowano;OpenStreetMap (amenity=fast_food, node/2852579789);2026-10-10
Gastronomia;B;5;Ristorante/Pizzeria Italo;Veldhoven;Heuvel 18 5502AK;https://www.restaurantitalo.nl/;PRZESTARZAŁA;tak;nie;;;;NIEUSTALONE (wymaga zdjęć lub wizji lokalnej);;;;;;Częściowe braki;"przestarzała strona (nie na telefon); nie znaleziono social media na stronie";"nowa strona (mobile, HTTPS); materiały do social media; witryna/szyld, druk (menu, ulotki), odzież dla personelu (do sprawdzenia na miejscu)";nie kontaktowano;OpenStreetMap (amenity=restaurant, node/2833323278);2026-10-10
Gastronomia;B;5;Sala Thai;Eindhoven;Staringstraat 31 5615HC;https://restaurantsalathai.nl/;PRZESTARZAŁA;tak;nie;2011;;;NIEUSTALONE (wymaga zdjęć lub wizji lokalnej);;;;;;Częściowe braki;"przestarzała strona (nie na telefon, stopka 2011); nie znaleziono social media na stronie";"nowa strona (mobile, HTTPS); materiały do social media; witryna/szyld, druk (menu, ulotki), odzież dla personelu (do sprawdzenia na miejscu)";nie kontaktowano;OpenStreetMap (amenity=restaurant, node/2748518685);2026-10-10
Gastronomia;B;5;Sandroos;Helmond;Stationsplein 3 5701PE;https://www.sandroos.nl;PRZESTARZAŁA;tak;nie;;;;NIEUSTALONE (wymaga zdjęć lub wizji lokalnej);;;;;;Częściowe braki;"przestarzała strona (nie na telefon); nie znaleziono social media na stronie";"nowa strona (mobile, HTTPS); materiały do social media; witryna/szyld, druk (menu, ulotki), odzież dla personelu (do sprawdzenia na miejscu)";nie kontaktowano;OpenStreetMap (amenity=fast_food, node/2902918726);2026-10-10
Gastronomia;B;5;Sicilia;Geldrop;Bogardeind 9 5664EA;http://www.siciliageldrop.nl/;PRZESTARZAŁA;nie;tak;2024;WordPress;Facebook;NIEUSTALONE (wymaga zdjęć lub wizji lokalnej);rekrutuje;;;;;Częściowe braki;przestarzała strona (brak HTTPS);"nowa strona (mobile, HTTPS); witryna/szyld, druk (menu, ulotki), odzież dla personelu (do sprawdzenia na miejscu); odzież/oklejenie dla nowych ludzi i aut";nie kontaktowano;OpenStreetMap (amenity=restaurant, node/2872361188);2026-10-10
Gastronomia;B;5;Sportcafe de Genderbeemd;Eindhoven;Sterkenburg 616 5653NP;https://www.degenderbeemd.com/;PRZESTARZAŁA;tak;nie;;;;NIEUSTALONE (wymaga zdjęć lub wizji lokalnej);;;;;;Częściowe braki;"przestarzała strona (nie na telefon); nie znaleziono social media na stronie";"nowa strona (mobile, HTTPS); materiały do social media; witryna/szyld, druk (menu, ulotki), odzież dla personelu (do sprawdzenia na miejscu)";nie kontaktowano;OpenStreetMap (amenity=cafe, node/6710366393);2026-10-10
Gastronomia;B;5;Taverna Fantasie;Heeze;Nieuwendijk 18 5591JK;https://www.restaurantfantasie-heeze.nl;PRZESTARZAŁA;tak;nie;;;;NIEUSTALONE (wymaga zdjęć lub wizji lokalnej);;;;;;Częściowe braki;"przestarzała strona (nie na telefon); nie znaleziono social media na stronie";"nowa strona (mobile, HTTPS); materiały do social media; witryna/szyld, druk (menu, ulotki), odzież dla personelu (do sprawdzenia na miejscu)";nie kontaktowano;OpenStreetMap (amenity=restaurant, node/2829800823);2026-10-10
Gastronomia;B;5;The Mart;Eindhoven;High Tech Campus 1 5656AE;https://www.hightechcampus.com/facilities/the-mart;PRZESTARZAŁA;tak;nie;1998;;;NIEUSTALONE (wymaga zdjęć lub wizji lokalnej);;;;;;Częściowe braki;"przestarzała strona (nie na telefon, stopka 1998); nie znaleziono social media na stronie";"nowa strona (mobile, HTTPS); materiały do social media; witryna/szyld, druk (menu, ulotki), odzież dla personelu (do sprawdzenia na miejscu)";nie kontaktowano;OpenStreetMap (amenity=restaurant, node/303274482) + wyszukiwarka + wyszukiwarka + wyszukiwarka + wyszukiwarka + wyszukiwarka + wyszukiwarka + wyszukiwarka + wyszukiwarka + wyszukiwarka + wyszukiwarka + wyszukiwarka;2026-10-10
Gastronomia;B;5;The Prince;Eindhoven;Wilhelminaplein 9 5611HE;https://www.theprince.nl/;PRZESTARZAŁA;tak;tak;2021;Joomla;;NIEUSTALONE (wymaga zdjęć lub wizji lokalnej);;;;;;Częściowe braki;"przestarzała strona (stopka 2021); nie znaleziono social media na stronie";"nowa strona (mobile, HTTPS); materiały do social media; witryna/szyld, druk (menu, ulotki), odzież dla personelu (do sprawdzenia na miejscu)";nie kontaktowano;OpenStreetMap (amenity=restaurant, node/2764379164);2026-10-10
Gastronomia;B;5;Tin Fook;Veldhoven;De Schaatsenmaker 10 5506CZ;http://www.tinfook.nl/;PRZESTARZAŁA;nie;tak;2026;;;NIEUSTALONE (wymaga zdjęć lub wizji lokalnej);;;;;;Częściowe braki;"przestarzała strona (brak HTTPS); nie znaleziono social media na stronie";"nowa strona (mobile, HTTPS); materiały do social media; witryna/szyld, druk (menu, ulotki), odzież dla personelu (do sprawdzenia na miejscu)";nie kontaktowano;OpenStreetMap (amenity=fast_food, node/2832651587);2026-10-10
Gastronomia;B;5;Turks Restaurant Ege;Eindhoven;Rivierstraat 36 5615KB;https://www.restaurantege.nl/;PRZESTARZAŁA;tak;nie;;;;NIEUSTALONE (wymaga zdjęć lub wizji lokalnej);;;;;;Częściowe braki;"przestarzała strona (nie na telefon); nie znaleziono social media na stronie";"nowa strona (mobile, HTTPS); materiały do social media; witryna/szyld, druk (menu, ulotki), odzież dla personelu (do sprawdzenia na miejscu)";nie kontaktowano;OpenStreetMap (amenity=restaurant, node/2748518806);2026-10-10
Gastronomia;B;5;Van Lieshout;Lieshout;Dorpsstraat 58 5737GD;https://www.cafevanlieshout.nl/;PRZESTARZAŁA;tak;nie;;;;NIEUSTALONE (wymaga zdjęć lub wizji lokalnej);;;;;;Częściowe braki;"przestarzała strona (nie na telefon); nie znaleziono social media na stronie";"nowa strona (mobile, HTTPS); materiały do social media; witryna/szyld, druk (menu, ulotki), odzież dla personelu (do sprawdzenia na miejscu)";nie kontaktowano;OpenStreetMap (amenity=pub, node/2898997192);2026-10-10
Gastronomia;B;5;Villa Karaoke;Eindhoven;Stratumseind 16 5611ES;https://villafiestaeindhoven.nl/villa-karaoke/;PRZESTARZAŁA;tak;nie;;;;NIEUSTALONE (wymaga zdjęć lub wizji lokalnej);;;;;;Częściowe braki;"przestarzała strona (nie na telefon); nie znaleziono social media na stronie";"nowa strona (mobile, HTTPS); materiały do social media; witryna/szyld, druk (menu, ulotki), odzież dla personelu (do sprawdzenia na miejscu)";nie kontaktowano;OpenStreetMap (amenity=pub, node/2765280869) + wyszukiwarka;2026-10-10
Gastronomia;B;5;Villa La Bella;Veldhoven;Kruisstraat 23 5502JA;https://villalabella.nl/;PRZESTARZAŁA;tak;tak;2015;WordPress;;NIEUSTALONE (wymaga zdjęć lub wizji lokalnej);;;;;;Częściowe braki;"przestarzała strona (stopka 2015); nie znaleziono social media na stronie";"nowa strona (mobile, HTTPS); materiały do social media; witryna/szyld, druk (menu, ulotki), odzież dla personelu (do sprawdzenia na miejscu)";nie kontaktowano;OpenStreetMap (amenity=restaurant, node/9757584397);2026-10-10
Gastronomia;B;5;Wolfshoeve;;;https://www.bosparkwolfsven.nl/het-park/faciliteiten/eten-drinken;PRZESTARZAŁA;tak;nie;;;Facebook, Instagram, LinkedIn, YouTube;NIEUSTALONE (wymaga zdjęć lub wizji lokalnej);rekrutuje;;;;;Częściowe braki;przestarzała strona (nie na telefon);"nowa strona (mobile, HTTPS); witryna/szyld, druk (menu, ulotki), odzież dla personelu (do sprawdzenia na miejscu); odzież/oklejenie dla nowych ludzi i aut";nie kontaktowano;OpenStreetMap (amenity=restaurant, node/6558171836);2026-10-10
Gastronomia;B;5;Zerfoods;Eindhoven;Lardinoisstraat 2 5611ZZ;http://www.zerfoods.com/;PRZESTARZAŁA;nie;tak;;;;NIEUSTALONE (wymaga zdjęć lub wizji lokalnej);;;;;;Częściowe braki;"przestarzała strona (brak HTTPS); nie znaleziono social media na stronie";"nowa strona (mobile, HTTPS); materiały do social media; witryna/szyld, druk (menu, ulotki), odzież dla personelu (do sprawdzenia na miejscu)";nie kontaktowano;OpenStreetMap (amenity=fast_food, node/2774855318);2026-10-10
Gastronomia;B;5;Öz Istanbul;Eindhoven;Kruisstraat 93 5612CE;https://www.oz-istanbul-eindhoven.nl/;PRZESTARZAŁA;tak;nie;;;;NIEUSTALONE (wymaga zdjęć lub wizji lokalnej);;;;;;Częściowe braki;"przestarzała strona (nie na telefon); nie znaleziono social media na stronie";"nowa strona (mobile, HTTPS); materiały do social media; witryna/szyld, druk (menu, ulotki), odzież dla personelu (do sprawdzenia na miejscu)";nie kontaktowano;OpenStreetMap (amenity=fast_food, node/2777943619);2026-10-10
Gastronomia;B;4;'t Look Pizza & Döner Kebab;Veldhoven;De Schaatsenmaker 2 5506CZ;https://hetlook-veldhoven.nl;OK;tak;tak;;;;NIEUSTALONE (wymaga zdjęć lub wizji lokalnej);sklep online;;;;;Częściowe braki;nie znaleziono social media na stronie;"materiały do social media; witryna/szyld, druk (menu, ulotki), odzież dla personelu (do sprawdzenia na miejscu)";nie kontaktowano;OpenStreetMap (amenity=fast_food, node/2832655453);2026-10-10
Gastronomia;B;4;'t Spitje;Mierlo;Pastoor de Winterstraat 18 5731EJ;http://spitje.com;BŁĄD STRONY (do potwierdzenia);;;;;;NIEUSTALONE (wymaga zdjęć lub wizji lokalnej);;;;;;Duże braki online;strona zwróciła błąd (do potwierdzenia);"nowa/naprawiona strona; witryna/szyld, druk (menu, ulotki), odzież dla personelu (do sprawdzenia na miejscu)";nie kontaktowano;OpenStreetMap (amenity=bar, node/2876907884);2026-10-10
Gastronomia;B;4;'t Vonderke;Eindhoven;Lodewijk Napoleonplein 9 5616BA;http://www.vonderke.nl/;PRZESTARZAŁA;nie;tak;2026;WordPress;Facebook, Instagram;NIEUSTALONE (wymaga zdjęć lub wizji lokalnej);;;;;;Częściowe braki;przestarzała strona (brak HTTPS);"nowa strona (mobile, HTTPS); witryna/szyld, druk (menu, ulotki), odzież dla personelu (do sprawdzenia na miejscu)";nie kontaktowano;OpenStreetMap (amenity=cafe, node/2753818789);2026-10-10
Gastronomia;B;4;10Tables;Eindhoven;Ingenieur Kalffstraat 2A 5617BH;https://10tables.nl;BŁĄD STRONY (do potwierdzenia);;;;;;NIEUSTALONE (wymaga zdjęć lub wizji lokalnej);;;;;;Duże braki online;strona zwróciła błąd (do potwierdzenia);"nowa/naprawiona strona; witryna/szyld, druk (menu, ulotki), odzież dla personelu (do sprawdzenia na miejscu)";nie kontaktowano;OpenStreetMap (amenity=restaurant, node/8694860497);2026-10-10
Gastronomia;B;4;1910 Restaurant;Eindhoven;Willemstraat 43A 5611HC;https://1910restaurant.nl;BŁĄD STRONY (do potwierdzenia);;;;;;NIEUSTALONE (wymaga zdjęć lub wizji lokalnej);;;;;;Duże braki online;strona zwróciła błąd (do potwierdzenia);"nowa/naprawiona strona; witryna/szyld, druk (menu, ulotki), odzież dla personelu (do sprawdzenia na miejscu)";nie kontaktowano;OpenStreetMap (amenity=restaurant, node/2764376561);2026-10-10
Gastronomia;B;4;Bagel & Juice;Eindhoven;Torenallee 60-08 5617BD;https://www.ilovebagelandjuice.com;BŁĄD STRONY (do potwierdzenia);;;;;;NIEUSTALONE (wymaga zdjęć lub wizji lokalnej);;;;;;Duże braki online;strona zwróciła błąd (do potwierdzenia);"nowa/naprawiona strona; witryna/szyld, druk (menu, ulotki), odzież dla personelu (do sprawdzenia na miejscu)";nie kontaktowano;OpenStreetMap (amenity=cafe, node/2754999335);2026-10-10
Gastronomia;B;4;Bamboo Inn;Hapert;Oude Provincialeweg 23 5527BM;https://www.bamboo-inn.nl/;OK;tak;tak;2026;WordPress;;NIEUSTALONE (wymaga zdjęć lub wizji lokalnej);sklep online;;;;;Częściowe braki;nie znaleziono social media na stronie;"materiały do social media; witryna/szyld, druk (menu, ulotki), odzież dla personelu (do sprawdzenia na miejscu)";nie kontaktowano;OpenStreetMap (amenity=restaurant, node/2827403561);2026-10-10
Gastronomia;B;4;Belgisch Biercafe;Eindhoven;Stratumseind 95 5611ER;https://www.belgischbiercafe-eindhoven.nl/;PRZESTARZAŁA;tak;tak;2019;Wix;Facebook, Instagram;NIEUSTALONE (wymaga zdjęć lub wizji lokalnej);;;;;;Częściowe braki;przestarzała strona (stopka 2019);"nowa strona (mobile, HTTPS); witryna/szyld, druk (menu, ulotki), odzież dla personelu (do sprawdzenia na miejscu)";nie kontaktowano;OpenStreetMap (amenity=bar, node/2765284804);2026-10-10
Gastronomia;B;4;Bella Amica Lierop;Lierop;van Dongenstraat 22 5715AL;https://www.bellaamicalierop.nl/;OK;tak;tak;;;;NIEUSTALONE (wymaga zdjęć lub wizji lokalnej);sklep online;;;;;Częściowe braki;nie znaleziono social media na stronie;"materiały do social media; witryna/szyld, druk (menu, ulotki), odzież dla personelu (do sprawdzenia na miejscu)";nie kontaktowano;OpenStreetMap (amenity=restaurant, node/2851338052);2026-10-10
Gastronomia;B;4;Bierprofessor;Eindhoven;Stratumseind 33 5611EP;https://www.bierprofessor.nl/;PRZESTARZAŁA;tak;nie;2026;;Facebook;NIEUSTALONE (wymaga zdjęć lub wizji lokalnej);;;;;;Częściowe braki;przestarzała strona (nie na telefon);"nowa strona (mobile, HTTPS); witryna/szyld, druk (menu, ulotki), odzież dla personelu (do sprawdzenia na miejscu)";nie kontaktowano;OpenStreetMap (amenity=pub, node/2765282213);2026-10-10
Gastronomia;B;4;Bistro Le Goût;Eindhoven;Dommelstraat 32 5611CL;https://www.bistrolegout.nl/;PRZESTARZAŁA;tak;tak;2021;WordPress;Facebook, Instagram, LinkedIn;NIEUSTALONE (wymaga zdjęć lub wizji lokalnej);;;;;;Częściowe braki;przestarzała strona (stopka 2021);"nowa strona (mobile, HTTPS); witryna/szyld, druk (menu, ulotki), odzież dla personelu (do sprawdzenia na miejscu)";nie kontaktowano;OpenStreetMap (amenity=restaurant, node/2765159448);2026-10-10
Gastronomia;B;4;Boothuys;;;https://rofra.nl/eten-drinken/;OK;tak;tak;;WordPress;Facebook, Instagram;NIEUSTALONE (wymaga zdjęć lub wizji lokalnej);"rekrutuje; sklep online";;;;;Podstawy online OK;;"witryna/szyld, druk (menu, ulotki), odzież dla personelu (do sprawdzenia na miejscu); odzież/oklejenie dla nowych ludzi i aut";nie kontaktowano;OpenStreetMap (amenity=restaurant, node/13924032486);2026-10-10
Gastronomia;B;4;Boscafe van Moorsel;Lierop;Moorsel 1 5715PX;https://www.boscafevanmoorsel.nl;PRZESTARZAŁA;tak;tak;2015;WordPress;Instagram;NIEUSTALONE (wymaga zdjęć lub wizji lokalnej);;;;;;Częściowe braki;przestarzała strona (stopka 2015);"nowa strona (mobile, HTTPS); witryna/szyld, druk (menu, ulotki), odzież dla personelu (do sprawdzenia na miejscu)";nie kontaktowano;OpenStreetMap (amenity=cafe, node/2851337506);2026-10-10
Gastronomia;B;4;Cafetaria de Gentiaan;Son en Breugel;Amerikalaan 2a 5691KD;http://www.cafetariadegentiaan.nl;PRZESTARZAŁA;nie;tak;2015;WordPress;Facebook;NIEUSTALONE (wymaga zdjęć lub wizji lokalnej);;;;;;Częściowe braki;przestarzała strona (brak HTTPS, stopka 2015);"nowa strona (mobile, HTTPS); witryna/szyld, druk (menu, ulotki), odzież dla personelu (do sprawdzenia na miejscu)";nie kontaktowano;OpenStreetMap (amenity=fast_food, node/6558203669);2026-10-10
Gastronomia;B;4;Café Flip;Helmond;Peeleik 1 5704AP;https://cafeflip.nl/;OK;tak;tak;2026;Shopify;Facebook, Instagram, LinkedIn;NIEUSTALONE (wymaga zdjęć lub wizji lokalnej);"rekrutuje; sklep online";;;;;Podstawy online OK;;"witryna/szyld, druk (menu, ulotki), odzież dla personelu (do sprawdzenia na miejscu); odzież/oklejenie dla nowych ludzi i aut";nie kontaktowano;OpenStreetMap (amenity=bar, node/2902655956);2026-10-10
Gastronomia;B;4;Café Vingerhoeds;Oirschot;Oude Grintweg 90 5688MB;https://www.hoeve1827.nl/cafe-vingerhoeds;BŁĄD STRONY (do potwierdzenia);;;;;;NIEUSTALONE (wymaga zdjęć lub wizji lokalnej);;;;;;Duże braki online;strona zwróciła błąd (do potwierdzenia);"nowa/naprawiona strona; witryna/szyld, druk (menu, ulotki), odzież dla personelu (do sprawdzenia na miejscu)";nie kontaktowano;OpenStreetMap (amenity=cafe, node/2826098956) + wyszukiwarka;2026-10-10
Gastronomia;B;4;Coco Sushi & Noodles;Eindhoven;Kleine Berg 149 5611JT;https://www.cocosushi.nl/;PRZESTARZAŁA;tak;nie;;;Facebook;NIEUSTALONE (wymaga zdjęć lub wizji lokalnej);;;;;;Częściowe braki;przestarzała strona (nie na telefon);"nowa strona (mobile, HTTPS); witryna/szyld, druk (menu, ulotki), odzież dla personelu (do sprawdzenia na miejscu)";nie kontaktowano;OpenStreetMap (amenity=restaurant, node/5297635192);2026-10-10
Gastronomia;B;4;Cosy Foodbar;Eersel;Markt 9 5521AJ;https://www.cosyfoodbar.nl/;OK;tak;tak;2023;WordPress;;NIEUSTALONE (wymaga zdjęć lub wizji lokalnej);rekrutuje;;;;;Częściowe braki;nie znaleziono social media na stronie;"materiały do social media; witryna/szyld, druk (menu, ulotki), odzież dla personelu (do sprawdzenia na miejscu); odzież/oklejenie dla nowych ludzi i aut";nie kontaktowano;OpenStreetMap (amenity=restaurant, node/2828645427);2026-10-10
Gastronomia;B;4;D'n Hut;Wintelre;Oirschotsedijk 52 5513NR;https://www.denhut.nl;OK;tak;tak;2026;WordPress;Facebook, Instagram;NIEUSTALONE (wymaga zdjęć lub wizji lokalnej);"rekrutuje; sklep online";;;;;Podstawy online OK;;"witryna/szyld, druk (menu, ulotki), odzież dla personelu (do sprawdzenia na miejscu); odzież/oklejenie dla nowych ludzi i aut";nie kontaktowano;OpenStreetMap (amenity=restaurant, node/2828580100);2026-10-10
Gastronomia;B;4;De Borrelbar;Eindhoven;Stratumseind 47 5611EP;https://deborrelbar.com/;OK;tak;tak;2022;WordPress;Facebook;NIEUSTALONE (wymaga zdjęć lub wizji lokalnej);"rekrutuje; sklep online";;;;;Podstawy online OK;;"witryna/szyld, druk (menu, ulotki), odzież dla personelu (do sprawdzenia na miejscu); odzież/oklejenie dla nowych ludzi i aut";nie kontaktowano;OpenStreetMap (amenity=pub, node/2765282745);2026-10-10
Gastronomia;B;4;De Broeders;Sterksel;Dokter Ruttenpark 6 6029TK;https://debroeders.com;PRZESTARZAŁA;tak;tak;2016;WordPress;Facebook, Instagram, LinkedIn;NIEUSTALONE (wymaga zdjęć lub wizji lokalnej);;;;;;Częściowe braki;przestarzała strona (stopka 2016);"nowa strona (mobile, HTTPS); witryna/szyld, druk (menu, ulotki), odzież dla personelu (do sprawdzenia na miejscu)";nie kontaktowano;OpenStreetMap (amenity=restaurant, node/4449392869);2026-10-10
Gastronomia;B;4;De Gelagkamer;Oirschot;Rijkesluisstraat 1 5688EC;https://www.gelagkamer.nl/;OK;tak;tak;;;;NIEUSTALONE (wymaga zdjęć lub wizji lokalnej);rekrutuje;;;;;Częściowe braki;nie znaleziono social media na stronie;"materiały do social media; witryna/szyld, druk (menu, ulotki), odzież dla personelu (do sprawdzenia na miejscu); odzież/oklejenie dla nowych ludzi i aut";nie kontaktowano;OpenStreetMap (amenity=restaurant, node/2825993903);2026-10-10
Gastronomia;B;4;De Gouden Leeuw;Bakel;Sint Wilbertsplein 1a 5761BK;https://www.gasterijdegoudenleeuw.nl/;BŁĄD STRONY (do potwierdzenia);;;;;;NIEUSTALONE (wymaga zdjęć lub wizji lokalnej);;;;;;Duże braki online;strona zwróciła błąd (do potwierdzenia);"nowa/naprawiona strona; witryna/szyld, druk (menu, ulotki), odzież dla personelu (do sprawdzenia na miejscu)";nie kontaktowano;OpenStreetMap (amenity=restaurant, node/3014827863);2026-10-10
Gastronomia;B;4;De Orchidee;Eindhoven;De Stoutheuvel 14 5632MR;https://www.restaurantdeorchidee.nl/;PRZESTARZAŁA;tak;tak;2015;WordPress;Facebook, Instagram, LinkedIn, TikTok;NIEUSTALONE (wymaga zdjęć lub wizji lokalnej);;;;;;Częściowe braki;przestarzała strona (stopka 2015);"nowa strona (mobile, HTTPS); witryna/szyld, druk (menu, ulotki), odzież dla personelu (do sprawdzenia na miejscu)";nie kontaktowano;OpenStreetMap (amenity=restaurant, node/1707751502);2026-10-10
Gastronomia;B;4;De Soete Inval;Someren;Bosrandweg 6 5711RJ;https://www.soeteinval.nl;OK;tak;tak;;Wix;;NIEUSTALONE (wymaga zdjęć lub wizji lokalnej);rekrutuje;;;;;Częściowe braki;nie znaleziono social media na stronie;"materiały do social media; witryna/szyld, druk (menu, ulotki), odzież dla personelu (do sprawdzenia na miejscu); odzież/oklejenie dla nowych ludzi i aut";nie kontaktowano;OpenStreetMap (amenity=restaurant, node/4572153924);2026-10-10
Gastronomia;B;4;De Wildeman;Eindhoven;Markt 10 5611EB;https://www.wildemaneindhoven.nl;BŁĄD STRONY (do potwierdzenia);;;;;;NIEUSTALONE (wymaga zdjęć lub wizji lokalnej);;;;;;Duże braki online;strona zwróciła błąd (do potwierdzenia);"nowa/naprawiona strona; witryna/szyld, druk (menu, ulotki), odzież dla personelu (do sprawdzenia na miejscu)";nie kontaktowano;OpenStreetMap (amenity=cafe, node/1886079811);2026-10-10
Gastronomia;B;4;De Wok;Veldhoven;Heuvel 15A 5502AJ;https://www.dewokveldhoven.nl/;OK;tak;tak;2026;;;NIEUSTALONE (wymaga zdjęć lub wizji lokalnej);sklep online;;;;;Częściowe braki;nie znaleziono social media na stronie;"materiały do social media; witryna/szyld, druk (menu, ulotki), odzież dla personelu (do sprawdzenia na miejscu)";nie kontaktowano;OpenStreetMap (amenity=restaurant, node/2833323130);2026-10-10
Gastronomia;B;4;Den Heijkant;;;https://www.erfgoedlogiesdenheijkant.nl;BŁĄD STRONY (do potwierdzenia);;;;;;NIEUSTALONE (wymaga zdjęć lub wizji lokalnej);;;;;;Duże braki online;strona zwróciła błąd (do potwierdzenia);"nowa/naprawiona strona; witryna/szyld, druk (menu, ulotki), odzież dla personelu (do sprawdzenia na miejscu)";nie kontaktowano;OpenStreetMap (amenity=cafe, way/992531562);2026-10-10
Gastronomia;B;4;Denheuvel;Mierlo;Heuvel 2 5731AM;https://www.denheuvel.nl;OK;tak;tak;2026;;;NIEUSTALONE (wymaga zdjęć lub wizji lokalnej);rekrutuje;;;;;Częściowe braki;nie znaleziono social media na stronie;"materiały do social media; witryna/szyld, druk (menu, ulotki), odzież dla personelu (do sprawdzenia na miejscu); odzież/oklejenie dla nowych ludzi i aut";nie kontaktowano;OpenStreetMap (amenity=restaurant, node/2876514181);2026-10-10
Gastronomia;B;4;Döner King;Helmond;Noord Koninginnewal 13 5701NJ;https://donerkinghelmond.nl/;OK;tak;tak;;;;NIEUSTALONE (wymaga zdjęć lub wizji lokalnej);sklep online;;;;;Częściowe braki;nie znaleziono social media na stronie;"materiały do social media; witryna/szyld, druk (menu, ulotki), odzież dla personelu (do sprawdzenia na miejscu)";nie kontaktowano;OpenStreetMap (amenity=fast_food, node/2903866697);2026-10-10
Gastronomia;B;4;Eetcafé de Sleutel;Valkenswaard;Markt 20 5554CC;https://www.eetcafedesleutel.nl/;OK;tak;tak;2026;WordPress;Facebook;NIEUSTALONE (wymaga zdjęć lub wizji lokalnej);"rekrutuje; sklep online";;;;;Podstawy online OK;;"witryna/szyld, druk (menu, ulotki), odzież dla personelu (do sprawdzenia na miejscu); odzież/oklejenie dla nowych ludzi i aut";nie kontaktowano;OpenStreetMap (amenity=bar, node/1345799212);2026-10-10
Gastronomia;B;4;Eethuis Zeelst;Veldhoven;Heuvel 44 5502AL;https://www.eethuiszeelst.nl/;OK;tak;tak;;;;NIEUSTALONE (wymaga zdjęć lub wizji lokalnej);sklep online;;;;;Częściowe braki;nie znaleziono social media na stronie;"materiały do social media; witryna/szyld, druk (menu, ulotki), odzież dla personelu (do sprawdzenia na miejscu)";nie kontaktowano;OpenStreetMap (amenity=restaurant, node/2833324599);2026-10-10
Gastronomia;B;4;FoodGallery;Eindhoven;Stratumseind 77 5611ER;http://foodgallery040.nl/;PRZESTARZAŁA;nie;tak;2023;;YouTube;NIEUSTALONE (wymaga zdjęć lub wizji lokalnej);;;;;;Częściowe braki;przestarzała strona (brak HTTPS);"nowa strona (mobile, HTTPS); witryna/szyld, druk (menu, ulotki), odzież dla personelu (do sprawdzenia na miejscu)";nie kontaktowano;OpenStreetMap (amenity=restaurant, node/5071827387);2026-10-10
Gastronomia;B;4;Foodgasm Delivery;Eindhoven;Grote Berg 23 5611KH;https://www.foodgasm.cafe;BŁĄD STRONY (do potwierdzenia);;;;;;NIEUSTALONE (wymaga zdjęć lub wizji lokalnej);;;;;;Duże braki online;strona zwróciła błąd (do potwierdzenia);"nowa/naprawiona strona; witryna/szyld, druk (menu, ulotki), odzież dla personelu (do sprawdzenia na miejscu)";nie kontaktowano;OpenStreetMap (amenity=restaurant, node/2764285157);2026-10-10
Gastronomia;B;4;Friet Zaken;Sint-Oedenrode;Eerschotsestraat 92 5491AD;https://www.defrietzaken.nl/;OK;tak;tak;;WordPress;;NIEUSTALONE (wymaga zdjęć lub wizji lokalnej);rekrutuje;;;;;Częściowe braki;nie znaleziono social media na stronie;"materiały do social media; witryna/szyld, druk (menu, ulotki), odzież dla personelu (do sprawdzenia na miejscu); odzież/oklejenie dla nowych ludzi i aut";nie kontaktowano;OpenStreetMap (amenity=fast_food, node/471578059);2026-10-10
Gastronomia;B;4;Het Wapen van Liempde;Liempde;Raadhuisplein 4 5298CD;http://www.wapenvanliempde.nl;PRZESTARZAŁA;nie;tak;2026;;Facebook, Instagram;NIEUSTALONE (wymaga zdjęć lub wizji lokalnej);;;;;;Częściowe braki;przestarzała strona (brak HTTPS);"nowa strona (mobile, HTTPS); witryna/szyld, druk (menu, ulotki), odzież dla personelu (do sprawdzenia na miejscu)";nie kontaktowano;OpenStreetMap (amenity=cafe, node/2792001336);2026-10-10
Gastronomia;B;4;Hoeve de Nachtegaal;Wintelre;Merenweg 1 5513NZ;https://hoevedenachtegaal.nl;BŁĄD STRONY (do potwierdzenia);;;;;;NIEUSTALONE (wymaga zdjęć lub wizji lokalnej);;;;;;Duże braki online;strona zwróciła błąd (do potwierdzenia);"nowa/naprawiona strona; witryna/szyld, druk (menu, ulotki), odzież dla personelu (do sprawdzenia na miejscu)";nie kontaktowano;OpenStreetMap (amenity=restaurant, node/2828529009);2026-10-10
Gastronomia;B;4;Hotel Centraal;Someren;Wilhelminaplein 3 5711EK;https://www.hotelcentraal.nl;PRZESTARZAŁA;tak;tak;2018;WordPress;Facebook;NIEUSTALONE (wymaga zdjęć lub wizji lokalnej);;;;;;Częściowe braki;przestarzała strona (stopka 2018);"nowa strona (mobile, HTTPS); witryna/szyld, druk (menu, ulotki), odzież dla personelu (do sprawdzenia na miejscu)";nie kontaktowano;OpenStreetMap (amenity=restaurant, node/2852577756);2026-10-10
Gastronomia;B;4;Hut van Mie Pils;Waalre;Leenderweg 1 5583TC;https://www.hutvanmiepils.nl;OK;tak;tak;;WordPress;;NIEUSTALONE (wymaga zdjęć lub wizji lokalnej);rekrutuje;;;;;Częściowe braki;nie znaleziono social media na stronie;"materiały do social media; witryna/szyld, druk (menu, ulotki), odzież dla personelu (do sprawdzenia na miejscu); odzież/oklejenie dla nowych ludzi i aut";nie kontaktowano;OpenStreetMap (amenity=cafe, node/2929747285);2026-10-10
Gastronomia;B;4;Indonesia;Son en Breugel;Nieuwstraat 37 5691AA;https://indonesiason.nl/;OK;tak;tak;;WordPress;;NIEUSTALONE (wymaga zdjęć lub wizji lokalnej);sklep online;;;;;Częściowe braki;nie znaleziono social media na stronie;"materiały do social media; witryna/szyld, druk (menu, ulotki), odzież dla personelu (do sprawdzenia na miejscu)";nie kontaktowano;OpenStreetMap (amenity=restaurant, node/2792749657);2026-10-10
Gastronomia;B;4;Jian-An;Eindhoven;'t Hofke 37 5641AH;https://www.jianan.nl;OK;tak;tak;2026;;;NIEUSTALONE (wymaga zdjęć lub wizji lokalnej);rekrutuje;;;;;Częściowe braki;nie znaleziono social media na stronie;"materiały do social media; witryna/szyld, druk (menu, ulotki), odzież dla personelu (do sprawdzenia na miejscu); odzież/oklejenie dla nowych ludzi i aut";nie kontaktowano;OpenStreetMap (amenity=restaurant, node/2770509421);2026-10-10
Gastronomia;B;4;Kwan kookt Thais;Helmond;Molenstraat 161 5701KC;http://kwan.kooktthais.nl/;PRZESTARZAŁA;tak;nie;2010;;Facebook;NIEUSTALONE (wymaga zdjęć lub wizji lokalnej);;;;;;Częściowe braki;przestarzała strona (nie na telefon, stopka 2010);"nowa strona (mobile, HTTPS); witryna/szyld, druk (menu, ulotki), odzież dla personelu (do sprawdzenia na miejscu)";nie kontaktowano;OpenStreetMap (amenity=restaurant, node/2903869540);2026-10-10
Gastronomia;B;4;Kyoto;Eindhoven;St Antoniusstraat 18 5616RT;https://www.sushi2go.nl/;OK;tak;tak;;;;NIEUSTALONE (wymaga zdjęć lub wizji lokalnej);rekrutuje;;;;;Częściowe braki;nie znaleziono social media na stronie;"materiały do social media; witryna/szyld, druk (menu, ulotki), odzież dla personelu (do sprawdzenia na miejscu); odzież/oklejenie dla nowych ludzi i aut";nie kontaktowano;OpenStreetMap (amenity=restaurant, node/2754062821);2026-10-10
Gastronomia;B;4;La Cafetera;Geldrop;Molenstraat 1 5664HV;https://www.lacafetera.nl/;OK;tak;tak;;Wix;;NIEUSTALONE (wymaga zdjęć lub wizji lokalnej);rekrutuje;;;;;Częściowe braki;nie znaleziono social media na stronie;"materiały do social media; witryna/szyld, druk (menu, ulotki), odzież dla personelu (do sprawdzenia na miejscu); odzież/oklejenie dla nowych ludzi i aut";nie kontaktowano;OpenStreetMap (amenity=restaurant, node/2872352364);2026-10-10
Gastronomia;B;4;Las Salinas;Veldhoven;Burgemeester van Hooffln 157 5503BL;https://lassalinas.nl/;PRZESTARZAŁA;tak;tak;2015;WordPress;Facebook, Instagram;NIEUSTALONE (wymaga zdjęć lub wizji lokalnej);;;;;;Częściowe braki;przestarzała strona (stopka 2015);"nowa strona (mobile, HTTPS); witryna/szyld, druk (menu, ulotki), odzież dla personelu (do sprawdzenia na miejscu)";nie kontaktowano;OpenStreetMap (amenity=restaurant, node/2832699552);2026-10-10
Gastronomia;B;4;Lilie;Helmond;Hoofdstraat 140 5706AN;http://www.liliesushi.nl;PRZESTARZAŁA;nie;nie;;;Facebook;NIEUSTALONE (wymaga zdjęć lub wizji lokalnej);;;;;;Częściowe braki;przestarzała strona (brak HTTPS, nie na telefon);"nowa strona (mobile, HTTPS); witryna/szyld, druk (menu, ulotki), odzież dla personelu (do sprawdzenia na miejscu)";nie kontaktowano;OpenStreetMap (amenity=restaurant, node/2901555287);2026-10-10
Gastronomia;B;4;Lucie Cocina Bar;Eindhoven;Kleine Berg 34B 5611JV;https://lucie-cocina.bar;OK;tak;tak;;WordPress;Facebook, Instagram;NIEUSTALONE (wymaga zdjęć lub wizji lokalnej);"rekrutuje; nowa lokalizacja";;;;;Podstawy online OK;;"witryna/szyld, druk (menu, ulotki), odzież dla personelu (do sprawdzenia na miejscu); odzież/oklejenie dla nowych ludzi i aut; oznakowanie nowej lokalizacji / start marki";nie kontaktowano;OpenStreetMap (amenity=restaurant, node/1886079757);2026-10-10
Gastronomia;B;4;Lundi;Eindhoven;Karel de Grotelaan 341 5654NN;https://www.lundi.nl/;OK;tak;tak;2026;Wix;;NIEUSTALONE (wymaga zdjęć lub wizji lokalnej);rekrutuje;;;;;Częściowe braki;nie znaleziono social media na stronie;"materiały do social media; witryna/szyld, druk (menu, ulotki), odzież dla personelu (do sprawdzenia na miejscu); odzież/oklejenie dla nowych ludzi i aut";nie kontaktowano;OpenStreetMap (amenity=restaurant, node/2251243975);2026-10-10
Gastronomia;B;4;Mainstreet;Eindhoven;Stationsplein 2 5611AB;http://mainstreeteindhoven.nl;OK;tak;tak;;WordPress;;NIEUSTALONE (wymaga zdjęć lub wizji lokalnej);rekrutuje;;;;;Częściowe braki;nie znaleziono social media na stronie;"materiały do social media; witryna/szyld, druk (menu, ulotki), odzież dla personelu (do sprawdzenia na miejscu); odzież/oklejenie dla nowych ludzi i aut";nie kontaktowano;OpenStreetMap (amenity=pub, node/2765159060);2026-10-10
Gastronomia;B;4;Memories of Damascus;;;https://www.memoriesofdamascus.nl/restaurant;BŁĄD STRONY (do potwierdzenia);;;;;;NIEUSTALONE (wymaga zdjęć lub wizji lokalnej);;;;;;Duże braki online;strona zwróciła błąd (do potwierdzenia);"nowa/naprawiona strona; witryna/szyld, druk (menu, ulotki), odzież dla personelu (do sprawdzenia na miejscu)";nie kontaktowano;OpenStreetMap (amenity=restaurant, node/12702442448);2026-10-10
Gastronomia;B;4;Montana Creek;;;https://www.montanacreek.nl/;OK;tak;tak;;Wix;;NIEUSTALONE (wymaga zdjęć lub wizji lokalnej);rekrutuje;;;;;Częściowe braki;nie znaleziono social media na stronie;"materiały do social media; witryna/szyld, druk (menu, ulotki), odzież dla personelu (do sprawdzenia na miejscu); odzież/oklejenie dla nowych ludzi i aut";nie kontaktowano;OpenStreetMap (amenity=restaurant, node/13255656622);2026-10-10
Gastronomia;B;4;Mout en Hout;Vessem;Jan Smuldersstraat 24 5512AZ;https://www.moutenhout.nl;OK;tak;tak;;WordPress;;NIEUSTALONE (wymaga zdjęć lub wizji lokalnej);rekrutuje;;;;;Częściowe braki;nie znaleziono social media na stronie;"materiały do social media; witryna/szyld, druk (menu, ulotki), odzież dla personelu (do sprawdzenia na miejscu); odzież/oklejenie dla nowych ludzi i aut";nie kontaktowano;OpenStreetMap (amenity=restaurant, node/319587976);2026-10-10
Gastronomia;B;4;Mr Kebab;Eindhoven;Donizettilaan 39 5653BA;https://www.mrkebab.nl/;OK;tak;tak;;;;NIEUSTALONE (wymaga zdjęć lub wizji lokalnej);sklep online;;;;;Częściowe braki;nie znaleziono social media na stronie;"materiały do social media; witryna/szyld, druk (menu, ulotki), odzież dla personelu (do sprawdzenia na miejscu)";nie kontaktowano;OpenStreetMap (amenity=restaurant, node/2717070028);2026-10-10
Gastronomia;B;4;New Oriental;Nuenen;Vincent van Goghplein 99 5671DV;https://neworiental.nl;OK;tak;tak;;WordPress;;NIEUSTALONE (wymaga zdjęć lub wizji lokalnej);sklep online;;;;;Częściowe braki;nie znaleziono social media na stronie;"materiały do social media; witryna/szyld, druk (menu, ulotki), odzież dla personelu (do sprawdzenia na miejscu)";nie kontaktowano;OpenStreetMap (amenity=restaurant, node/39557973);2026-10-10
Gastronomia;B;4;Nonsense;Bergeijk;Kleine Witrijt 3b 5571XE;https://www.domein-dekleinewitrijt.nl/nonsense/;BŁĄD STRONY (do potwierdzenia);;;;;;NIEUSTALONE (wymaga zdjęć lub wizji lokalnej);;;;;;Duże braki online;strona zwróciła błąd (do potwierdzenia);"nowa/naprawiona strona; witryna/szyld, druk (menu, ulotki), odzież dla personelu (do sprawdzenia na miejscu)";nie kontaktowano;OpenStreetMap (amenity=restaurant, node/4631693997);2026-10-10
Gastronomia;B;4;Pakshala;Eindhoven;Tongelresestraat 87 5613DC;http://flavoursofindia.nl;PRZESTARZAŁA;nie;tak;;WordPress;Instagram, YouTube;NIEUSTALONE (wymaga zdjęć lub wizji lokalnej);;;;;;Częściowe braki;przestarzała strona (brak HTTPS);"nowa strona (mobile, HTTPS); witryna/szyld, druk (menu, ulotki), odzież dla personelu (do sprawdzenia na miejscu)";nie kontaktowano;OpenStreetMap (amenity=restaurant, node/2762155614);2026-10-10
Gastronomia;B;4;Pharao Grillroom;Helmond;Noord Koninginnewal 89 5701NJ;https://www.pharaohelmond.nl/;OK;tak;tak;;;;NIEUSTALONE (wymaga zdjęć lub wizji lokalnej);sklep online;;;;;Częściowe braki;nie znaleziono social media na stronie;"materiały do social media; witryna/szyld, druk (menu, ulotki), odzież dla personelu (do sprawdzenia na miejscu)";nie kontaktowano;OpenStreetMap (amenity=restaurant, node/2903879169);2026-10-10
Gastronomia;B;4;Publiek;Eindhoven;Markt 20 5611EC;https://www.publiekfooddrinks.nl;PRZESTARZAŁA;tak;nie;2026;;Facebook, Instagram;NIEUSTALONE (wymaga zdjęć lub wizji lokalnej);;;;;;Częściowe braki;przestarzała strona (nie na telefon);"nowa strona (mobile, HTTPS); witryna/szyld, druk (menu, ulotki), odzież dla personelu (do sprawdzenia na miejscu)";nie kontaktowano;OpenStreetMap (amenity=restaurant, node/2765368077);2026-10-10
Gastronomia;B;4;Radegast;Eindhoven;Clausplein 6 5611XP;https://www.radegast040.nl/;OK;tak;tak;;WordPress;;NIEUSTALONE (wymaga zdjęć lub wizji lokalnej);rekrutuje;;;;;Częściowe braki;nie znaleziono social media na stronie;"materiały do social media; witryna/szyld, druk (menu, ulotki), odzież dla personelu (do sprawdzenia na miejscu); odzież/oklejenie dla nowych ludzi i aut";nie kontaktowano;OpenStreetMap (amenity=restaurant, node/2764501038);2026-10-10
Gastronomia;B;4;Ratatouille;Hoogeloon;Hoofdstraat 12B 5528AJ;https://ratatouille-hoogeloon.nl/;PRZESTARZAŁA;tak;tak;2015;WordPress;Facebook, Instagram;NIEUSTALONE (wymaga zdjęć lub wizji lokalnej);;;;;;Częściowe braki;przestarzała strona (stopka 2015);"nowa strona (mobile, HTTPS); witryna/szyld, druk (menu, ulotki), odzież dla personelu (do sprawdzenia na miejscu)";nie kontaktowano;OpenStreetMap (amenity=restaurant, node/2827178719);2026-10-10
Gastronomia;B;4;Restaurant de Bengel Nuenen;Nuenen;Vincent van Goghplein 95 5671DV;https://www.debengel.com/restaurants/nuenen;OK;tak;tak;;WordPress;;NIEUSTALONE (wymaga zdjęć lub wizji lokalnej);rekrutuje;;;;;Częściowe braki;nie znaleziono social media na stronie;"materiały do social media; witryna/szyld, druk (menu, ulotki), odzież dla personelu (do sprawdzenia na miejscu); odzież/oklejenie dla nowych ludzi i aut";nie kontaktowano;OpenStreetMap (amenity=restaurant, node/45077103) + wyszukiwarka;2026-10-10
Gastronomia;B;4;Restaurant Grotel's Genieten;Bakel;Grotel 5 5761RA;https://www.grotelsgenieten.nl/;PRZESTARZAŁA;tak;tak;2021;WordPress;Facebook, Instagram;NIEUSTALONE (wymaga zdjęć lub wizji lokalnej);;;;;;Częściowe braki;przestarzała strona (stopka 2021);"nowa strona (mobile, HTTPS); witryna/szyld, druk (menu, ulotki), odzież dla personelu (do sprawdzenia na miejscu)";nie kontaktowano;OpenStreetMap (amenity=restaurant, node/2399540983);2026-10-10
Gastronomia;B;4;Ruurhoeve;Hoogeloon;Dominépad 7 5528NC;https://ruurhoeve.nl;OK;tak;tak;;WordPress;Facebook, Instagram;NIEUSTALONE (wymaga zdjęć lub wizji lokalnej);"rekrutuje; sklep online";;;;;Podstawy online OK;;"witryna/szyld, druk (menu, ulotki), odzież dla personelu (do sprawdzenia na miejscu); odzież/oklejenie dla nowych ludzi i aut";nie kontaktowano;OpenStreetMap (amenity=cafe, node/2827193699) + wyszukiwarka;2026-10-10
Gastronomia;B;4;Saigon Kitchen;Eindhoven;Kerkstraat 30 5611GK;https://www.saigonkitchen.nl/;BŁĄD STRONY (do potwierdzenia);;;;;;NIEUSTALONE (wymaga zdjęć lub wizji lokalnej);;;;;;Duże braki online;strona zwróciła błąd (do potwierdzenia);"nowa/naprawiona strona; witryna/szyld, druk (menu, ulotki), odzież dla personelu (do sprawdzenia na miejscu)";nie kontaktowano;OpenStreetMap (amenity=restaurant, node/6558294776);2026-10-10
Gastronomia;B;4;Snackbar de Mert;Waalre;Markt 23a 5581GK;https://homemadefriet.nl/;PRZESTARZAŁA;tak;tak;2021;WordPress;Facebook, Instagram;NIEUSTALONE (wymaga zdjęć lub wizji lokalnej);;;;;;Częściowe braki;przestarzała strona (stopka 2021);"nowa strona (mobile, HTTPS); witryna/szyld, druk (menu, ulotki), odzież dla personelu (do sprawdzenia na miejscu)";nie kontaktowano;OpenStreetMap (amenity=fast_food, node/2931188627);2026-10-10
Gastronomia;B;4;Snackcentrum Gemert;Gemert;Wijst 50 5422BS;https://snackcentrumgemert.nl/;OK;tak;tak;2026;;;NIEUSTALONE (wymaga zdjęć lub wizji lokalnej);sklep online;;;;;Częściowe braki;nie znaleziono social media na stronie;"materiały do social media; witryna/szyld, druk (menu, ulotki), odzież dla personelu (do sprawdzenia na miejscu)";nie kontaktowano;OpenStreetMap (amenity=fast_food, node/3005553421);2026-10-10
Gastronomia;B;4;St. Lambert;Helmond;Markt 2 5701RK;https://www.st-lambert.nl/restaurant/;OK;tak;tak;;WordPress;;NIEUSTALONE (wymaga zdjęć lub wizji lokalnej);rekrutuje;;;;;Częściowe braki;nie znaleziono social media na stronie;"materiały do social media; witryna/szyld, druk (menu, ulotki), odzież dla personelu (do sprawdzenia na miejscu); odzież/oklejenie dla nowych ludzi i aut";nie kontaktowano;OpenStreetMap (amenity=restaurant, node/448541728);2026-10-10
Gastronomia;B;4;Strandhuys Zuyver;Eersel;Buivensedreef 10 5521RN;https://beachclub-zuyver.business.site/;BŁĄD STRONY (do potwierdzenia);;;;;;NIEUSTALONE (wymaga zdjęć lub wizji lokalnej);;;;;;Duże braki online;strona zwróciła błąd (do potwierdzenia);"nowa/naprawiona strona; witryna/szyld, druk (menu, ulotki), odzież dla personelu (do sprawdzenia na miejscu)";nie kontaktowano;OpenStreetMap (amenity=restaurant, node/2828664624);2026-10-10
Gastronomia;B;4;Stratum Centraal;Eindhoven;Hortensiastraat 4 5644KP;https://www.stratumcentraal.nl;BŁĄD STRONY (do potwierdzenia);;;;;;NIEUSTALONE (wymaga zdjęć lub wizji lokalnej);;;;;;Duże braki online;strona zwróciła błąd (do potwierdzenia);"nowa/naprawiona strona; witryna/szyld, druk (menu, ulotki), odzież dla personelu (do sprawdzenia na miejscu)";nie kontaktowano;OpenStreetMap (amenity=cafe, node/2739446912);2026-10-10
Gastronomia;B;4;Surya;Eindhoven;Geldropseweg 20A 5611SH;https://suryarestaurant.nl/nl/indiaas-restaurant-eindhoven/;OK;tak;tak;2026;WordPress;Instagram;NIEUSTALONE (wymaga zdjęć lub wizji lokalnej);"rekrutuje; sklep online";;;;;Podstawy online OK;;"witryna/szyld, druk (menu, ulotki), odzież dla personelu (do sprawdzenia na miejscu); odzież/oklejenie dla nowych ludzi i aut";nie kontaktowano;OpenStreetMap (amenity=restaurant, node/13460261902);2026-10-10
Gastronomia;B;4;Sushi Haru;Eindhoven;Nieuwstraat 12 5611DB;https://sushiharu.nl;PRZESTARZAŁA;tak;tak;2015;WordPress;Facebook, Instagram;NIEUSTALONE (wymaga zdjęć lub wizji lokalnej);;;;;;Częściowe braki;przestarzała strona (stopka 2015);"nowa strona (mobile, HTTPS); witryna/szyld, druk (menu, ulotki), odzież dla personelu (do sprawdzenia na miejscu)";nie kontaktowano;OpenStreetMap (amenity=restaurant, node/2765447086);2026-10-10
Gastronomia;B;4;Taphuys;Eindhoven;Stationsplein 4 5611AB;https://www.taphuys.nl/eindhoven;OK;tak;tak;2022;Lightspeed;;NIEUSTALONE (wymaga zdjęć lub wizji lokalnej);rekrutuje;;;;;Częściowe braki;nie znaleziono social media na stronie;"materiały do social media; witryna/szyld, druk (menu, ulotki), odzież dla personelu (do sprawdzenia na miejscu); odzież/oklejenie dla nowych ludzi i aut";nie kontaktowano;OpenStreetMap (amenity=pub, node/3446865808);2026-10-10
Gastronomia;B;4;THE TABLE by PIPPENS;Eindhoven;Philitelaan 61-01 5617AL;https://www.pippens.nl;PRZESTARZAŁA;tak;tak;2015;WordPress;Facebook, Instagram;NIEUSTALONE (wymaga zdjęć lub wizji lokalnej);;;;;;Częściowe braki;przestarzała strona (stopka 2015);"nowa strona (mobile, HTTPS); witryna/szyld, druk (menu, ulotki), odzież dla personelu (do sprawdzenia na miejscu)";nie kontaktowano;OpenStreetMap (amenity=restaurant, node/4635876270);2026-10-10
Gastronomia;B;4;The Trafalgar Pub;Eindhoven;Dommelstraat 21 5611CJ;https://www.thetrafalgarpub.nl/;OK;tak;tak;2026;;;NIEUSTALONE (wymaga zdjęć lub wizji lokalnej);rekrutuje;;;;;Częściowe braki;nie znaleziono social media na stronie;"materiały do social media; witryna/szyld, druk (menu, ulotki), odzież dla personelu (do sprawdzenia na miejscu); odzież/oklejenie dla nowych ludzi i aut";nie kontaktowano;OpenStreetMap (amenity=pub, node/662613235);2026-10-10
Gastronomia;B;4;Tipsy Duck Pub;Eindhoven;Stratumseind 26 5611ET;https://tipsyduck.nl/;BŁĄD STRONY (do potwierdzenia);;;;;Facebook;NIEUSTALONE (wymaga zdjęć lub wizji lokalnej);;;;;;Duże braki online;strona zwróciła błąd (do potwierdzenia);"nowa/naprawiona strona; witryna/szyld, druk (menu, ulotki), odzież dla personelu (do sprawdzenia na miejscu)";nie kontaktowano;OpenStreetMap (amenity=pub, node/2765281801);2026-10-10
Gastronomia;B;4;Tong Ah;Nuenen;Park 45 5671GB;https://tongah-nuenen.nl/;PRZESTARZAŁA;tak;tak;2020;WordPress;Facebook;NIEUSTALONE (wymaga zdjęć lub wizji lokalnej);;;;;;Częściowe braki;przestarzała strona (stopka 2020);"nowa strona (mobile, HTTPS); witryna/szyld, druk (menu, ulotki), odzież dla personelu (do sprawdzenia na miejscu)";nie kontaktowano;OpenStreetMap (amenity=restaurant, node/54683344);2026-10-10
Gastronomia;B;4;Tony's;Eindhoven;Nieuwstraat 7C 5611DA;https://tonyswok.nl/;OK;tak;tak;;WordPress;;NIEUSTALONE (wymaga zdjęć lub wizji lokalnej);rekrutuje;;;;;Częściowe braki;nie znaleziono social media na stronie;"materiały do social media; witryna/szyld, druk (menu, ulotki), odzież dla personelu (do sprawdzenia na miejscu); odzież/oklejenie dla nowych ludzi i aut";nie kontaktowano;OpenStreetMap (amenity=restaurant, node/2765369277);2026-10-10
Gastronomia;B;4;Usta Döner;Eindhoven;Kruisstraat 95A 5612CE;https://ustadoner.nl/;BŁĄD STRONY (do potwierdzenia);;;;;;NIEUSTALONE (wymaga zdjęć lub wizji lokalnej);;;;;;Duże braki online;strona zwróciła błąd (do potwierdzenia);"nowa/naprawiona strona; witryna/szyld, druk (menu, ulotki), odzież dla personelu (do sprawdzenia na miejscu)";nie kontaktowano;OpenStreetMap (amenity=fast_food, node/2777943666);2026-10-10
Gastronomia;B;4;Vito Bar & Cucina;Oost West en Middelbeers;Willibrordstraat 12 5091CD;https://vito-middelbeers.nl/;OK;tak;tak;;;;NIEUSTALONE (wymaga zdjęć lub wizji lokalnej);rekrutuje;;;;;Częściowe braki;nie znaleziono social media na stronie;"materiały do social media; witryna/szyld, druk (menu, ulotki), odzież dla personelu (do sprawdzenia na miejscu); odzież/oklejenie dla nowych ludzi i aut";nie kontaktowano;OpenStreetMap (amenity=restaurant, node/2825994316);2026-10-10
Gastronomia;B;4;WAW Burger;Eindhoven;Woenselse Markt 19 5612CR;https://wawburger.nl/;OK;tak;tak;2026;Shopify;Facebook, Instagram, TikTok;NIEUSTALONE (wymaga zdjęć lub wizji lokalnej);"rekrutuje; sklep online";;;;;Podstawy online OK;;"witryna/szyld, druk (menu, ulotki), odzież dla personelu (do sprawdzenia na miejscu); odzież/oklejenie dla nowych ludzi i aut";nie kontaktowano;OpenStreetMap (amenity=fast_food, node/2778292460);2026-10-10
Gastronomia;B;4;Wiesen;Eindhoven;Kleine Berg 10 5611JV;https://www.wiesen-restaurant.nl;OK;tak;tak;;;;NIEUSTALONE (wymaga zdjęć lub wizji lokalnej);rekrutuje;;;;;Częściowe braki;nie znaleziono social media na stronie;"materiały do social media; witryna/szyld, druk (menu, ulotki), odzież dla personelu (do sprawdzenia na miejscu); odzież/oklejenie dla nowych ludzi i aut";nie kontaktowano;OpenStreetMap (amenity=restaurant, node/2764371133);2026-10-10
Gastronomia;B;4;Wilhelmina kebab;Best;Wilhelminaplein 20A 5684VL;https://wilhelminakebab.nl;OK;tak;tak;;;;NIEUSTALONE (wymaga zdjęć lub wizji lokalnej);sklep online;;;;;Częściowe braki;nie znaleziono social media na stronie;"materiały do social media; witryna/szyld, druk (menu, ulotki), odzież dla personelu (do sprawdzenia na miejscu)";nie kontaktowano;OpenStreetMap (amenity=restaurant, node/2736328706);2026-10-10
Gastronomia;B;4;Winkelcafe Carpe Diem;Waalre;Willibrorduslaan 14 5581GE;https://winkelcafecarpediem.nl/;BŁĄD STRONY (do potwierdzenia);;;;;;NIEUSTALONE (wymaga zdjęć lub wizji lokalnej);;;;;;Duże braki online;strona zwróciła błąd (do potwierdzenia);"nowa/naprawiona strona; witryna/szyld, druk (menu, ulotki), odzież dla personelu (do sprawdzenia na miejscu)";nie kontaktowano;OpenStreetMap (amenity=restaurant, node/2931349379);2026-10-10
Gastronomia;B;4;Zaal Vissers;Helmond;Peeleik 2 5704AR;https://www.zaalvissers.nl/;OK;tak;tak;;WordPress;Facebook, Instagram;NIEUSTALONE (wymaga zdjęć lub wizji lokalnej);"rekrutuje; sklep online";;;;;Podstawy online OK;;"witryna/szyld, druk (menu, ulotki), odzież dla personelu (do sprawdzenia na miejscu); odzież/oklejenie dla nowych ludzi i aut";nie kontaktowano;OpenStreetMap (amenity=restaurant, node/2902657334);2026-10-10
Gastronomia;C;3;'t Belske;;;;NIE ZNALEZIONO STRONY W DANYCH;;;;;;NIEUSTALONE (wymaga zdjęć lub wizji lokalnej);;;;;;Do sprawdzenia;strony nie ma w danych mapy (do sprawdzenia);"jeśli faktycznie brak: strona WWW; witryna/szyld, druk (menu, ulotki), odzież dla personelu (do sprawdzenia na miejscu)";nie kontaktowano;OpenStreetMap (amenity=fast_food, node/1700048739);2026-10-10
Gastronomia;C;3;'t Boshuys;Best;Sonseweg 39 5681BH;https://boshuysbest.nl/;OK;tak;tak;2022;WordPress;Facebook, Instagram;NIEUSTALONE (wymaga zdjęć lub wizji lokalnej);rekrutuje;;;;;Podstawy online OK;;"witryna/szyld, druk (menu, ulotki), odzież dla personelu (do sprawdzenia na miejscu); odzież/oklejenie dla nowych ludzi i aut";nie kontaktowano;OpenStreetMap (amenity=restaurant, node/2725831732);2026-10-10
Gastronomia;C;3;'t Dreefke;Eindhoven;Kloosterdreef 86B 5622AB;https://www.tdreefke-eindhoven.nl/;OK;tak;tak;;;;NIEUSTALONE (wymaga zdjęć lub wizji lokalnej);;;;;;Częściowe braki;nie znaleziono social media na stronie;"materiały do social media; witryna/szyld, druk (menu, ulotki), odzież dla personelu (do sprawdzenia na miejscu)";nie kontaktowano;OpenStreetMap (amenity=fast_food, node/2782151174);2026-10-10
Gastronomia;C;3;'t Hart;Handel;Onze Lieve Vrouwestraat 50 5423SL;;NIE ZNALEZIONO STRONY W DANYCH;;;;;;NIEUSTALONE (wymaga zdjęć lub wizji lokalnej);;;;;;Do sprawdzenia;strony nie ma w danych mapy (do sprawdzenia);"jeśli faktycznie brak: strona WWW; witryna/szyld, druk (menu, ulotki), odzież dla personelu (do sprawdzenia na miejscu)";nie kontaktowano;OpenStreetMap (amenity=cafe, node/3004885848);2026-10-10
Gastronomia;C;3;'t Heuveltje;Mierlo;Dorpsstraat 69 5731JG;;NIE ZNALEZIONO STRONY W DANYCH;;;;;;NIEUSTALONE (wymaga zdjęć lub wizji lokalnej);;;;;;Do sprawdzenia;strony nie ma w danych mapy (do sprawdzenia);"jeśli faktycznie brak: strona WWW; witryna/szyld, druk (menu, ulotki), odzież dla personelu (do sprawdzenia na miejscu)";nie kontaktowano;OpenStreetMap (amenity=fast_food, node/2876516122);2026-10-10
Gastronomia;C;3;'t Hoekske;Eindhoven;Roostenlaan 138 5644GJ;;NIE ZNALEZIONO STRONY W DANYCH;;;;;;NIEUSTALONE (wymaga zdjęć lub wizji lokalnej);;;;;;Do sprawdzenia;strony nie ma w danych mapy (do sprawdzenia);"jeśli faktycznie brak: strona WWW; witryna/szyld, druk (menu, ulotki), odzież dla personelu (do sprawdzenia na miejscu)";nie kontaktowano;OpenStreetMap (amenity=fast_food, node/9895820629);2026-10-10
Gastronomia;C;3;'t Houten Kietje;Waalre;Willibrorduslaan 25 5581GA;;NIE ZNALEZIONO STRONY W DANYCH;;;;;;NIEUSTALONE (wymaga zdjęć lub wizji lokalnej);;;;;;Do sprawdzenia;strony nie ma w danych mapy (do sprawdzenia);"jeśli faktycznie brak: strona WWW; witryna/szyld, druk (menu, ulotki), odzież dla personelu (do sprawdzenia na miejscu)";nie kontaktowano;OpenStreetMap (amenity=fast_food, node/2930060476);2026-10-10
Gastronomia;C;3;'t Huukske;Sint-Oedenrode;Pieter Christiaanstraat 1 5491JN;;NIE ZNALEZIONO STRONY W DANYCH;;;;;;NIEUSTALONE (wymaga zdjęć lub wizji lokalnej);;;;;;Do sprawdzenia;strony nie ma w danych mapy (do sprawdzenia);"jeśli faktycznie brak: strona WWW; witryna/szyld, druk (menu, ulotki), odzież dla personelu (do sprawdzenia na miejscu)";nie kontaktowano;OpenStreetMap (amenity=fast_food, node/471020075);2026-10-10
Gastronomia;C;3;'t Huukske;Liempde;Barrierweg 6 5298AC;;NIE ZNALEZIONO STRONY W DANYCH;;;;;;NIEUSTALONE (wymaga zdjęć lub wizji lokalnej);;;;;;Do sprawdzenia;strony nie ma w danych mapy (do sprawdzenia);"jeśli faktycznie brak: strona WWW; witryna/szyld, druk (menu, ulotki), odzież dla personelu (do sprawdzenia na miejscu)";nie kontaktowano;OpenStreetMap (amenity=cafe, node/2792001769);2026-10-10
Gastronomia;C;3;'t Huukske;;;;NIE ZNALEZIONO STRONY W DANYCH;;;;;;NIEUSTALONE (wymaga zdjęć lub wizji lokalnej);;;;;;Do sprawdzenia;strony nie ma w danych mapy (do sprawdzenia);"jeśli faktycznie brak: strona WWW; witryna/szyld, druk (menu, ulotki), odzież dla personelu (do sprawdzenia na miejscu)";nie kontaktowano;OpenStreetMap (amenity=cafe, node/9080210380);2026-10-10
Gastronomia;C;3;'t ijsboerinneke;Moergestel;Zandstraat 24 5066CA;https://www.ijsboerinneke-moergestel.nl;OK;tak;tak;;WordPress;Facebook, Instagram;NIEUSTALONE (wymaga zdjęć lub wizji lokalnej);sklep online;;;;;Podstawy online OK;;witryna/szyld, druk (menu, ulotki), odzież dla personelu (do sprawdzenia na miejscu);nie kontaktowano;OpenStreetMap (amenity=ice_cream, node/8243301555);2026-10-10
Gastronomia;C;3;'t Jagershuis;;;;NIE ZNALEZIONO STRONY W DANYCH;;;;;;NIEUSTALONE (wymaga zdjęć lub wizji lokalnej);;;;;;Do sprawdzenia;strony nie ma w danych mapy (do sprawdzenia);"jeśli faktycznie brak: strona WWW; witryna/szyld, druk (menu, ulotki), odzież dla personelu (do sprawdzenia na miejscu)";nie kontaktowano;OpenStreetMap (amenity=restaurant, node/1750709766);2026-10-10
Gastronomia;C;3;'t Keetje;Maarheeze;Driebos 21 6026PV;;NIE ZNALEZIONO STRONY W DANYCH;;;;;;NIEUSTALONE (wymaga zdjęć lub wizji lokalnej);;;;;;Do sprawdzenia;strony nie ma w danych mapy (do sprawdzenia);"jeśli faktycznie brak: strona WWW; witryna/szyld, druk (menu, ulotki), odzież dla personelu (do sprawdzenia na miejscu)";nie kontaktowano;OpenStreetMap (amenity=fast_food, node/4484312187);2026-10-10
Gastronomia;C;3;'t Klumpke;Someren;Postelstraat 40a 5711EN;;NIE ZNALEZIONO STRONY W DANYCH;;;;;;NIEUSTALONE (wymaga zdjęć lub wizji lokalnej);;;;;;Do sprawdzenia;strony nie ma w danych mapy (do sprawdzenia);"jeśli faktycznie brak: strona WWW; witryna/szyld, druk (menu, ulotki), odzież dla personelu (do sprawdzenia na miejscu)";nie kontaktowano;OpenStreetMap (amenity=fast_food, node/2852580429);2026-10-10
Gastronomia;C;3;'t Konijntje;;;;NIE ZNALEZIONO STRONY W DANYCH;;;;;;NIEUSTALONE (wymaga zdjęć lub wizji lokalnej);;;;;;Do sprawdzenia;strony nie ma w danych mapy (do sprawdzenia);"jeśli faktycznie brak: strona WWW; witryna/szyld, druk (menu, ulotki), odzież dla personelu (do sprawdzenia na miejscu)";nie kontaktowano;OpenStreetMap (amenity=fast_food, node/10253309278);2026-10-10
Gastronomia;C;3;'t Krut;Son en Breugel;Nieuwstraat 45 5691AB;https://krutbier.nl;OK;tak;tak;2025;;YouTube;NIEUSTALONE (wymaga zdjęć lub wizji lokalnej);rekrutuje;;;;;Podstawy online OK;;"witryna/szyld, druk (menu, ulotki), odzież dla personelu (do sprawdzenia na miejscu); odzież/oklejenie dla nowych ludzi i aut";nie kontaktowano;OpenStreetMap (amenity=pub, node/12192419083);2026-10-10
Gastronomia;C;3;'t Lempke;Eindhoven;Stratumseind 28 5611ET;https://lempke.nl;OK;tak;tak;2026;WordPress;Instagram;NIEUSTALONE (wymaga zdjęć lub wizji lokalnej);rekrutuje;;;;;Podstawy online OK;;"witryna/szyld, druk (menu, ulotki), odzież dla personelu (do sprawdzenia na miejscu); odzież/oklejenie dla nowych ludzi i aut";nie kontaktowano;OpenStreetMap (amenity=pub, node/8993856014);2026-10-10
Gastronomia;C;3;'t Menneke;Eersel;Markt 6 5521AL;https://menneke.nl;OK;tak;tak;2026;WordPress;Facebook, Instagram;NIEUSTALONE (wymaga zdjęć lub wizji lokalnej);rekrutuje;;;;;Podstawy online OK;;"witryna/szyld, druk (menu, ulotki), odzież dla personelu (do sprawdzenia na miejscu); odzież/oklejenie dla nowych ludzi i aut";nie kontaktowano;OpenStreetMap (amenity=restaurant, node/2828644855);2026-10-10
Gastronomia;C;3;'t Mierles Huukske;Mierlo;Vesperstraat 8 5731GS;https://www.mierleshuukske.nl/;OK;tak;tak;2026;WordPress;Facebook, Instagram;NIEUSTALONE (wymaga zdjęć lub wizji lokalnej);rekrutuje;;;;;Podstawy online OK;;"witryna/szyld, druk (menu, ulotki), odzież dla personelu (do sprawdzenia na miejscu); odzież/oklejenie dla nowych ludzi i aut";nie kontaktowano;OpenStreetMap (amenity=restaurant, node/2876613570);2026-10-10
Gastronomia;C;3;'t Nekkermenneke;Bladel;Groot Terkooijen 6 5531NV;https://www.nekkermenneke.nl;OK;tak;tak;2026;;Facebook, YouTube;NIEUSTALONE (wymaga zdjęć lub wizji lokalnej);rekrutuje;;;;;Podstawy online OK;;"witryna/szyld, druk (menu, ulotki), odzież dla personelu (do sprawdzenia na miejscu); odzież/oklejenie dla nowych ludzi i aut";nie kontaktowano;OpenStreetMap (amenity=restaurant, node/2827273011);2026-10-10
Gastronomia;C;3;'t Pleintje;Eindhoven;St Trudoplein 1 5616GZ;;NIE ZNALEZIONO STRONY W DANYCH;;;;;;NIEUSTALONE (wymaga zdjęć lub wizji lokalnej);;;;;;Do sprawdzenia;strony nie ma w danych mapy (do sprawdzenia);"jeśli faktycznie brak: strona WWW; witryna/szyld, druk (menu, ulotki), odzież dla personelu (do sprawdzenia na miejscu)";nie kontaktowano;OpenStreetMap (amenity=cafe, node/1699959087);2026-10-10
Gastronomia;C;3;'t Pumpke;Valkenswaard;Le Sage ten Broekstraat 3 5554SW;;NIE ZNALEZIONO STRONY W DANYCH;;;;;;NIEUSTALONE (wymaga zdjęć lub wizji lokalnej);;;;;;Do sprawdzenia;strony nie ma w danych mapy (do sprawdzenia);"jeśli faktycznie brak: strona WWW; witryna/szyld, druk (menu, ulotki), odzież dla personelu (do sprawdzenia na miejscu)";nie kontaktowano;OpenStreetMap (amenity=cafe, node/2828954430);2026-10-10
Gastronomia;C;3;'t Pumpke;Heeze;ten Borchwardplein 30 5591ML;;NIE ZNALEZIONO STRONY W DANYCH;;;;;;NIEUSTALONE (wymaga zdjęć lub wizji lokalnej);;;;;;Do sprawdzenia;strony nie ma w danych mapy (do sprawdzenia);"jeśli faktycznie brak: strona WWW; witryna/szyld, druk (menu, ulotki), odzież dla personelu (do sprawdzenia na miejscu)";nie kontaktowano;OpenStreetMap (amenity=pub, node/2830080070);2026-10-10
Gastronomia;C;3;'t Slot;;;;NIE ZNALEZIONO STRONY W DANYCH;;;;;;NIEUSTALONE (wymaga zdjęć lub wizji lokalnej);;;;;;Do sprawdzenia;strony nie ma w danych mapy (do sprawdzenia);"jeśli faktycznie brak: strona WWW; witryna/szyld, druk (menu, ulotki), odzież dla personelu (do sprawdzenia na miejscu)";nie kontaktowano;OpenStreetMap (amenity=cafe, node/652803195);2026-10-10
Gastronomia;C;3;'t Smikkelhuukske;Aarle-Rixtel;Kerkstraat 13a 5735BW;;NIE ZNALEZIONO STRONY W DANYCH;;;;;;NIEUSTALONE (wymaga zdjęć lub wizji lokalnej);;;;;;Do sprawdzenia;strony nie ma w danych mapy (do sprawdzenia);"jeśli faktycznie brak: strona WWW; witryna/szyld, druk (menu, ulotki), odzież dla personelu (do sprawdzenia na miejscu)";nie kontaktowano;OpenStreetMap (amenity=fast_food, node/2901234255);2026-10-10
Gastronomia;C;3;'t Stuupke;Asten;Prins Bernhardstraat 27 5721GA;;NIE ZNALEZIONO STRONY W DANYCH;;;;;;NIEUSTALONE (wymaga zdjęć lub wizji lokalnej);;;;;;Do sprawdzenia;strony nie ma w danych mapy (do sprawdzenia);"jeśli faktycznie brak: strona WWW; witryna/szyld, druk (menu, ulotki), odzież dla personelu (do sprawdzenia na miejscu)";nie kontaktowano;OpenStreetMap (amenity=cafe, node/2872186625);2026-10-10
Gastronomia;C;3;'t Vesperke;Mierlo;Vesperstraat 27 5731GR;;NIE ZNALEZIONO STRONY W DANYCH;;;;;;NIEUSTALONE (wymaga zdjęć lub wizji lokalnej);;;;;;Do sprawdzenia;strony nie ma w danych mapy (do sprawdzenia);"jeśli faktycznie brak: strona WWW; witryna/szyld, druk (menu, ulotki), odzież dla personelu (do sprawdzenia na miejscu)";nie kontaktowano;OpenStreetMap (amenity=fast_food, node/2876613521);2026-10-10
Gastronomia;C;3;'t Zonnetje;Eindhoven;Woenselse Markt 53 5612CS;;NIE ZNALEZIONO STRONY W DANYCH;;;;;;NIEUSTALONE (wymaga zdjęć lub wizji lokalnej);;;;;;Do sprawdzenia;strony nie ma w danych mapy (do sprawdzenia);"jeśli faktycznie brak: strona WWW; witryna/szyld, druk (menu, ulotki), odzież dla personelu (do sprawdzenia na miejscu)";nie kontaktowano;OpenStreetMap (amenity=fast_food, node/2778246497);2026-10-10
Gastronomia;C;3;10 grams;;;;NIE ZNALEZIONO STRONY W DANYCH;;;;;;NIEUSTALONE (wymaga zdjęć lub wizji lokalnej);;;;;;Do sprawdzenia;strony nie ma w danych mapy (do sprawdzenia);"jeśli faktycznie brak: strona WWW; witryna/szyld, druk (menu, ulotki), odzież dla personelu (do sprawdzenia na miejscu)";nie kontaktowano;OpenStreetMap (amenity=restaurant, node/12702402066);2026-10-10
Gastronomia;C;3;A la minute;;;;NIE ZNALEZIONO STRONY W DANYCH;;;;;;NIEUSTALONE (wymaga zdjęć lub wizji lokalnej);;;;;;Do sprawdzenia;strony nie ma w danych mapy (do sprawdzenia);"jeśli faktycznie brak: strona WWW; witryna/szyld, druk (menu, ulotki), odzież dla personelu (do sprawdzenia na miejscu)";nie kontaktowano;OpenStreetMap (amenity=fast_food, node/1664242182);2026-10-10
Gastronomia;C;3;Adana Kebabhuis;Nuenen;Parkstraat 1A 5671GD;;NIE ZNALEZIONO STRONY W DANYCH;;;;;;NIEUSTALONE (wymaga zdjęć lub wizji lokalnej);;;;;;Do sprawdzenia;strony nie ma w danych mapy (do sprawdzenia);"jeśli faktycznie brak: strona WWW; witryna/szyld, druk (menu, ulotki), odzież dla personelu (do sprawdzenia na miejscu)";nie kontaktowano;OpenStreetMap (amenity=fast_food, node/235140026);2026-10-10
Gastronomia;C;3;Akito;;;;NIE ZNALEZIONO STRONY W DANYCH;;;;;;NIEUSTALONE (wymaga zdjęć lub wizji lokalnej);;;;;;Do sprawdzenia;strony nie ma w danych mapy (do sprawdzenia);"jeśli faktycznie brak: strona WWW; witryna/szyld, druk (menu, ulotki), odzież dla personelu (do sprawdzenia na miejscu)";nie kontaktowano;OpenStreetMap (amenity=fast_food, node/9080777655);2026-10-10
Gastronomia;C;3;Albalon;Eindhoven;Woenselse Markt 40 5612CS;https://al-balon-eindhoven.nl/;OK;tak;tak;2026;;;NIEUSTALONE (wymaga zdjęć lub wizji lokalnej);;;;;;Częściowe braki;nie znaleziono social media na stronie;"materiały do social media; witryna/szyld, druk (menu, ulotki), odzież dla personelu (do sprawdzenia na miejscu)";nie kontaktowano;OpenStreetMap (amenity=fast_food, node/2778246093);2026-10-10
Gastronomia;C;3;Altunel Pizza;Helmond;Binderseind 34 5701SV;;NIE ZNALEZIONO STRONY W DANYCH;;;;;;NIEUSTALONE (wymaga zdjęć lub wizji lokalnej);;;;;;Do sprawdzenia;strony nie ma w danych mapy (do sprawdzenia);"jeśli faktycznie brak: strona WWW; witryna/szyld, druk (menu, ulotki), odzież dla personelu (do sprawdzenia na miejscu)";nie kontaktowano;OpenStreetMap (amenity=restaurant, node/4761673703);2026-10-10
Gastronomia;C;3;Ambacht;;;;NIE ZNALEZIONO STRONY W DANYCH;;;;;;NIEUSTALONE (wymaga zdjęć lub wizji lokalnej);;;;;;Do sprawdzenia;strony nie ma w danych mapy (do sprawdzenia);"jeśli faktycznie brak: strona WWW; witryna/szyld, druk (menu, ulotki), odzież dla personelu (do sprawdzenia na miejscu)";nie kontaktowano;OpenStreetMap (amenity=restaurant, node/1348044136);2026-10-10
Gastronomia;C;3;Amigos BBQ Restaurant;Veldhoven;Heuvel 14 5502AK;https://www.amigosbbqrestaurant.nl/;OK;tak;tak;2026;;Facebook, Instagram;NIEUSTALONE (wymaga zdjęć lub wizji lokalnej);rekrutuje;;;;;Podstawy online OK;;"witryna/szyld, druk (menu, ulotki), odzież dla personelu (do sprawdzenia na miejscu); odzież/oklejenie dla nowych ludzi i aut";nie kontaktowano;OpenStreetMap (amenity=restaurant, node/2833322618);2026-10-10
Gastronomia;C;3;Amon;Eindhoven;Begijnenhof 25 5611EK;;NIE ZNALEZIONO STRONY W DANYCH;;;;;;NIEUSTALONE (wymaga zdjęć lub wizji lokalnej);;;;;;Do sprawdzenia;strony nie ma w danych mapy (do sprawdzenia);"jeśli faktycznie brak: strona WWW; witryna/szyld, druk (menu, ulotki), odzież dla personelu (do sprawdzenia na miejscu)";nie kontaktowano;OpenStreetMap (amenity=fast_food, node/1931472121);2026-10-10
Gastronomia;C;3;Amon;;;;NIE ZNALEZIONO STRONY W DANYCH;;;;;;NIEUSTALONE (wymaga zdjęć lub wizji lokalnej);;;;;;Do sprawdzenia;strony nie ma w danych mapy (do sprawdzenia);"jeśli faktycznie brak: strona WWW; witryna/szyld, druk (menu, ulotki), odzież dla personelu (do sprawdzenia na miejscu)";nie kontaktowano;OpenStreetMap (amenity=fast_food, node/9084485324);2026-10-10
Gastronomia;C;3;Anders van Smaak;Bergeijk;Hof 13 5571CA;https://www.andersvansmaak.nl/;OK;tak;tak;2026;WordPress;Facebook, Instagram;NIEUSTALONE (wymaga zdjęć lub wizji lokalnej);rekrutuje;;;;;Podstawy online OK;;"witryna/szyld, druk (menu, ulotki), odzież dla personelu (do sprawdzenia na miejscu); odzież/oklejenie dla nowych ludzi i aut";nie kontaktowano;OpenStreetMap (amenity=cafe, node/2828716602);2026-10-10
Gastronomia;C;3;Any Tyme;Eindhoven;Stratumseind 57 5611EP;;NIE ZNALEZIONO STRONY W DANYCH;;;;;;NIEUSTALONE (wymaga zdjęć lub wizji lokalnej);;;;;;Do sprawdzenia;strony nie ma w danych mapy (do sprawdzenia);"jeśli faktycznie brak: strona WWW; witryna/szyld, druk (menu, ulotki), odzież dla personelu (do sprawdzenia na miejscu)";nie kontaktowano;OpenStreetMap (amenity=fast_food, node/2765283219);2026-10-10
Gastronomia;C;3;Aprazível;Eindhoven;Bergstraat 3F 5611JX;https://aprazivel.nl;OK;tak;tak;;WordPress;Facebook, Instagram;NIEUSTALONE (wymaga zdjęć lub wizji lokalnej);rekrutuje;;;;;Podstawy online OK;;"witryna/szyld, druk (menu, ulotki), odzież dla personelu (do sprawdzenia na miejscu); odzież/oklejenie dla nowych ludzi i aut";nie kontaktowano;OpenStreetMap (amenity=restaurant, node/4747528811);2026-10-10
Gastronomia;C;3;Aqua View;Best;Ekkersweijer 8 5681RZ;;NIE ZNALEZIONO STRONY W DANYCH;;;;;;NIEUSTALONE (wymaga zdjęć lub wizji lokalnej);;;;;;Do sprawdzenia;strony nie ma w danych mapy (do sprawdzenia);"jeśli faktycznie brak: strona WWW; witryna/szyld, druk (menu, ulotki), odzież dla personelu (do sprawdzenia na miejscu)";nie kontaktowano;OpenStreetMap (amenity=ice_cream, node/2732597912);2026-10-10
Gastronomia;C;3;Arabya;Eindhoven;Jan Heynslaan 139 5622KL;https://www.arabya.nl/;OK;tak;tak;2026;WordPress;;NIEUSTALONE (wymaga zdjęć lub wizji lokalnej);;;;;;Częściowe braki;nie znaleziono social media na stronie;"materiały do social media; witryna/szyld, druk (menu, ulotki), odzież dla personelu (do sprawdzenia na miejscu)";nie kontaktowano;OpenStreetMap (amenity=fast_food, node/4752349396);2026-10-10
Gastronomia;C;3;Arizona Texmex;;;;NIE ZNALEZIONO STRONY W DANYCH;;;;;;NIEUSTALONE (wymaga zdjęć lub wizji lokalnej);;;;;;Do sprawdzenia;strony nie ma w danych mapy (do sprawdzenia);"jeśli faktycznie brak: strona WWW; witryna/szyld, druk (menu, ulotki), odzież dla personelu (do sprawdzenia na miejscu)";nie kontaktowano;OpenStreetMap (amenity=restaurant, node/9112896304);2026-10-10
Gastronomia;C;3;Arzum;Best;Wilhelminaplein 65 5684VN;https://www.arzum-best.nl/;OK;tak;tak;;;;NIEUSTALONE (wymaga zdjęć lub wizji lokalnej);;;;;;Częściowe braki;nie znaleziono social media na stronie;"materiały do social media; witryna/szyld, druk (menu, ulotki), odzież dla personelu (do sprawdzenia na miejscu)";nie kontaktowano;OpenStreetMap (amenity=restaurant, node/2736332810);2026-10-10
Gastronomia;C;3;Asiafood MINGXI Eindhoven;Eindhoven;Nederlandplein 109A 5628AJ;https://www.mingxi.nl/;OK;tak;tak;2026;;;NIEUSTALONE (wymaga zdjęć lub wizji lokalnej);;;;;;Częściowe braki;nie znaleziono social media na stronie;"materiały do social media; witryna/szyld, druk (menu, ulotki), odzież dla personelu (do sprawdzenia na miejscu)";nie kontaktowano;OpenStreetMap (amenity=restaurant, node/2745039675);2026-10-10
Gastronomia;C;3;ASML Plaza;;;;NIE ZNALEZIONO STRONY W DANYCH;;;;;;NIEUSTALONE (wymaga zdjęć lub wizji lokalnej);;;;;;Do sprawdzenia;strony nie ma w danych mapy (do sprawdzenia);"jeśli faktycznie brak: strona WWW; witryna/szyld, druk (menu, ulotki), odzież dla personelu (do sprawdzenia na miejscu)";nie kontaktowano;OpenStreetMap (amenity=restaurant, node/5394519218);2026-10-10
Gastronomia;C;3;Athene;Eindhoven;Kruisstraat 91 5612CE;https://www.restaurantathene.com/;OK;tak;tak;;;;NIEUSTALONE (wymaga zdjęć lub wizji lokalnej);;;;;;Częściowe braki;nie znaleziono social media na stronie;"materiały do social media; witryna/szyld, druk (menu, ulotki), odzież dla personelu (do sprawdzenia na miejscu)";nie kontaktowano;OpenStreetMap (amenity=restaurant, node/1898876122);2026-10-10
Gastronomia;C;3;Auberge Eeckaerde;Eindhoven;Icaruslaan 28A 5631LD;https://bijstephan.nl/;OK;tak;tak;2026;WordPress;Facebook, Instagram;NIEUSTALONE (wymaga zdjęć lub wizji lokalnej);rekrutuje;;;;;Podstawy online OK;;"witryna/szyld, druk (menu, ulotki), odzież dla personelu (do sprawdzenia na miejscu); odzież/oklejenie dla nowych ludzi i aut";nie kontaktowano;OpenStreetMap (amenity=restaurant, node/2764651677);2026-10-10
Gastronomia;C;3;Automatic Stratumseind;Eindhoven;Stratumseind 46 5611EV;;NIE ZNALEZIONO STRONY W DANYCH;;;;;;NIEUSTALONE (wymaga zdjęć lub wizji lokalnej);;;;;;Do sprawdzenia;strony nie ma w danych mapy (do sprawdzenia);"jeśli faktycznie brak: strona WWW; witryna/szyld, druk (menu, ulotki), odzież dla personelu (do sprawdzenia na miejscu)";nie kontaktowano;OpenStreetMap (amenity=fast_food, node/2765282722);2026-10-10
Gastronomia;C;3;Automatiek Marks;Eindhoven;Nieuwstraat 11 5611DA;https://www.automatiek-marks-eindhoven.nl/;OK;tak;tak;;;;NIEUSTALONE (wymaga zdjęć lub wizji lokalnej);;;;;;Częściowe braki;nie znaleziono social media na stronie;"materiały do social media; witryna/szyld, druk (menu, ulotki), odzież dla personelu (do sprawdzenia na miejscu)";nie kontaktowano;OpenStreetMap (amenity=fast_food, node/1707755934);2026-10-10
Gastronomia;C;3;Avrasya;;;;NIE ZNALEZIONO STRONY W DANYCH;;;;;;NIEUSTALONE (wymaga zdjęć lub wizji lokalnej);;;;;;Do sprawdzenia;strony nie ma w danych mapy (do sprawdzenia);"jeśli faktycznie brak: strona WWW; witryna/szyld, druk (menu, ulotki), odzież dla personelu (do sprawdzenia na miejscu)";nie kontaktowano;OpenStreetMap (amenity=fast_food, node/1909884845);2026-10-10
Gastronomia;C;3;Aziatisch Restaurant Lotus;Helmond;Peeleik 5 5704AP;https://lotushelmond.nl/;OK;tak;tak;;;;NIEUSTALONE (wymaga zdjęć lub wizji lokalnej);;;;;;Częściowe braki;nie znaleziono social media na stronie;"materiały do social media; witryna/szyld, druk (menu, ulotki), odzież dla personelu (do sprawdzenia na miejscu)";nie kontaktowano;OpenStreetMap (amenity=restaurant, node/2902658313);2026-10-10
Gastronomia;C;3;Babylon;Eindhoven;Jan van Riebeecklaan 15 5642MB;;NIE ZNALEZIONO STRONY W DANYCH;;;;;;NIEUSTALONE (wymaga zdjęć lub wizji lokalnej);;;;;;Do sprawdzenia;strony nie ma w danych mapy (do sprawdzenia);"jeśli faktycznie brak: strona WWW; witryna/szyld, druk (menu, ulotki), odzież dla personelu (do sprawdzenia na miejscu)";nie kontaktowano;OpenStreetMap (amenity=fast_food, node/2746072390);2026-10-10
Gastronomia;C;3;Bagdad Shoarma;Veldhoven;Kromstraat 36G 5504BD;;NIE ZNALEZIONO STRONY W DANYCH;;;;;;NIEUSTALONE (wymaga zdjęć lub wizji lokalnej);;;;;;Do sprawdzenia;strony nie ma w danych mapy (do sprawdzenia);"jeśli faktycznie brak: strona WWW; witryna/szyld, druk (menu, ulotki), odzież dla personelu (do sprawdzenia na miejscu)";nie kontaktowano;OpenStreetMap (amenity=fast_food, node/2833146855);2026-10-10
Gastronomia;C;3;Bali Mesari;Eindhoven;St Bonifaciuslaan 300 5645NG;https://bali-mesari.nl/menu;OK;tak;tak;2022;WordPress;;NIEUSTALONE (wymaga zdjęć lub wizji lokalnej);;;;;;Częściowe braki;nie znaleziono social media na stronie;"materiały do social media; witryna/szyld, druk (menu, ulotki), odzież dla personelu (do sprawdzenia na miejscu)";nie kontaktowano;OpenStreetMap (amenity=restaurant, node/2742839714);2026-10-10
Gastronomia;C;3;Balthazar;Nuenen;Park 63 5671GC;;NIE ZNALEZIONO STRONY W DANYCH;;;;;;NIEUSTALONE (wymaga zdjęć lub wizji lokalnej);;;;;;Do sprawdzenia;strony nie ma w danych mapy (do sprawdzenia);"jeśli faktycznie brak: strona WWW; witryna/szyld, druk (menu, ulotki), odzież dla personelu (do sprawdzenia na miejscu)";nie kontaktowano;OpenStreetMap (amenity=restaurant, node/232980004);2026-10-10
Gastronomia;C;3;Bamboe Jungle restaurant;;;;NIE ZNALEZIONO STRONY W DANYCH;;;;;;NIEUSTALONE (wymaga zdjęć lub wizji lokalnej);;;;;;Do sprawdzenia;strony nie ma w danych mapy (do sprawdzenia);"jeśli faktycznie brak: strona WWW; witryna/szyld, druk (menu, ulotki), odzież dla personelu (do sprawdzenia na miejscu)";nie kontaktowano;OpenStreetMap (amenity=cafe, node/1741181907);2026-10-10
Gastronomia;C;3;Bamiyan Restaurant;Eindhoven;Generaal Coenderslaan 49A 5623LV;https://www.bamiyanrestaurant.nl/;OK;tak;tak;;Jimdo;;NIEUSTALONE (wymaga zdjęć lub wizji lokalnej);;;;;;Częściowe braki;nie znaleziono social media na stronie;"materiały do social media; witryna/szyld, druk (menu, ulotki), odzież dla personelu (do sprawdzenia na miejscu)";nie kontaktowano;OpenStreetMap (amenity=restaurant, node/2523432714);2026-10-10
Gastronomia;C;3;Bamyan Grillroom-Pizzeria;Leende;Dorpstraat 118 5595CK;;NIE ZNALEZIONO STRONY W DANYCH;;;;;;NIEUSTALONE (wymaga zdjęć lub wizji lokalnej);;;;;;Do sprawdzenia;strony nie ma w danych mapy (do sprawdzenia);"jeśli faktycznie brak: strona WWW; witryna/szyld, druk (menu, ulotki), odzież dla personelu (do sprawdzenia na miejscu)";nie kontaktowano;OpenStreetMap (amenity=fast_food, node/2340187208);2026-10-10
Gastronomia;C;3;Bar van Gogh;Nuenen;Park 63A 5671GC;;NIE ZNALEZIONO STRONY W DANYCH;;;;;;NIEUSTALONE (wymaga zdjęć lub wizji lokalnej);;;;;;Do sprawdzenia;strony nie ma w danych mapy (do sprawdzenia);"jeśli faktycznie brak: strona WWW; witryna/szyld, druk (menu, ulotki), odzież dla personelu (do sprawdzenia na miejscu)";nie kontaktowano;OpenStreetMap (amenity=pub, node/235140031);2026-10-10
Gastronomia;C;3;Bar2alex;Eindhoven;Stratumseind 93 5611ER;;NIE ZNALEZIONO STRONY W DANYCH;;;;;;NIEUSTALONE (wymaga zdjęć lub wizji lokalnej);;;;;;Do sprawdzenia;strony nie ma w danych mapy (do sprawdzenia);"jeśli faktycznie brak: strona WWW; witryna/szyld, druk (menu, ulotki), odzież dla personelu (do sprawdzenia na miejscu)";nie kontaktowano;OpenStreetMap (amenity=pub, node/2765284768);2026-10-10
Gastronomia;C;3;Barcode;Valkenswaard;Markt 28 5554CC;;NIE ZNALEZIONO STRONY W DANYCH;;;;;;NIEUSTALONE (wymaga zdjęć lub wizji lokalnej);;;;;;Do sprawdzenia;strony nie ma w danych mapy (do sprawdzenia);"jeśli faktycznie brak: strona WWW; witryna/szyld, druk (menu, ulotki), odzież dla personelu (do sprawdzenia na miejscu)";nie kontaktowano;OpenStreetMap (amenity=bar, node/1345799233);2026-10-10
Gastronomia;C;3;Bartenders;Eindhoven;Oude Stadsgracht 24 5611DG;;NIE ZNALEZIONO STRONY W DANYCH;;;;;;NIEUSTALONE (wymaga zdjęć lub wizji lokalnej);;;;;;Do sprawdzenia;strony nie ma w danych mapy (do sprawdzenia);"jeśli faktycznie brak: strona WWW; witryna/szyld, druk (menu, ulotki), odzież dla personelu (do sprawdzenia na miejscu)";nie kontaktowano;OpenStreetMap (amenity=pub, node/2765281593);2026-10-10
Gastronomia;C;3;Bavaria Brouwerijcafé;Lieshout;Heuvel 5 5737BX;https://bavariabrouwerijcafe.nl/;OK;tak;tak;;WordPress;Facebook, Instagram, LinkedIn, TikTok;NIEUSTALONE (wymaga zdjęć lub wizji lokalnej);rekrutuje;;;;;Podstawy online OK;;"witryna/szyld, druk (menu, ulotki), odzież dla personelu (do sprawdzenia na miejscu); odzież/oklejenie dla nowych ludzi i aut";nie kontaktowano;OpenStreetMap (amenity=cafe, node/2898997733);2026-10-10
Gastronomia;C;3;Beach Snack;;;;NIE ZNALEZIONO STRONY W DANYCH;;;;;;NIEUSTALONE (wymaga zdjęć lub wizji lokalnej);;;;;;Do sprawdzenia;strony nie ma w danych mapy (do sprawdzenia);"jeśli faktycznie brak: strona WWW; witryna/szyld, druk (menu, ulotki), odzież dla personelu (do sprawdzenia na miejscu)";nie kontaktowano;OpenStreetMap (amenity=fast_food, node/3665676725);2026-10-10
Gastronomia;C;3;Beanbrothers / Stadsbranderij Eindhoven;Eindhoven;Bergstraat 14A 5611JZ;https://www.beanbrothers.nl/stadsbranderij/;OK;tak;tak;2026;WordPress;Facebook, Instagram;NIEUSTALONE (wymaga zdjęć lub wizji lokalnej);sklep online;;;;;Podstawy online OK;;witryna/szyld, druk (menu, ulotki), odzież dla personelu (do sprawdzenia na miejscu);nie kontaktowano;OpenStreetMap (amenity=cafe, node/2764372964);2026-10-10
Gastronomia;C;3;Beek en Donk;Beek en Donk;Kapelstraat 48 5741CE;;NIE ZNALEZIONO STRONY W DANYCH;;;;;;NIEUSTALONE (wymaga zdjęć lub wizji lokalnej);;;;;;Do sprawdzenia;strony nie ma w danych mapy (do sprawdzenia);"jeśli faktycznie brak: strona WWW; witryna/szyld, druk (menu, ulotki), odzież dla personelu (do sprawdzenia na miejscu)";nie kontaktowano;OpenStreetMap (amenity=fast_food, node/2899181291);2026-10-10
Gastronomia;C;3;Beerens;;;;NIE ZNALEZIONO STRONY W DANYCH;;;;;;NIEUSTALONE (wymaga zdjęć lub wizji lokalnej);;;;;;Do sprawdzenia;strony nie ma w danych mapy (do sprawdzenia);"jeśli faktycznie brak: strona WWW; witryna/szyld, druk (menu, ulotki), odzież dla personelu (do sprawdzenia na miejscu)";nie kontaktowano;OpenStreetMap (amenity=fast_food, node/3623056416);2026-10-10
Gastronomia;C;3;Belcapo;Helmond;Havenweg 20 5701RS;;NIE ZNALEZIONO STRONY W DANYCH;;;;;;NIEUSTALONE (wymaga zdjęć lub wizji lokalnej);;;;;;Do sprawdzenia;strony nie ma w danych mapy (do sprawdzenia);"jeśli faktycznie brak: strona WWW; witryna/szyld, druk (menu, ulotki), odzież dla personelu (do sprawdzenia na miejscu)";nie kontaktowano;OpenStreetMap (amenity=restaurant, node/2903870361);2026-10-10
Gastronomia;C;3;Bellissimo;Heeze;Jan Deckersstraat 57 5591HP;https://www.ijssalonbellissimo.nl;OK;tak;tak;2026;;Facebook, Instagram;NIEUSTALONE (wymaga zdjęć lub wizji lokalnej);rekrutuje;;;;;Podstawy online OK;;"witryna/szyld, druk (menu, ulotki), odzież dla personelu (do sprawdzenia na miejscu); odzież/oklejenie dla nowych ludzi i aut";nie kontaktowano;OpenStreetMap (amenity=ice_cream, node/2829542518);2026-10-10
Gastronomia;C;3;Belvertshoeve;;;https://www.brasseriedebelvertshoeve.nl;OK;tak;tak;;WordPress;;NIEUSTALONE (wymaga zdjęć lub wizji lokalnej);;;;;;Częściowe braki;nie znaleziono social media na stronie;"materiały do social media; witryna/szyld, druk (menu, ulotki), odzież dla personelu (do sprawdzenia na miejscu)";nie kontaktowano;OpenStreetMap (amenity=restaurant, way/555926500);2026-10-10
Gastronomia;C;3;Beyond;Nuenen;Vincent van Goghstraat 90 5671GZ;https://www.beyondnuenen.nl/;OK;tak;tak;;;Facebook, Instagram;NIEUSTALONE (wymaga zdjęć lub wizji lokalnej);rekrutuje;;;;;Podstawy online OK;;"witryna/szyld, druk (menu, ulotki), odzież dla personelu (do sprawdzenia na miejscu); odzież/oklejenie dla nowych ludzi i aut";nie kontaktowano;OpenStreetMap (amenity=restaurant, node/39557975);2026-10-10
Gastronomia;C;3;Bij de Neut;Westerhoven;Dorpstraat 8 5563BD;https://www.bijdeneut.nl;OK;tak;tak;;WordPress;Facebook, Instagram, YouTube;NIEUSTALONE (wymaga zdjęć lub wizji lokalnej);rekrutuje;;;;;Podstawy online OK;;"witryna/szyld, druk (menu, ulotki), odzież dla personelu (do sprawdzenia na miejscu); odzież/oklejenie dla nowych ludzi i aut";nie kontaktowano;OpenStreetMap (amenity=restaurant, node/8588843725);2026-10-10
Gastronomia;C;3;Bij Guus;Someren;Wilhelminaplein 26 5711EL;;NIE ZNALEZIONO STRONY W DANYCH;;;;;;NIEUSTALONE (wymaga zdjęć lub wizji lokalnej);;;;;;Do sprawdzenia;strony nie ma w danych mapy (do sprawdzenia);"jeśli faktycznie brak: strona WWW; witryna/szyld, druk (menu, ulotki), odzież dla personelu (do sprawdzenia na miejscu)";nie kontaktowano;OpenStreetMap (amenity=restaurant, node/2852576866);2026-10-10
Gastronomia;C;3;Bij PUUR;Veldhoven;De Run 1131 5503LB;https://bijpuur.nl/;OK;tak;tak;2026;WordPress;Facebook, Instagram;NIEUSTALONE (wymaga zdjęć lub wizji lokalnej);rekrutuje;;;;;Podstawy online OK;;"witryna/szyld, druk (menu, ulotki), odzież dla personelu (do sprawdzenia na miejscu); odzież/oklejenie dla nowych ludzi i aut";nie kontaktowano;OpenStreetMap (amenity=restaurant, node/3836958578);2026-10-10
Gastronomia;C;3;bij van Aerle;Heeze;Kapelstraat 49-51 5591HD;https://www.bijvanaerle.nl;OK;tak;tak;2026;;Facebook, Instagram;NIEUSTALONE (wymaga zdjęć lub wizji lokalnej);rekrutuje;;;;;Podstawy online OK;;"witryna/szyld, druk (menu, ulotki), odzież dla personelu (do sprawdzenia na miejscu); odzież/oklejenie dla nowych ludzi i aut";nie kontaktowano;OpenStreetMap (amenity=restaurant, node/13535274002);2026-10-10
Gastronomia;C;3;Bij Vrienden;Helmond;Steenweg 8 5707CG;https://www.bijvrienden.nl/;OK;tak;tak;2025;WordPress;;NIEUSTALONE (wymaga zdjęć lub wizji lokalnej);;;;;;Częściowe braki;nie znaleziono social media na stronie;"materiały do social media; witryna/szyld, druk (menu, ulotki), odzież dla personelu (do sprawdzenia na miejscu)";nie kontaktowano;OpenStreetMap (amenity=restaurant, node/2902887228);2026-10-10
Gastronomia;C;3;Biljart- En Snookercentrum La Carambole;Veldhoven;Oortlaan 156 5505RH;;NIE ZNALEZIONO STRONY W DANYCH;;;;;;NIEUSTALONE (wymaga zdjęć lub wizji lokalnej);;;;;;Do sprawdzenia;strony nie ma w danych mapy (do sprawdzenia);"jeśli faktycznie brak: strona WWW; witryna/szyld, druk (menu, ulotki), odzież dla personelu (do sprawdzenia na miejscu)";nie kontaktowano;OpenStreetMap (amenity=pub, node/2832392143);2026-10-10
Gastronomia;C;3;Birds & Beer;Veldhoven;Locht 1 5504KA;;NIE ZNALEZIONO STRONY W DANYCH;;;;;;NIEUSTALONE (wymaga zdjęć lub wizji lokalnej);;;;;;Do sprawdzenia;strony nie ma w danych mapy (do sprawdzenia);"jeśli faktycznie brak: strona WWW; witryna/szyld, druk (menu, ulotki), odzież dla personelu (do sprawdzenia na miejscu)";nie kontaktowano;OpenStreetMap (amenity=restaurant, node/2833140470);2026-10-10
Gastronomia;C;3;Bistro Blend;Gemert;Ridderplein 45 5421CX;;NIE ZNALEZIONO STRONY W DANYCH;;;;;;NIEUSTALONE (wymaga zdjęć lub wizji lokalnej);;;;;;Do sprawdzenia;strony nie ma w danych mapy (do sprawdzenia);"jeśli faktycznie brak: strona WWW; witryna/szyld, druk (menu, ulotki), odzież dla personelu (do sprawdzenia na miejscu)";nie kontaktowano;OpenStreetMap (amenity=cafe, node/3005551514);2026-10-10
Gastronomia;C;3;Bistronomique Onyx;Eindhoven;Victoriapark 750 5611BN;https://onyxeindhoven.nl/;OK;tak;tak;;WordPress;Facebook, Instagram;NIEUSTALONE (wymaga zdjęć lub wizji lokalnej);rekrutuje;;;;;Podstawy online OK;;"witryna/szyld, druk (menu, ulotki), odzież dla personelu (do sprawdzenia na miejscu); odzież/oklejenie dla nowych ludzi i aut";nie kontaktowano;OpenStreetMap (amenity=restaurant, node/6067953119);2026-10-10
Gastronomia;C;3;Blue Collar;Eindhoven;Klokgebouw 10 5617AA;https://www.bluecollarcafe.nl/;OK;tak;tak;2026;WordPress;Facebook, Instagram, LinkedIn;NIEUSTALONE (wymaga zdjęć lub wizji lokalnej);rekrutuje;;;;;Podstawy online OK;;"witryna/szyld, druk (menu, ulotki), odzież dla personelu (do sprawdzenia na miejscu); odzież/oklejenie dla nowych ludzi i aut";nie kontaktowano;OpenStreetMap (amenity=restaurant, node/10139480327);2026-10-10
Gastronomia;C;3;Bobby's Bar;Eindhoven;Kleine Berg 40 5611JV;https://www.bobbys-bar.nl/;OK;tak;tak;2025;WordPress;Facebook, Instagram, TikTok, YouTube;NIEUSTALONE (wymaga zdjęć lub wizji lokalnej);rekrutuje;;;;;Podstawy online OK;;"witryna/szyld, druk (menu, ulotki), odzież dla personelu (do sprawdzenia na miejscu); odzież/oklejenie dla nowych ludzi i aut";nie kontaktowano;OpenStreetMap (amenity=bar, node/2764376158) + wyszukiwarka;2026-10-10
Gastronomia;C;3;Bobby's bar;Helmond;Steenweg 11 5707CD;;NIE ZNALEZIONO STRONY W DANYCH;;;;;;NIEUSTALONE (wymaga zdjęć lub wizji lokalnej);;;;;;Do sprawdzenia;strony nie ma w danych mapy (do sprawdzenia);"jeśli faktycznie brak: strona WWW; witryna/szyld, druk (menu, ulotki), odzież dla personelu (do sprawdzenia na miejscu)";nie kontaktowano;OpenStreetMap (amenity=bar, node/2902886016);2026-10-10
Gastronomia;C;3;Boca Grande;Eindhoven;Dommelstraat 17 5611CJ;https://www.bocagrande.nl;OK;tak;tak;;Wix;Facebook;NIEUSTALONE (wymaga zdjęć lub wizji lokalnej);rekrutuje;;;;;Podstawy online OK;;"witryna/szyld, druk (menu, ulotki), odzież dla personelu (do sprawdzenia na miejscu); odzież/oklejenie dla nowych ludzi i aut";nie kontaktowano;OpenStreetMap (amenity=restaurant, node/2765159005);2026-10-10
Gastronomia;C;3;Boei en Bonen;;;;NIE ZNALEZIONO STRONY W DANYCH;;;;;;NIEUSTALONE (wymaga zdjęć lub wizji lokalnej);;;;;;Do sprawdzenia;strony nie ma w danych mapy (do sprawdzenia);"jeśli faktycznie brak: strona WWW; witryna/szyld, druk (menu, ulotki), odzież dla personelu (do sprawdzenia na miejscu)";nie kontaktowano;OpenStreetMap (amenity=cafe, way/3094600730);2026-10-10
Gastronomia;C;3;Bombay Streetfood;;;;NIE ZNALEZIONO STRONY W DANYCH;;;;;;NIEUSTALONE (wymaga zdjęć lub wizji lokalnej);;;;;;Do sprawdzenia;strony nie ma w danych mapy (do sprawdzenia);"jeśli faktycznie brak: strona WWW; witryna/szyld, druk (menu, ulotki), odzież dla personelu (do sprawdzenia na miejscu)";nie kontaktowano;OpenStreetMap (amenity=fast_food, node/9061737966);2026-10-10
Gastronomia;C;3;Bones and Beers;Eindhoven;Stratumseind 83 5611ER;https://bonesandbeers.nl;OK;tak;tak;;WordPress;Facebook, Instagram, TikTok;NIEUSTALONE (wymaga zdjęć lub wizji lokalnej);rekrutuje;;;;;Podstawy online OK;;"witryna/szyld, druk (menu, ulotki), odzież dla personelu (do sprawdzenia na miejscu); odzież/oklejenie dla nowych ludzi i aut";nie kontaktowano;OpenStreetMap (amenity=restaurant, node/2765284408);2026-10-10
Gastronomia;C;3;Bonnys Sandwich Bar;;;;NIE ZNALEZIONO STRONY W DANYCH;;;;;;NIEUSTALONE (wymaga zdjęć lub wizji lokalnej);;;;;;Do sprawdzenia;strony nie ma w danych mapy (do sprawdzenia);"jeśli faktycznie brak: strona WWW; witryna/szyld, druk (menu, ulotki), odzież dla personelu (do sprawdzenia na miejscu)";nie kontaktowano;OpenStreetMap (amenity=fast_food, node/12978164901);2026-10-10
Gastronomia;C;3;Borrelbar;Helmond;Steenweg 10 5707CG;;NIE ZNALEZIONO STRONY W DANYCH;;;;;;NIEUSTALONE (wymaga zdjęć lub wizji lokalnej);;;;;;Do sprawdzenia;strony nie ma w danych mapy (do sprawdzenia);"jeśli faktycznie brak: strona WWW; witryna/szyld, druk (menu, ulotki), odzież dla personelu (do sprawdzenia na miejscu)";nie kontaktowano;OpenStreetMap (amenity=bar, node/2902877979);2026-10-10
Gastronomia;C;3;Borrelbar KikkerOp;;;;NIE ZNALEZIONO STRONY W DANYCH;;;;;;NIEUSTALONE (wymaga zdjęć lub wizji lokalnej);;;;;;Do sprawdzenia;strony nie ma w danych mapy (do sprawdzenia);"jeśli faktycznie brak: strona WWW; witryna/szyld, druk (menu, ulotki), odzież dla personelu (do sprawdzenia na miejscu)";nie kontaktowano;OpenStreetMap (amenity=cafe, node/7981533771);2026-10-10
Gastronomia;C;3;Boscafe De Rode Lelie;;;https://www.derodelelie.nl;OK;tak;tak;2023;WordPress;Facebook, Instagram;NIEUSTALONE (wymaga zdjęć lub wizji lokalnej);sklep online;;;;;Podstawy online OK;;witryna/szyld, druk (menu, ulotki), odzież dla personelu (do sprawdzenia na miejscu);nie kontaktowano;OpenStreetMap (amenity=cafe, node/4643137952);2026-10-10
Gastronomia;C;3;Boschoord;;;;NIE ZNALEZIONO STRONY W DANYCH;;;;;;NIEUSTALONE (wymaga zdjęć lub wizji lokalnej);;;;;;Do sprawdzenia;strony nie ma w danych mapy (do sprawdzenia);"jeśli faktycznie brak: strona WWW; witryna/szyld, druk (menu, ulotki), odzież dla personelu (do sprawdzenia na miejscu)";nie kontaktowano;OpenStreetMap (amenity=restaurant, node/3106038950);2026-10-10
Gastronomia;C;3;Boshuis Venkraai;Oisterwijk;Bosweg 162 5062SH;https://boshuisvenkraai.nl;OK;tak;tak;2026;WordPress;Facebook, Instagram, YouTube;NIEUSTALONE (wymaga zdjęć lub wizji lokalnej);rekrutuje;;;;;Podstawy online OK;;"witryna/szyld, druk (menu, ulotki), odzież dla personelu (do sprawdzenia na miejscu); odzież/oklejenie dla nowych ludzi i aut";nie kontaktowano;OpenStreetMap (amenity=restaurant, way/555919028);2026-10-10
Gastronomia;C;3;Boshuys Hermitage;Oisterwijk;Posthoornseweg 5B 5062SZ;https://boshuyshermitage.nl;OK;tak;tak;;WordPress;Facebook, Instagram;NIEUSTALONE (wymaga zdjęć lub wizji lokalnej);rekrutuje;;;;;Podstawy online OK;;"witryna/szyld, druk (menu, ulotki), odzież dla personelu (do sprawdzenia na miejscu); odzież/oklejenie dla nowych ludzi i aut";nie kontaktowano;OpenStreetMap (amenity=restaurant, way/555928404);2026-10-10
Gastronomia;C;3;Brasa De Lujo;Eindhoven;van Ennettenstraat 67 5645MD;https://www.brasadelujo.nl;OK;tak;tak;2024;;Facebook, Instagram;NIEUSTALONE (wymaga zdjęć lub wizji lokalnej);rekrutuje;;;;;Podstawy online OK;;"witryna/szyld, druk (menu, ulotki), odzież dla personelu (do sprawdzenia na miejscu); odzież/oklejenie dla nowych ludzi i aut";nie kontaktowano;OpenStreetMap (amenity=restaurant, node/2742840869);2026-10-10
Gastronomia;C;3;Brasserie Cacaofabriek;Helmond;Cacaokade 1 5705LA;https://www.cacaofabriek.nl/brasserie;OK;tak;tak;2026;;Facebook, Instagram, LinkedIn, YouTube;NIEUSTALONE (wymaga zdjęć lub wizji lokalnej);rekrutuje;;;;;Podstawy online OK;;"witryna/szyld, druk (menu, ulotki), odzież dla personelu (do sprawdzenia na miejscu); odzież/oklejenie dla nowych ludzi i aut";nie kontaktowano;OpenStreetMap (amenity=restaurant, node/4758200357);2026-10-10
Gastronomia;C;3;Brasserie De Stegen;Asten;Nobisweg 1 5721VA;;NIE ZNALEZIONO STRONY W DANYCH;;;;;;NIEUSTALONE (wymaga zdjęć lub wizji lokalnej);;;;;;Do sprawdzenia;strony nie ma w danych mapy (do sprawdzenia);"jeśli faktycznie brak: strona WWW; witryna/szyld, druk (menu, ulotki), odzież dla personelu (do sprawdzenia na miejscu)";nie kontaktowano;OpenStreetMap (amenity=cafe, node/10542413856);2026-10-10
Gastronomia;C;3;Brasserie Kop of Munt;Gemert;Kerkstraat 21 5421KX;https://brasseriekopofmunt.nl;OK;tak;tak;2026;WordPress;Facebook, Instagram;NIEUSTALONE (wymaga zdjęć lub wizji lokalnej);rekrutuje;;;;;Podstawy online OK;;"witryna/szyld, druk (menu, ulotki), odzież dla personelu (do sprawdzenia na miejscu); odzież/oklejenie dla nowych ludzi i aut";nie kontaktowano;OpenStreetMap (amenity=restaurant, node/3005540823);2026-10-10
Gastronomia;C;3;Brasserie Lumen;Eindhoven;Lichttoren 22 5611BJ;https://westcordhotels.nl/restaurants/brasserie-lumen/;OK;tak;tak;2026;WordPress;Facebook, Instagram, LinkedIn, YouTube;NIEUSTALONE (wymaga zdjęć lub wizji lokalnej);rekrutuje;;;;;Podstawy online OK;;"witryna/szyld, druk (menu, ulotki), odzież dla personelu (do sprawdzenia na miejscu); odzież/oklejenie dla nowych ludzi i aut";nie kontaktowano;OpenStreetMap (amenity=restaurant, node/12817296763);2026-10-10
Gastronomia;C;3;Brasserie Stippelberg;Bakel;Hooizak 7 5761RZ;https://golfbaan-stippelberg.com;OK;tak;tak;2026;WordPress;Facebook, Instagram, LinkedIn;NIEUSTALONE (wymaga zdjęć lub wizji lokalnej);rekrutuje;;;;;Podstawy online OK;;"witryna/szyld, druk (menu, ulotki), odzież dla personelu (do sprawdzenia na miejscu); odzież/oklejenie dla nowych ludzi i aut";nie kontaktowano;OpenStreetMap (amenity=restaurant, node/3014847960);2026-10-10
Gastronomia;C;3;Brasserie Van den Berg;Eindhoven;Nieuwe Emmasingel 3 5611AM;;NIE ZNALEZIONO STRONY W DANYCH;;;;;;NIEUSTALONE (wymaga zdjęć lub wizji lokalnej);;;;;;Do sprawdzenia;strony nie ma w danych mapy (do sprawdzenia);"jeśli faktycznie brak: strona WWW; witryna/szyld, druk (menu, ulotki), odzież dla personelu (do sprawdzenia na miejscu)";nie kontaktowano;OpenStreetMap (amenity=restaurant, node/2765447826);2026-10-10
Gastronomia;C;3;Braveau;Sint-Oedenrode;Kofferen 1 5492BL;https://lunchroombraveau.nl/;OK;tak;tak;2026;WordPress;Facebook, Instagram;NIEUSTALONE (wymaga zdjęć lub wizji lokalnej);sklep online;;;;;Podstawy online OK;;witryna/szyld, druk (menu, ulotki), odzież dla personelu (do sprawdzenia na miejscu);nie kontaktowano;OpenStreetMap (amenity=restaurant, node/2771907495);2026-10-10
Gastronomia;C;3;Broodje Gerrie;Eindhoven;Kleine Berg 70 5611JW;;NIE ZNALEZIONO STRONY W DANYCH;;;;;;NIEUSTALONE (wymaga zdjęć lub wizji lokalnej);;;;;;Do sprawdzenia;strony nie ma w danych mapy (do sprawdzenia);"jeśli faktycznie brak: strona WWW; witryna/szyld, druk (menu, ulotki), odzież dla personelu (do sprawdzenia na miejscu)";nie kontaktowano;OpenStreetMap (amenity=fast_food, node/2764378240);2026-10-10
Gastronomia;C;3;Broodjes Boutique;Mierlo;Margrietstraat 39 5731BN;https://www.broodjesboutique.nl;OK;tak;tak;;;;NIEUSTALONE (wymaga zdjęć lub wizji lokalnej);;;;;;Częściowe braki;nie znaleziono social media na stronie;"materiały do social media; witryna/szyld, druk (menu, ulotki), odzież dla personelu (do sprawdzenia na miejscu)";nie kontaktowano;OpenStreetMap (amenity=restaurant, node/5308588596);2026-10-10
Gastronomia;C;3;Brown's Food and More;Veldhoven;Dorpstraat 5 5504HA;;NIE ZNALEZIONO STRONY W DANYCH;;;;;;NIEUSTALONE (wymaga zdjęć lub wizji lokalnej);;;;;;Do sprawdzenia;strony nie ma w danych mapy (do sprawdzenia);"jeśli faktycznie brak: strona WWW; witryna/szyld, druk (menu, ulotki), odzież dla personelu (do sprawdzenia na miejscu)";nie kontaktowano;OpenStreetMap (amenity=restaurant, node/6286952968);2026-10-10
Gastronomia;C;3;Brussels eethuis;Eindhoven;Kastelenplein 85 5653LR;;NIE ZNALEZIONO STRONY W DANYCH;;;;;;NIEUSTALONE (wymaga zdjęć lub wizji lokalnej);;;;;;Do sprawdzenia;strony nie ma w danych mapy (do sprawdzenia);"jeśli faktycznie brak: strona WWW; witryna/szyld, druk (menu, ulotki), odzież dla personelu (do sprawdzenia na miejscu)";nie kontaktowano;OpenStreetMap (amenity=fast_food, node/2712402707);2026-10-10
Gastronomia;C;3;Bukka 9;;;https://www.bukka9-eindhoven.nl;OK;tak;tak;;;;NIEUSTALONE (wymaga zdjęć lub wizji lokalnej);;;;;;Częściowe braki;nie znaleziono social media na stronie;"materiały do social media; witryna/szyld, druk (menu, ulotki), odzież dla personelu (do sprawdzenia na miejscu)";nie kontaktowano;OpenStreetMap (amenity=restaurant, node/12702442450);2026-10-10
Gastronomia;C;3;Buon Gusto;Bergeijk;Hof 74 5571CC;https://buongusto.nl/;OK;tak;tak;2026;Wix;Instagram, TikTok;NIEUSTALONE (wymaga zdjęć lub wizji lokalnej);rekrutuje;;;;;Podstawy online OK;;"witryna/szyld, druk (menu, ulotki), odzież dla personelu (do sprawdzenia na miejscu); odzież/oklejenie dla nowych ludzi i aut";nie kontaktowano;OpenStreetMap (amenity=restaurant, node/3796121101);2026-10-10
Gastronomia;C;3;Burgemeester;Oirschot;Markt 21 5688AJ;;NIE ZNALEZIONO STRONY W DANYCH;;;;;;NIEUSTALONE (wymaga zdjęć lub wizji lokalnej);;;;;;Do sprawdzenia;strony nie ma w danych mapy (do sprawdzenia);"jeśli faktycznie brak: strona WWW; witryna/szyld, druk (menu, ulotki), odzież dla personelu (do sprawdzenia na miejscu)";nie kontaktowano;OpenStreetMap (amenity=fast_food, node/2825995246);2026-10-10
Gastronomia;C;3;Burger Business;Eindhoven;Karel de Grotelaan 351 5654NN;;NIE ZNALEZIONO STRONY W DANYCH;;;;;;NIEUSTALONE (wymaga zdjęć lub wizji lokalnej);;;;;;Do sprawdzenia;strony nie ma w danych mapy (do sprawdzenia);"jeśli faktycznie brak: strona WWW; witryna/szyld, druk (menu, ulotki), odzież dla personelu (do sprawdzenia na miejscu)";nie kontaktowano;OpenStreetMap (amenity=fast_food, node/2721062078);2026-10-10
Gastronomia;C;3;Buskens Gastrobar;Gemert;Ridderplein 37 5421CX;https://buskens.nl;OK;tak;tak;2026;WordPress;Facebook, Instagram, LinkedIn;NIEUSTALONE (wymaga zdjęć lub wizji lokalnej);rekrutuje;;;;;Podstawy online OK;;"witryna/szyld, druk (menu, ulotki), odzież dla personelu (do sprawdzenia na miejscu); odzież/oklejenie dla nowych ludzi i aut";nie kontaktowano;OpenStreetMap (amenity=restaurant, node/3005547674);2026-10-10
Gastronomia;C;3;Butterfly;;;;NIE ZNALEZIONO STRONY W DANYCH;;;;;;NIEUSTALONE (wymaga zdjęć lub wizji lokalnej);;;;;;Do sprawdzenia;strony nie ma w danych mapy (do sprawdzenia);"jeśli faktycznie brak: strona WWW; witryna/szyld, druk (menu, ulotki), odzież dla personelu (do sprawdzenia na miejscu)";nie kontaktowano;OpenStreetMap (amenity=restaurant, node/11189340979);2026-10-10
Gastronomia;C;3;Buurthuis;;;;NIE ZNALEZIONO STRONY W DANYCH;;;;;;NIEUSTALONE (wymaga zdjęć lub wizji lokalnej);;;;;;Do sprawdzenia;strony nie ma w danych mapy (do sprawdzenia);"jeśli faktycznie brak: strona WWW; witryna/szyld, druk (menu, ulotki), odzież dla personelu (do sprawdzenia na miejscu)";nie kontaktowano;OpenStreetMap (amenity=cafe, node/13108578058);2026-10-10
Gastronomia;C;3;C-Food Bar;;;;NIE ZNALEZIONO STRONY W DANYCH;;;;;;NIEUSTALONE (wymaga zdjęć lub wizji lokalnej);;;;;;Do sprawdzenia;strony nie ma w danych mapy (do sprawdzenia);"jeśli faktycznie brak: strona WWW; witryna/szyld, druk (menu, ulotki), odzież dla personelu (do sprawdzenia na miejscu)";nie kontaktowano;OpenStreetMap (amenity=fast_food, node/9112896298);2026-10-10
Gastronomia;C;3;Cafe 't Kofferen;;;;NIE ZNALEZIONO STRONY W DANYCH;;;;;;NIEUSTALONE (wymaga zdjęć lub wizji lokalnej);;;;;;Do sprawdzenia;strony nie ma w danych mapy (do sprawdzenia);"jeśli faktycznie brak: strona WWW; witryna/szyld, druk (menu, ulotki), odzież dla personelu (do sprawdzenia na miejscu)";nie kontaktowano;OpenStreetMap (amenity=cafe, node/471038330);2026-10-10
Gastronomia;C;3;Cafe - Zaal de Tierelier;Bergeijk;Loo 92 5571KS;;NIE ZNALEZIONO STRONY W DANYCH;;;;;;NIEUSTALONE (wymaga zdjęć lub wizji lokalnej);;;;;;Do sprawdzenia;strony nie ma w danych mapy (do sprawdzenia);"jeśli faktycznie brak: strona WWW; witryna/szyld, druk (menu, ulotki), odzież dla personelu (do sprawdzenia na miejscu)";nie kontaktowano;OpenStreetMap (amenity=pub, node/2829075387);2026-10-10
Gastronomia;C;3;Cafe Afrika;Eindhoven;Leenderweg 72 5615AB;;NIE ZNALEZIONO STRONY W DANYCH;;;;;;NIEUSTALONE (wymaga zdjęć lub wizji lokalnej);;;;;;Do sprawdzenia;strony nie ma w danych mapy (do sprawdzenia);"jeśli faktycznie brak: strona WWW; witryna/szyld, druk (menu, ulotki), odzież dla personelu (do sprawdzenia na miejscu)";nie kontaktowano;OpenStreetMap (amenity=cafe, node/4762458290);2026-10-10
Gastronomia;C;3;Cafe Cosy;Geldrop;Langstraat 2 5664GG;;NIE ZNALEZIONO STRONY W DANYCH;;;;;;NIEUSTALONE (wymaga zdjęć lub wizji lokalnej);;;;;;Do sprawdzenia;strony nie ma w danych mapy (do sprawdzenia);"jeśli faktycznie brak: strona WWW; witryna/szyld, druk (menu, ulotki), odzież dla personelu (do sprawdzenia na miejscu)";nie kontaktowano;OpenStreetMap (amenity=bar, node/2872355730);2026-10-10
Gastronomia;C;3;Cafe D'n Bel;Bladel;Markt 50 5531BC;;NIE ZNALEZIONO STRONY W DANYCH;;;;;;NIEUSTALONE (wymaga zdjęć lub wizji lokalnej);;;;;;Do sprawdzenia;strony nie ma w danych mapy (do sprawdzenia);"jeśli faktycznie brak: strona WWW; witryna/szyld, druk (menu, ulotki), odzież dla personelu (do sprawdzenia na miejscu)";nie kontaktowano;OpenStreetMap (amenity=pub, node/2827067535);2026-10-10
Gastronomia;C;3;Cafe D'n Driesprong;Netersel;Carolus Simplexplein 15 5534AJ;;NIE ZNALEZIONO STRONY W DANYCH;;;;;;NIEUSTALONE (wymaga zdjęć lub wizji lokalnej);;;;;;Do sprawdzenia;strony nie ma w danych mapy (do sprawdzenia);"jeśli faktycznie brak: strona WWW; witryna/szyld, druk (menu, ulotki), odzież dla personelu (do sprawdzenia na miejscu)";nie kontaktowano;OpenStreetMap (amenity=pub, node/1495651559);2026-10-10
Gastronomia;C;3;Cafe Daan;Waalre;Den Hof 132 5582JZ;;NIE ZNALEZIONO STRONY W DANYCH;;;;;Facebook;NIEUSTALONE (wymaga zdjęć lub wizji lokalnej);;;;;;Do sprawdzenia;strony nie ma w danych mapy (do sprawdzenia);"jeśli faktycznie brak: strona WWW; witryna/szyld, druk (menu, ulotki), odzież dla personelu (do sprawdzenia na miejscu)";nie kontaktowano;OpenStreetMap (amenity=cafe, node/2929819211);2026-10-10
Gastronomia;C;3;Cafe De Babbelaar;Lierop;Hogeweg 1 5715AP;https://bablierop.nl/;OK;tak;tak;2026;WordPress;Facebook, Instagram;NIEUSTALONE (wymaga zdjęć lub wizji lokalnej);rekrutuje;;;;;Podstawy online OK;;"witryna/szyld, druk (menu, ulotki), odzież dla personelu (do sprawdzenia na miejscu); odzież/oklejenie dla nowych ludzi i aut";nie kontaktowano;OpenStreetMap (amenity=cafe, node/1750709759);2026-10-10
Gastronomia;C;3;Cafe de Locht;Veldhoven;Locht 14 5504KD;;NIE ZNALEZIONO STRONY W DANYCH;;;;;;NIEUSTALONE (wymaga zdjęć lub wizji lokalnej);;;;;;Do sprawdzenia;strony nie ma w danych mapy (do sprawdzenia);"jeśli faktycznie brak: strona WWW; witryna/szyld, druk (menu, ulotki), odzież dla personelu (do sprawdzenia na miejscu)";nie kontaktowano;OpenStreetMap (amenity=pub, node/2833144465);2026-10-10
Gastronomia;C;3;Cafe de Strijpse Ketel;;;;NIE ZNALEZIONO STRONY W DANYCH;;;;;;NIEUSTALONE (wymaga zdjęć lub wizji lokalnej);;;;;;Do sprawdzenia;strony nie ma w danych mapy (do sprawdzenia);"jeśli faktycznie brak: strona WWW; witryna/szyld, druk (menu, ulotki), odzież dla personelu (do sprawdzenia na miejscu)";nie kontaktowano;OpenStreetMap (amenity=cafe, node/1699991565);2026-10-10
Gastronomia;C;3;Cafe Herberg de Mispelhoef;Eindhoven;Oirschotsedijk 9 5651GB;;NIE ZNALEZIONO STRONY W DANYCH;;;;;;NIEUSTALONE (wymaga zdjęć lub wizji lokalnej);;;;;;Do sprawdzenia;strony nie ma w danych mapy (do sprawdzenia);"jeśli faktycznie brak: strona WWW; witryna/szyld, druk (menu, ulotki), odzież dla personelu (do sprawdzenia na miejscu)";nie kontaktowano;OpenStreetMap (amenity=restaurant, node/8750152894);2026-10-10
Gastronomia;C;3;CafeCasa;Valkenswaard;Markt 31 5554CA;https://cafecasa.nl;OK;tak;tak;2026;WordPress;Facebook, Instagram;NIEUSTALONE (wymaga zdjęć lub wizji lokalnej);sklep online;;;;;Podstawy online OK;;witryna/szyld, druk (menu, ulotki), odzież dla personelu (do sprawdzenia na miejscu);nie kontaktowano;OpenStreetMap (amenity=cafe, node/3665671180);2026-10-10
Gastronomia;C;3;Cafetaria 't Clowntje;Veldhoven;Rapportstraat 18 5504BP;;NIE ZNALEZIONO STRONY W DANYCH;;;;;;NIEUSTALONE (wymaga zdjęć lub wizji lokalnej);;;;;;Do sprawdzenia;strony nie ma w danych mapy (do sprawdzenia);"jeśli faktycznie brak: strona WWW; witryna/szyld, druk (menu, ulotki), odzież dla personelu (do sprawdzenia na miejscu)";nie kontaktowano;OpenStreetMap (amenity=fast_food, node/2833144942);2026-10-10
Gastronomia;C;3;Cafetaria 't Hofke;Eindhoven;Tongelresestraat 558 5641AZ;https://www.hethofke.com;OK;tak;tak;;;;NIEUSTALONE (wymaga zdjęć lub wizji lokalnej);;;;;;Częściowe braki;nie znaleziono social media na stronie;"materiały do social media; witryna/szyld, druk (menu, ulotki), odzież dla personelu (do sprawdzenia na miejscu)";nie kontaktowano;OpenStreetMap (amenity=fast_food, node/567494336);2026-10-10
Gastronomia;C;3;Cafetaria 't Huukske;Helmond;Markt 45 5701RJ;;NIE ZNALEZIONO STRONY W DANYCH;;;;;;NIEUSTALONE (wymaga zdjęć lub wizji lokalnej);;;;;;Do sprawdzenia;strony nie ma w danych mapy (do sprawdzenia);"jeśli faktycznie brak: strona WWW; witryna/szyld, druk (menu, ulotki), odzież dla personelu (do sprawdzenia na miejscu)";nie kontaktowano;OpenStreetMap (amenity=fast_food, node/2903873705);2026-10-10
Gastronomia;C;3;Cafetaria 't Pleintje;Waalre;Hortensialaan 16 5582CL;;NIE ZNALEZIONO STRONY W DANYCH;;;;;;NIEUSTALONE (wymaga zdjęć lub wizji lokalnej);;;;;;Do sprawdzenia;strony nie ma w danych mapy (do sprawdzenia);"jeśli faktycznie brak: strona WWW; witryna/szyld, druk (menu, ulotki), odzież dla personelu (do sprawdzenia na miejscu)";nie kontaktowano;OpenStreetMap (amenity=fast_food, node/2929820392);2026-10-10
Gastronomia;C;3;Cafetaria Blixembosch;Eindhoven;Ouverture 226 5629PX;https://www.cafetariablixembosch.nl;OK;tak;tak;2026;WordPress;;NIEUSTALONE (wymaga zdjęć lub wizji lokalnej);;;;;;Częściowe braki;nie znaleziono social media na stronie;"materiały do social media; witryna/szyld, druk (menu, ulotki), odzież dla personelu (do sprawdzenia na miejscu)";nie kontaktowano;OpenStreetMap (amenity=fast_food, node/2739551313);2026-10-10
Gastronomia;C;3;Cafetaria Brandevoort;Helmond;de Plaetse 117 5708ZK;https://www.cafetariabrandevoort.nl;OK;tak;tak;;WordPress;;NIEUSTALONE (wymaga zdjęć lub wizji lokalnej);;;;;;Częściowe braki;nie znaleziono social media na stronie;"materiały do social media; witryna/szyld, druk (menu, ulotki), odzież dla personelu (do sprawdzenia na miejscu)";nie kontaktowano;OpenStreetMap (amenity=fast_food, node/2885725071);2026-10-10
Gastronomia;C;3;Cafetaria d'Ekker;Veldhoven;Burgemeester van Hooffln 33 5503BJ;;NIE ZNALEZIONO STRONY W DANYCH;;;;;;NIEUSTALONE (wymaga zdjęć lub wizji lokalnej);;;;;;Do sprawdzenia;strony nie ma w danych mapy (do sprawdzenia);"jeśli faktycznie brak: strona WWW; witryna/szyld, druk (menu, ulotki), odzież dla personelu (do sprawdzenia na miejscu)";nie kontaktowano;OpenStreetMap (amenity=fast_food, node/2832700105);2026-10-10
Gastronomia;C;3;Cafetaria D'n Bol;Bergeijk;Eykereind 8 5571EC;https://www.cafetaria-dnbol.nl/;OK;tak;tak;;;;NIEUSTALONE (wymaga zdjęć lub wizji lokalnej);;;;;;Częściowe braki;nie znaleziono social media na stronie;"materiały do social media; witryna/szyld, druk (menu, ulotki), odzież dla personelu (do sprawdzenia na miejscu)";nie kontaktowano;OpenStreetMap (amenity=fast_food, node/2828722485);2026-10-10
Gastronomia;C;3;Cafetaria De Brug;;;;NIE ZNALEZIONO STRONY W DANYCH;;;;;;NIEUSTALONE (wymaga zdjęć lub wizji lokalnej);;;;;;Do sprawdzenia;strony nie ma w danych mapy (do sprawdzenia);"jeśli faktycznie brak: strona WWW; witryna/szyld, druk (menu, ulotki), odzież dla personelu (do sprawdzenia na miejscu)";nie kontaktowano;OpenStreetMap (amenity=fast_food, way/573320524);2026-10-10
Gastronomia;C;3;Cafetaria de Dommel;Valkenswaard;Van Bruhezedal 3 5551EW;;NIE ZNALEZIONO STRONY W DANYCH;;;;;;NIEUSTALONE (wymaga zdjęć lub wizji lokalnej);;;;;;Do sprawdzenia;strony nie ma w danych mapy (do sprawdzenia);"jeśli faktycznie brak: strona WWW; witryna/szyld, druk (menu, ulotki), odzież dla personelu (do sprawdzenia na miejscu)";nie kontaktowano;OpenStreetMap (amenity=cafe, node/2829175926);2026-10-10
Gastronomia;C;3;Cafetaria de Edison;;;;NIE ZNALEZIONO STRONY W DANYCH;;;;;;NIEUSTALONE (wymaga zdjęć lub wizji lokalnej);;;;;;Do sprawdzenia;strony nie ma w danych mapy (do sprawdzenia);"jeśli faktycznie brak: strona WWW; witryna/szyld, druk (menu, ulotki), odzież dla personelu (do sprawdzenia na miejscu)";nie kontaktowano;OpenStreetMap (amenity=fast_food, node/6045328197);2026-10-10
Gastronomia;C;3;Cafetaria de Gender;Veldhoven;Dorpstraat 14 5504HH;;NIE ZNALEZIONO STRONY W DANYCH;;;;;;NIEUSTALONE (wymaga zdjęć lub wizji lokalnej);;;;;;Do sprawdzenia;strony nie ma w danych mapy (do sprawdzenia);"jeśli faktycznie brak: strona WWW; witryna/szyld, druk (menu, ulotki), odzież dla personelu (do sprawdzenia na miejscu)";nie kontaktowano;OpenStreetMap (amenity=fast_food, node/2400637759);2026-10-10
Gastronomia;C;3;Cafetaria De Heivelden;;;;NIE ZNALEZIONO STRONY W DANYCH;;;;;;NIEUSTALONE (wymaga zdjęć lub wizji lokalnej);;;;;;Do sprawdzenia;strony nie ma w danych mapy (do sprawdzenia);"jeśli faktycznie brak: strona WWW; witryna/szyld, druk (menu, ulotki), odzież dla personelu (do sprawdzenia na miejscu)";nie kontaktowano;OpenStreetMap (amenity=fast_food, node/1347124981);2026-10-10
Gastronomia;C;3;Cafetaria de Hulst;Geldrop;Hulst 10 5662TH;;NIE ZNALEZIONO STRONY W DANYCH;;;;;;NIEUSTALONE (wymaga zdjęć lub wizji lokalnej);;;;;;Do sprawdzenia;strony nie ma w danych mapy (do sprawdzenia);"jeśli faktycznie brak: strona WWW; witryna/szyld, druk (menu, ulotki), odzież dla personelu (do sprawdzenia na miejscu)";nie kontaktowano;OpenStreetMap (amenity=fast_food, node/1788758877);2026-10-10
Gastronomia;C;3;Cafetaria De Lievendaal;Eindhoven;Lievendaalseweg 1 5652SB;;NIE ZNALEZIONO STRONY W DANYCH;;;;;;NIEUSTALONE (wymaga zdjęć lub wizji lokalnej);;;;;;Do sprawdzenia;strony nie ma w danych mapy (do sprawdzenia);"jeśli faktycznie brak: strona WWW; witryna/szyld, druk (menu, ulotki), odzież dla personelu (do sprawdzenia na miejscu)";nie kontaktowano;OpenStreetMap (amenity=fast_food, node/440931077);2026-10-10
Gastronomia;C;3;Cafetaria De Linde;Handel;Onze Lieve Vrouwestraat 48 5423SL;;NIE ZNALEZIONO STRONY W DANYCH;;;;;;NIEUSTALONE (wymaga zdjęć lub wizji lokalnej);;;;;;Do sprawdzenia;strony nie ma w danych mapy (do sprawdzenia);"jeśli faktycznie brak: strona WWW; witryna/szyld, druk (menu, ulotki), odzież dla personelu (do sprawdzenia na miejscu)";nie kontaktowano;OpenStreetMap (amenity=fast_food, node/3004885528);2026-10-10
Gastronomia;C;3;Cafetaria De Luifel;Best;De Schakel 65 5684AW;;NIE ZNALEZIONO STRONY W DANYCH;;;;;;NIEUSTALONE (wymaga zdjęć lub wizji lokalnej);;;;;;Do sprawdzenia;strony nie ma w danych mapy (do sprawdzenia);"jeśli faktycznie brak: strona WWW; witryna/szyld, druk (menu, ulotki), odzież dla personelu (do sprawdzenia na miejscu)";nie kontaktowano;OpenStreetMap (amenity=fast_food, node/2724055381);2026-10-10
Gastronomia;C;3;Cafetaria De Pindol;;;;NIE ZNALEZIONO STRONY W DANYCH;;;;;;NIEUSTALONE (wymaga zdjęć lub wizji lokalnej);;;;;;Do sprawdzenia;strony nie ma w danych mapy (do sprawdzenia);"jeśli faktycznie brak: strona WWW; witryna/szyld, druk (menu, ulotki), odzież dla personelu (do sprawdzenia na miejscu)";nie kontaktowano;OpenStreetMap (amenity=cafe, node/2440224757);2026-10-10
Gastronomia;C;3;Cafetaria De Pindol;Veldhoven;Dorpstraat 82 5504HK;;NIE ZNALEZIONO STRONY W DANYCH;;;;;;NIEUSTALONE (wymaga zdjęć lub wizji lokalnej);;;;;;Do sprawdzenia;strony nie ma w danych mapy (do sprawdzenia);"jeśli faktycznie brak: strona WWW; witryna/szyld, druk (menu, ulotki), odzież dla personelu (do sprawdzenia na miejscu)";nie kontaktowano;OpenStreetMap (amenity=cafe, node/2833140441);2026-10-10
Gastronomia;C;3;Cafetaria De Ridder;Gemert;Ridderplein 41 5421CX;;NIE ZNALEZIONO STRONY W DANYCH;;;;;;NIEUSTALONE (wymaga zdjęć lub wizji lokalnej);;;;;;Do sprawdzenia;strony nie ma w danych mapy (do sprawdzenia);"jeśli faktycznie brak: strona WWW; witryna/szyld, druk (menu, ulotki), odzież dla personelu (do sprawdzenia na miejscu)";nie kontaktowano;OpenStreetMap (amenity=fast_food, node/3005549361);2026-10-10
Gastronomia;C;3;Cafetaria de Smickelhoek;;;;NIE ZNALEZIONO STRONY W DANYCH;;;;;;NIEUSTALONE (wymaga zdjęć lub wizji lokalnej);;;;;;Do sprawdzenia;strony nie ma w danych mapy (do sprawdzenia);"jeśli faktycznie brak: strona WWW; witryna/szyld, druk (menu, ulotki), odzież dla personelu (do sprawdzenia na miejscu)";nie kontaktowano;OpenStreetMap (amenity=fast_food, node/1699991569);2026-10-10
Gastronomia;C;3;Cafetaria de Tongelhoek;Eindhoven;Tongelresestraat 117 5613DC;;NIE ZNALEZIONO STRONY W DANYCH;;;;;;NIEUSTALONE (wymaga zdjęć lub wizji lokalnej);;;;;;Do sprawdzenia;strony nie ma w danych mapy (do sprawdzenia);"jeśli faktycznie brak: strona WWW; witryna/szyld, druk (menu, ulotki), odzież dla personelu (do sprawdzenia na miejscu)";nie kontaktowano;OpenStreetMap (amenity=fast_food, node/528939774);2026-10-10
Gastronomia;C;3;Cafetaria De Troubadoer;Bladel;Bleijenhoek 6 5531BM;;NIE ZNALEZIONO STRONY W DANYCH;;;;;;NIEUSTALONE (wymaga zdjęć lub wizji lokalnej);;;;;;Do sprawdzenia;strony nie ma w danych mapy (do sprawdzenia);"jeśli faktycznie brak: strona WWW; witryna/szyld, druk (menu, ulotki), odzież dla personelu (do sprawdzenia na miejscu)";nie kontaktowano;OpenStreetMap (amenity=fast_food, node/2827068296);2026-10-10
Gastronomia;C;3;Cafetaria de Weefkamer;;;https://www.deweefkamer.nl;OK;tak;tak;2026;WordPress;;NIEUSTALONE (wymaga zdjęć lub wizji lokalnej);;;;;;Częściowe braki;nie znaleziono social media na stronie;"materiały do social media; witryna/szyld, druk (menu, ulotki), odzież dla personelu (do sprawdzenia na miejscu)";nie kontaktowano;OpenStreetMap (amenity=fast_food, node/4743260405);2026-10-10
Gastronomia;C;3;Cafetaria Heeze;Heeze;ten Borchwardplein 26 5591ML;;NIE ZNALEZIONO STRONY W DANYCH;;;;;;NIEUSTALONE (wymaga zdjęć lub wizji lokalnej);;;;;;Do sprawdzenia;strony nie ma w danych mapy (do sprawdzenia);"jeśli faktycznie brak: strona WWW; witryna/szyld, druk (menu, ulotki), odzież dla personelu (do sprawdzenia na miejscu)";nie kontaktowano;OpenStreetMap (amenity=fast_food, node/2830079144);2026-10-10
Gastronomia;C;3;Cafetaria Heuvelplein;Nuenen;Heuvel 6 5674RR;;NIE ZNALEZIONO STRONY W DANYCH;;;;;;NIEUSTALONE (wymaga zdjęć lub wizji lokalnej);;;;;;Do sprawdzenia;strony nie ma w danych mapy (do sprawdzenia);"jeśli faktycznie brak: strona WWW; witryna/szyld, druk (menu, ulotki), odzież dla personelu (do sprawdzenia na miejscu)";nie kontaktowano;OpenStreetMap (amenity=fast_food, node/2994410869);2026-10-10
Gastronomia;C;3;Cafetaria Klumpke;Leende;Dorpstraat 116 5595CK;;NIE ZNALEZIONO STRONY W DANYCH;;;;;;NIEUSTALONE (wymaga zdjęć lub wizji lokalnej);;;;;;Do sprawdzenia;strony nie ma w danych mapy (do sprawdzenia);"jeśli faktycznie brak: strona WWW; witryna/szyld, druk (menu, ulotki), odzież dla personelu (do sprawdzenia na miejscu)";nie kontaktowano;OpenStreetMap (amenity=fast_food, node/2340186957);2026-10-10
Gastronomia;C;3;Cafetaria Kuil;;;;NIE ZNALEZIONO STRONY W DANYCH;;;;;;NIEUSTALONE (wymaga zdjęć lub wizji lokalnej);;;;;;Do sprawdzenia;strony nie ma w danych mapy (do sprawdzenia);"jeśli faktycznie brak: strona WWW; witryna/szyld, druk (menu, ulotki), odzież dla personelu (do sprawdzenia na miejscu)";nie kontaktowano;OpenStreetMap (amenity=restaurant, node/3032256415);2026-10-10
Gastronomia;C;3;Cafetaria Manders;;;;NIE ZNALEZIONO STRONY W DANYCH;;;;;;NIEUSTALONE (wymaga zdjęć lub wizji lokalnej);;;;;;Do sprawdzenia;strony nie ma w danych mapy (do sprawdzenia);"jeśli faktycznie brak: strona WWW; witryna/szyld, druk (menu, ulotki), odzież dla personelu (do sprawdzenia na miejscu)";nie kontaktowano;OpenStreetMap (amenity=fast_food, node/1315429233);2026-10-10
Gastronomia;C;3;Cafetaria Mediteraño;Eindhoven;Beukenlaan 1A 5616SH;https://www.mediteranostrijp.nl/;OK;tak;tak;2026;;;NIEUSTALONE (wymaga zdjęć lub wizji lokalnej);;;;;;Częściowe braki;nie znaleziono social media na stronie;"materiały do social media; witryna/szyld, druk (menu, ulotki), odzież dla personelu (do sprawdzenia na miejscu)";nie kontaktowano;OpenStreetMap (amenity=restaurant, node/2754213921);2026-10-10
Gastronomia;C;3;Cafetaria Mega-bite;Bladel;Markt 34 5531BC;https://www.cafetariamegabite.nl;OK;tak;tak;;WordPress;Facebook, Instagram;NIEUSTALONE (wymaga zdjęć lub wizji lokalnej);rekrutuje;;;;;Podstawy online OK;;"witryna/szyld, druk (menu, ulotki), odzież dla personelu (do sprawdzenia na miejscu); odzież/oklejenie dla nowych ludzi i aut";nie kontaktowano;OpenStreetMap (amenity=fast_food, node/2827063741);2026-10-10
Gastronomia;C;3;Cafetaria Nicky;Eindhoven;St Bonifaciuslaan 9 5643NA;;NIE ZNALEZIONO STRONY W DANYCH;;;;;;NIEUSTALONE (wymaga zdjęć lub wizji lokalnej);;;;;;Do sprawdzenia;strony nie ma w danych mapy (do sprawdzenia);"jeśli faktycznie brak: strona WWW; witryna/szyld, druk (menu, ulotki), odzież dla personelu (do sprawdzenia na miejscu)";nie kontaktowano;OpenStreetMap (amenity=fast_food, node/2743669424);2026-10-10
Gastronomia;C;3;Cafetaria Olaf & Christel;Helmond;Wederhof 5 5709CD;https://www.e-food.nl/skin/basic/helmond/cafetaria-olaf--christel/start;OK;tak;tak;;;;NIEUSTALONE (wymaga zdjęć lub wizji lokalnej);;;;;;Częściowe braki;nie znaleziono social media na stronie;"materiały do social media; witryna/szyld, druk (menu, ulotki), odzież dla personelu (do sprawdzenia na miejscu)";nie kontaktowano;OpenStreetMap (amenity=fast_food, node/13774433110);2026-10-10
Gastronomia;C;3;Cafetaria Ons Danny;Eindhoven;Mimosaplein 6 5643CJ;https://www.bestelonsdanny.nl/;OK;tak;tak;2026;;;NIEUSTALONE (wymaga zdjęć lub wizji lokalnej);;;;;;Częściowe braki;nie znaleziono social media na stronie;"materiały do social media; witryna/szyld, druk (menu, ulotki), odzież dla personelu (do sprawdzenia na miejscu)";nie kontaktowano;OpenStreetMap (amenity=fast_food, node/2740343035);2026-10-10
Gastronomia;C;3;Cafetaria Oude Gracht;;;;NIE ZNALEZIONO STRONY W DANYCH;;;;;;NIEUSTALONE (wymaga zdjęć lub wizji lokalnej);;;;;;Do sprawdzenia;strony nie ma w danych mapy (do sprawdzenia);"jeśli faktycznie brak: strona WWW; witryna/szyld, druk (menu, ulotki), odzież dla personelu (do sprawdzenia na miejscu)";nie kontaktowano;OpenStreetMap (amenity=fast_food, node/1488749754);2026-10-10
Gastronomia;C;3;Cafetaria Pejoco;Eindhoven;Bredalaan 21 5652JA;;NIE ZNALEZIONO STRONY W DANYCH;;;;;;NIEUSTALONE (wymaga zdjęć lub wizji lokalnej);;;;;;Do sprawdzenia;strony nie ma w danych mapy (do sprawdzenia);"jeśli faktycznie brak: strona WWW; witryna/szyld, druk (menu, ulotki), odzież dla personelu (do sprawdzenia na miejscu)";nie kontaktowano;OpenStreetMap (amenity=fast_food, node/2713920060);2026-10-10
Gastronomia;C;3;Cafetaria Pleintje;;;;NIE ZNALEZIONO STRONY W DANYCH;;;;;;NIEUSTALONE (wymaga zdjęć lub wizji lokalnej);;;;;;Do sprawdzenia;strony nie ma w danych mapy (do sprawdzenia);"jeśli faktycznie brak: strona WWW; witryna/szyld, druk (menu, ulotki), odzież dla personelu (do sprawdzenia na miejscu)";nie kontaktowano;OpenStreetMap (amenity=fast_food, node/2340184850);2026-10-10
Gastronomia;C;3;Cafetaria Strabrecht;Heeze;Kapelstraat 44 5591HE;;NIE ZNALEZIONO STRONY W DANYCH;;;;;;NIEUSTALONE (wymaga zdjęć lub wizji lokalnej);;;;;;Do sprawdzenia;strony nie ma w danych mapy (do sprawdzenia);"jeśli faktycznie brak: strona WWW; witryna/szyld, druk (menu, ulotki), odzież dla personelu (do sprawdzenia na miejscu)";nie kontaktowano;OpenStreetMap (amenity=fast_food, node/2830082288);2026-10-10
Gastronomia;C;3;Cafetaria Stratum;Eindhoven;St Bonifaciuslaan 304 5645NG;;NIE ZNALEZIONO STRONY W DANYCH;;;;;;NIEUSTALONE (wymaga zdjęć lub wizji lokalnej);;;;;;Do sprawdzenia;strony nie ma w danych mapy (do sprawdzenia);"jeśli faktycznie brak: strona WWW; witryna/szyld, druk (menu, ulotki), odzież dla personelu (do sprawdzenia na miejscu)";nie kontaktowano;OpenStreetMap (amenity=fast_food, node/2742839726);2026-10-10
Gastronomia;C;3;Cafetaria Strijp;Eindhoven;Schootsestraat 104 5616RG;;NIE ZNALEZIONO STRONY W DANYCH;;;;;;NIEUSTALONE (wymaga zdjęć lub wizji lokalnej);;;;;;Do sprawdzenia;strony nie ma w danych mapy (do sprawdzenia);"jeśli faktycznie brak: strona WWW; witryna/szyld, druk (menu, ulotki), odzież dla personelu (do sprawdzenia na miejscu)";nie kontaktowano;OpenStreetMap (amenity=restaurant, node/616510426);2026-10-10
Gastronomia;C;3;Cafetaria Trudoplein;Eindhoven;Strijpsestraat 184 5616GW;;NIE ZNALEZIONO STRONY W DANYCH;;;;;;NIEUSTALONE (wymaga zdjęć lub wizji lokalnej);;;;;;Do sprawdzenia;strony nie ma w danych mapy (do sprawdzenia);"jeśli faktycznie brak: strona WWW; witryna/szyld, druk (menu, ulotki), odzież dla personelu (do sprawdzenia na miejscu)";nie kontaktowano;OpenStreetMap (amenity=fast_food, node/2754213661);2026-10-10
Gastronomia;C;3;Cafetaria Vinnie's;Nuenen;Hoge Brake 12 5672GL;;NIE ZNALEZIONO STRONY W DANYCH;;;;;;NIEUSTALONE (wymaga zdjęć lub wizji lokalnej);;;;;;Do sprawdzenia;strony nie ma w danych mapy (do sprawdzenia);"jeśli faktycznie brak: strona WWW; witryna/szyld, druk (menu, ulotki), odzież dla personelu (do sprawdzenia na miejscu)";nie kontaktowano;OpenStreetMap (amenity=fast_food, node/8794639649);2026-10-10
Gastronomia;C;3;Cafetaria Zilst;Veldhoven;Blaarthemseweg 5 5502JR;https://cafetariazilst.nl/;OK;tak;tak;;WordPress;;NIEUSTALONE (wymaga zdjęć lub wizji lokalnej);;;;;;Częściowe braki;nie znaleziono social media na stronie;"materiały do social media; witryna/szyld, druk (menu, ulotki), odzież dla personelu (do sprawdzenia na miejscu)";nie kontaktowano;OpenStreetMap (amenity=fast_food, node/2833324916);2026-10-10
Gastronomia;C;3;Cafetarijoll;Hapert;Oude Provincialeweg 49 5527BN;;NIE ZNALEZIONO STRONY W DANYCH;;;;;Facebook;NIEUSTALONE (wymaga zdjęć lub wizji lokalnej);;;;;;Do sprawdzenia;strony nie ma w danych mapy (do sprawdzenia);"jeśli faktycznie brak: strona WWW; witryna/szyld, druk (menu, ulotki), odzież dla personelu (do sprawdzenia na miejscu)";nie kontaktowano;OpenStreetMap (amenity=fast_food, node/2827407918);2026-10-10
Gastronomia;C;3;Café 't Bambierke;Eindhoven;Ranonkelstraat 26 5644LD;;NIE ZNALEZIONO STRONY W DANYCH;;;;;;NIEUSTALONE (wymaga zdjęć lub wizji lokalnej);;;;;;Do sprawdzenia;strony nie ma w danych mapy (do sprawdzenia);"jeśli faktycznie brak: strona WWW; witryna/szyld, druk (menu, ulotki), odzież dla personelu (do sprawdzenia na miejscu)";nie kontaktowano;OpenStreetMap (amenity=cafe, node/2739446878);2026-10-10
Gastronomia;C;3;Café 't Straotje 2.0;Sint-Oedenrode;Kerkstraat 18 5492AH;;NIE ZNALEZIONO STRONY W DANYCH;;;;;Facebook;NIEUSTALONE (wymaga zdjęć lub wizji lokalnej);;;;;;Do sprawdzenia;strony nie ma w danych mapy (do sprawdzenia);"jeśli faktycznie brak: strona WWW; witryna/szyld, druk (menu, ulotki), odzież dla personelu (do sprawdzenia na miejscu)";nie kontaktowano;OpenStreetMap (amenity=pub, node/2796097364);2026-10-10
Gastronomia;C;3;Café Altstadt;Eindhoven;Stratumseind 71 5611EP;;NIE ZNALEZIONO STRONY W DANYCH;;;;;;NIEUSTALONE (wymaga zdjęć lub wizji lokalnej);;;;;;Do sprawdzenia;strony nie ma w danych mapy (do sprawdzenia);"jeśli faktycznie brak: strona WWW; witryna/szyld, druk (menu, ulotki), odzież dla personelu (do sprawdzenia na miejscu)";nie kontaktowano;OpenStreetMap (amenity=pub, node/2765283884);2026-10-10
Gastronomia;C;3;Café Andreas;Oost West en Middelbeers;Kerkstraat 10 5091BE;https://kerkoostelbeers.nl/cafe-andreas/;OK;tak;tak;;WordPress;Facebook;NIEUSTALONE (wymaga zdjęć lub wizji lokalnej);sklep online;;;;;Podstawy online OK;;witryna/szyld, druk (menu, ulotki), odzież dla personelu (do sprawdzenia na miejscu);nie kontaktowano;OpenStreetMap (amenity=bar, node/13369980008);2026-10-10
Gastronomia;C;3;Café bar de Clown;Geldrop;Langstraat 99 5664GE;;NIE ZNALEZIONO STRONY W DANYCH;;;;;;NIEUSTALONE (wymaga zdjęć lub wizji lokalnej);;;;;;Do sprawdzenia;strony nie ma w danych mapy (do sprawdzenia);"jeśli faktycznie brak: strona WWW; witryna/szyld, druk (menu, ulotki), odzież dla personelu (do sprawdzenia na miejscu)";nie kontaktowano;OpenStreetMap (amenity=bar, node/1792122257);2026-10-10
Gastronomia;C;3;Café Bar Monkey's;Eindhoven;Stratumseind 35 5611EP;;NIE ZNALEZIONO STRONY W DANYCH;;;;;;NIEUSTALONE (wymaga zdjęć lub wizji lokalnej);;;;;;Do sprawdzenia;strony nie ma w danych mapy (do sprawdzenia);"jeśli faktycznie brak: strona WWW; witryna/szyld, druk (menu, ulotki), odzież dla personelu (do sprawdzenia na miejscu)";nie kontaktowano;OpenStreetMap (amenity=pub, node/2765282257);2026-10-10
Gastronomia;C;3;Café Bistro D'n Brink;Someren;Brink 10 5712GA;https://www.cafebistrodenbrink.nl;OK;tak;tak;;WordPress;Facebook, Instagram;NIEUSTALONE (wymaga zdjęć lub wizji lokalnej);rekrutuje;;;;;Podstawy online OK;;"witryna/szyld, druk (menu, ulotki), odzież dla personelu (do sprawdzenia na miejscu); odzież/oklejenie dla nowych ludzi i aut";nie kontaktowano;OpenStreetMap (amenity=cafe, node/2851424451);2026-10-10
Gastronomia;C;3;Café Bonjour;;;;NIE ZNALEZIONO STRONY W DANYCH;;;;;;NIEUSTALONE (wymaga zdjęć lub wizji lokalnej);;;;;;Do sprawdzenia;strony nie ma w danych mapy (do sprawdzenia);"jeśli faktycznie brak: strona WWW; witryna/szyld, druk (menu, ulotki), odzież dla personelu (do sprawdzenia na miejscu)";nie kontaktowano;OpenStreetMap (amenity=cafe, node/13614247064);2026-10-10
Gastronomia;C;3;Café Chefs;Gemert;Ruijschenberghstraat 2 5421KS;https://cafechefs.nl;OK;tak;tak;;WordPress;;NIEUSTALONE (wymaga zdjęć lub wizji lokalnej);;;;;;Częściowe braki;nie znaleziono social media na stronie;"materiały do social media; witryna/szyld, druk (menu, ulotki), odzież dla personelu (do sprawdzenia na miejscu)";nie kontaktowano;OpenStreetMap (amenity=pub, node/3005542226);2026-10-10
Gastronomia;C;3;Café Costa;Eindhoven;Stratumseind 31 5611EN;https://cafecosta.nl/;OK;tak;tak;;WordPress;Facebook, Instagram;NIEUSTALONE (wymaga zdjęć lub wizji lokalnej);rekrutuje;;;;;Podstawy online OK;;"witryna/szyld, druk (menu, ulotki), odzież dla personelu (do sprawdzenia na miejscu); odzież/oklejenie dla nowych ludzi i aut";nie kontaktowano;OpenStreetMap (amenity=pub, node/2765282152);2026-10-10
Gastronomia;C;3;Café de Bel;Valkenswaard;Markt 26 5554CC;https://www.cafe-de-bel.nl;OK;tak;tak;;WordPress;Facebook, Instagram;NIEUSTALONE (wymaga zdjęć lub wizji lokalnej);rekrutuje;;;;;Podstawy online OK;;"witryna/szyld, druk (menu, ulotki), odzież dla personelu (do sprawdzenia na miejscu); odzież/oklejenie dla nowych ludzi i aut";nie kontaktowano;OpenStreetMap (amenity=pub, node/1345799183);2026-10-10
Gastronomia;C;3;Café De Beuk;Sint-Oedenrode;Pastoor Smitsstraat 4 5491XN;;NIE ZNALEZIONO STRONY W DANYCH;;;;;;NIEUSTALONE (wymaga zdjęć lub wizji lokalnej);;;;;;Do sprawdzenia;strony nie ma w danych mapy (do sprawdzenia);"jeśli faktycznie brak: strona WWW; witryna/szyld, druk (menu, ulotki), odzież dla personelu (do sprawdzenia na miejscu)";nie kontaktowano;OpenStreetMap (amenity=cafe, node/2795301985);2026-10-10
Gastronomia;C;3;Café de Kram;Eindhoven;Stratumseind 42 5611ET;;NIE ZNALEZIONO STRONY W DANYCH;;;;;;NIEUSTALONE (wymaga zdjęć lub wizji lokalnej);;;;;;Do sprawdzenia;strony nie ma w danych mapy (do sprawdzenia);"jeśli faktycznie brak: strona WWW; witryna/szyld, druk (menu, ulotki), odzież dla personelu (do sprawdzenia na miejscu)";nie kontaktowano;OpenStreetMap (amenity=pub, node/2765282597);2026-10-10
Gastronomia;C;3;Café De Kroeg;Sint-Oedenrode;Borchmolendijk 11 5492AJ;;NIE ZNALEZIONO STRONY W DANYCH;;;;;;NIEUSTALONE (wymaga zdjęć lub wizji lokalnej);;;;;;Do sprawdzenia;strony nie ma w danych mapy (do sprawdzenia);"jeśli faktycznie brak: strona WWW; witryna/szyld, druk (menu, ulotki), odzież dla personelu (do sprawdzenia na miejscu)";nie kontaktowano;OpenStreetMap (amenity=cafe, node/2796091854);2026-10-10
Gastronomia;C;3;Café De Muis;Geldrop;Hulst 145 5662TG;;NIE ZNALEZIONO STRONY W DANYCH;;;;;;NIEUSTALONE (wymaga zdjęć lub wizji lokalnej);;;;;;Do sprawdzenia;strony nie ma w danych mapy (do sprawdzenia);"jeśli faktycznie brak: strona WWW; witryna/szyld, druk (menu, ulotki), odzież dla personelu (do sprawdzenia na miejscu)";nie kontaktowano;OpenStreetMap (amenity=cafe, node/726580601);2026-10-10
Gastronomia;C;3;Café de Mèrt;Eersel;Markt 12 5521AL;;NIE ZNALEZIONO STRONY W DANYCH;;;;;;NIEUSTALONE (wymaga zdjęć lub wizji lokalnej);;;;;;Do sprawdzenia;strony nie ma w danych mapy (do sprawdzenia);"jeśli faktycznie brak: strona WWW; witryna/szyld, druk (menu, ulotki), odzież dla personelu (do sprawdzenia na miejscu)";nie kontaktowano;OpenStreetMap (amenity=pub, node/2828634074);2026-10-10
Gastronomia;C;3;Café de Stier;Veldhoven;Dorpstraat 8 5504HH;;NIE ZNALEZIONO STRONY W DANYCH;;;;;;NIEUSTALONE (wymaga zdjęć lub wizji lokalnej);;;;;;Do sprawdzenia;strony nie ma w danych mapy (do sprawdzenia);"jeśli faktycznie brak: strona WWW; witryna/szyld, druk (menu, ulotki), odzież dla personelu (do sprawdzenia na miejscu)";nie kontaktowano;OpenStreetMap (amenity=pub, node/2833148719);2026-10-10
Gastronomia;C;3;Café de Vlegel;Helmond;Kasteellaan 7 5701PR;;NIE ZNALEZIONO STRONY W DANYCH;;;;;;NIEUSTALONE (wymaga zdjęć lub wizji lokalnej);;;;;;Do sprawdzenia;strony nie ma w danych mapy (do sprawdzenia);"jeśli faktycznie brak: strona WWW; witryna/szyld, druk (menu, ulotki), odzież dla personelu (do sprawdzenia na miejscu)";nie kontaktowano;OpenStreetMap (amenity=bar, node/2903876931);2026-10-10
Gastronomia;C;3;Café Den Bels;Casteren;Zandstraat 1 5529AP;;NIE ZNALEZIONO STRONY W DANYCH;;;;;;NIEUSTALONE (wymaga zdjęć lub wizji lokalnej);;;;;;Do sprawdzenia;strony nie ma w danych mapy (do sprawdzenia);"jeśli faktycznie brak: strona WWW; witryna/szyld, druk (menu, ulotki), odzież dla personelu (do sprawdzenia na miejscu)";nie kontaktowano;OpenStreetMap (amenity=pub, node/2827180421);2026-10-10
Gastronomia;C;3;Café Genestho;;;;NIE ZNALEZIONO STRONY W DANYCH;;;;;;NIEUSTALONE (wymaga zdjęć lub wizji lokalnej);;;;;;Do sprawdzenia;strony nie ma w danych mapy (do sprawdzenia);"jeśli faktycznie brak: strona WWW; witryna/szyld, druk (menu, ulotki), odzież dla personelu (do sprawdzenia na miejscu)";nie kontaktowano;OpenStreetMap (amenity=bar, node/3579525471);2026-10-10
Gastronomia;C;3;Café Gij&ik;Gemert;Ridderplein 35 5421CX;https://gijenik.nl/;OK;tak;tak;2026;WordPress;Facebook, Instagram, LinkedIn, TikTok;NIEUSTALONE (wymaga zdjęć lub wizji lokalnej);rekrutuje;;;;;Podstawy online OK;;"witryna/szyld, druk (menu, ulotki), odzież dla personelu (do sprawdzenia na miejscu); odzież/oklejenie dla nowych ludzi i aut";nie kontaktowano;OpenStreetMap (amenity=bar, node/3005545779);2026-10-10
Gastronomia;C;3;Café Goesting;Nuenen;Park 61 5671GC;;NIE ZNALEZIONO STRONY W DANYCH;;;;;;NIEUSTALONE (wymaga zdjęć lub wizji lokalnej);;;;;;Do sprawdzenia;strony nie ma w danych mapy (do sprawdzenia);"jeśli faktycznie brak: strona WWW; witryna/szyld, druk (menu, ulotki), odzież dla personelu (do sprawdzenia na miejscu)";nie kontaktowano;OpenStreetMap (amenity=cafe, node/52037629);2026-10-10
Gastronomia;C;3;Café Heidelicht;Mol;Eerselseweg 100 2400;;NIE ZNALEZIONO STRONY W DANYCH;;;;;;NIEUSTALONE (wymaga zdjęć lub wizji lokalnej);;;;;;Do sprawdzenia;strony nie ma w danych mapy (do sprawdzenia);"jeśli faktycznie brak: strona WWW; witryna/szyld, druk (menu, ulotki), odzież dla personelu (do sprawdzenia na miejscu)";nie kontaktowano;OpenStreetMap (amenity=cafe, way/956185982);2026-10-10
Gastronomia;C;3;Café Herbergh 't Loon;Waalre;Loonderweg 44 5581VG;https://www.herbergtloon.nl/;OK;tak;tak;2026;;Facebook, Instagram, TikTok;NIEUSTALONE (wymaga zdjęć lub wizji lokalnej);rekrutuje;;;;;Podstawy online OK;;"witryna/szyld, druk (menu, ulotki), odzież dla personelu (do sprawdzenia na miejscu); odzież/oklejenie dla nowych ludzi i aut";nie kontaktowano;OpenStreetMap (amenity=restaurant, node/2931351027);2026-10-10
Gastronomia;C;3;Café Het Wapen Van Zesgehuchten;Geldrop;Hoog Geldrop 158 5663BJ;;NIE ZNALEZIONO STRONY W DANYCH;;;;;;NIEUSTALONE (wymaga zdjęć lub wizji lokalnej);;;;;;Do sprawdzenia;strony nie ma w danych mapy (do sprawdzenia);"jeśli faktycznie brak: strona WWW; witryna/szyld, druk (menu, ulotki), odzież dla personelu (do sprawdzenia na miejscu)";nie kontaktowano;OpenStreetMap (amenity=pub, node/2871430968);2026-10-10
Gastronomia;C;3;Café Kaat;Eindhoven;Kleine Berg 61A 5611JT;;NIE ZNALEZIONO STRONY W DANYCH;;;;;;NIEUSTALONE (wymaga zdjęć lub wizji lokalnej);;;;;;Do sprawdzenia;strony nie ma w danych mapy (do sprawdzenia);"jeśli faktycznie brak: strona WWW; witryna/szyld, druk (menu, ulotki), odzież dla personelu (do sprawdzenia na miejscu)";nie kontaktowano;OpenStreetMap (amenity=cafe, node/5298101915);2026-10-10
Gastronomia;C;3;Café Kennedie;;;;NIE ZNALEZIONO STRONY W DANYCH;;;;;;NIEUSTALONE (wymaga zdjęć lub wizji lokalnej);;;;;;Do sprawdzenia;strony nie ma w danych mapy (do sprawdzenia);"jeśli faktycznie brak: strona WWW; witryna/szyld, druk (menu, ulotki), odzież dla personelu (do sprawdzenia na miejscu)";nie kontaktowano;OpenStreetMap (amenity=cafe, node/10961993931);2026-10-10
Gastronomia;C;3;Café Manus;;;;NIE ZNALEZIONO STRONY W DANYCH;;;;;;NIEUSTALONE (wymaga zdjęć lub wizji lokalnej);;;;;;Do sprawdzenia;strony nie ma w danych mapy (do sprawdzenia);"jeśli faktycznie brak: strona WWW; witryna/szyld, druk (menu, ulotki), odzież dla personelu (do sprawdzenia na miejscu)";nie kontaktowano;OpenStreetMap (amenity=pub, node/1631794420);2026-10-10
Gastronomia;C;3;Café Mina;Vessem;Wilhelminalaan 1 5512BJ;;NIE ZNALEZIONO STRONY W DANYCH;;;;;Facebook, Instagram;NIEUSTALONE (wymaga zdjęć lub wizji lokalnej);;;;;;Do sprawdzenia;strony nie ma w danych mapy (do sprawdzenia);"jeśli faktycznie brak: strona WWW; witryna/szyld, druk (menu, ulotki), odzież dla personelu (do sprawdzenia na miejscu)";nie kontaktowano;OpenStreetMap (amenity=pub, node/319588051);2026-10-10
Gastronomia;C;3;Café Restaurant Eindhoven;;;https://caferestauranteindhoven.nl/;OK;tak;tak;2026;;;NIEUSTALONE (wymaga zdjęć lub wizji lokalnej);;;;;;Częściowe braki;nie znaleziono social media na stronie;"materiały do social media; witryna/szyld, druk (menu, ulotki), odzież dla personelu (do sprawdzenia na miejscu)";nie kontaktowano;OpenStreetMap (amenity=restaurant, node/567669422);2026-10-10
Gastronomia;C;3;Café Roothans;Leende;Dorpstraat 134 5595CK;;NIE ZNALEZIONO STRONY W DANYCH;;;;;;NIEUSTALONE (wymaga zdjęć lub wizji lokalnej);;;;;;Do sprawdzenia;strony nie ma w danych mapy (do sprawdzenia);"jeśli faktycznie brak: strona WWW; witryna/szyld, druk (menu, ulotki), odzież dla personelu (do sprawdzenia na miejscu)";nie kontaktowano;OpenStreetMap (amenity=pub, node/2829421544);2026-10-10
Gastronomia;C;3;Café Salute;Eindhoven;Stratumseind 40 5611ET;;NIE ZNALEZIONO STRONY W DANYCH;;;;;;NIEUSTALONE (wymaga zdjęć lub wizji lokalnej);;;;;;Do sprawdzenia;strony nie ma w danych mapy (do sprawdzenia);"jeśli faktycznie brak: strona WWW; witryna/szyld, druk (menu, ulotki), odzież dla personelu (do sprawdzenia na miejscu)";nie kontaktowano;OpenStreetMap (amenity=pub, node/2765282522);2026-10-10
Gastronomia;C;3;Café Stacey's;Eindhoven;Jan van Lieshoutstraat 30-32 5611EE;;NIE ZNALEZIONO STRONY W DANYCH;;;;;;NIEUSTALONE (wymaga zdjęć lub wizji lokalnej);;;;;;Do sprawdzenia;strony nie ma w danych mapy (do sprawdzenia);"jeśli faktycznie brak: strona WWW; witryna/szyld, druk (menu, ulotki), odzież dla personelu (do sprawdzenia na miejscu)";nie kontaktowano;OpenStreetMap (amenity=pub, node/7795528185);2026-10-10
Gastronomia;C;3;Café Trace;Eindhoven;Stratumseind 41 5611EP;;NIE ZNALEZIONO STRONY W DANYCH;;;;;;NIEUSTALONE (wymaga zdjęć lub wizji lokalnej);;;;;;Do sprawdzenia;strony nie ma w danych mapy (do sprawdzenia);"jeśli faktycznie brak: strona WWW; witryna/szyld, druk (menu, ulotki), odzież dla personelu (do sprawdzenia na miejscu)";nie kontaktowano;OpenStreetMap (amenity=pub, node/2765282554);2026-10-10
Gastronomia;C;3;Café Van Hoek;Asten;Markt 12 5721GE;;NIE ZNALEZIONO STRONY W DANYCH;;;;;;NIEUSTALONE (wymaga zdjęć lub wizji lokalnej);;;;;;Do sprawdzenia;strony nie ma w danych mapy (do sprawdzenia);"jeśli faktycznie brak: strona WWW; witryna/szyld, druk (menu, ulotki), odzież dla personelu (do sprawdzenia na miejscu)";nie kontaktowano;OpenStreetMap (amenity=cafe, node/2872185729);2026-10-10
Gastronomia;C;3;Café Willem van Oranje;Veldhoven;Heuvel 17 5502AJ;;NIE ZNALEZIONO STRONY W DANYCH;;;;;Facebook;NIEUSTALONE (wymaga zdjęć lub wizji lokalnej);;;;;;Do sprawdzenia;strony nie ma w danych mapy (do sprawdzenia);"jeśli faktycznie brak: strona WWW; witryna/szyld, druk (menu, ulotki), odzież dla personelu (do sprawdzenia na miejscu)";nie kontaktowano;OpenStreetMap (amenity=pub, node/2833323213);2026-10-10
Gastronomia;C;3;Café Zaal 't Anker;De Mortel;St.-Antoniusstraat 55 5425VE;;NIE ZNALEZIONO STRONY W DANYCH;;;;;;NIEUSTALONE (wymaga zdjęć lub wizji lokalnej);;;;;;Do sprawdzenia;strony nie ma w danych mapy (do sprawdzenia);"jeśli faktycznie brak: strona WWW; witryna/szyld, druk (menu, ulotki), odzież dla personelu (do sprawdzenia na miejscu)";nie kontaktowano;OpenStreetMap (amenity=cafe, node/3014844686);2026-10-10
Gastronomia;C;3;Café Zaal De Sportvriend;Veldhoven;Kromstraat 47 5504BB;;NIE ZNALEZIONO STRONY W DANYCH;;;;;;NIEUSTALONE (wymaga zdjęć lub wizji lokalnej);;;;;;Do sprawdzenia;strony nie ma w danych mapy (do sprawdzenia);"jeśli faktycznie brak: strona WWW; witryna/szyld, druk (menu, ulotki), odzież dla personelu (do sprawdzenia na miejscu)";nie kontaktowano;OpenStreetMap (amenity=pub, node/2832333348);2026-10-10
Gastronomia;C;3;Café-Zaal Berkenbosch;;;;NIE ZNALEZIONO STRONY W DANYCH;;;;;;NIEUSTALONE (wymaga zdjęć lub wizji lokalnej);;;;;;Do sprawdzenia;strony nie ma w danych mapy (do sprawdzenia);"jeśli faktycznie brak: strona WWW; witryna/szyld, druk (menu, ulotki), odzież dla personelu (do sprawdzenia na miejscu)";nie kontaktowano;OpenStreetMap (amenity=cafe, node/61102659);2026-10-10
Gastronomia;C;3;Café-Zaal-Hotel Thijssen;Vlierden;Pastoriestraat 20 5756AM;https://www.vlierden.com;OK;tak;tak;;WordPress;Facebook;NIEUSTALONE (wymaga zdjęć lub wizji lokalnej);sklep online;;;;;Podstawy online OK;;witryna/szyld, druk (menu, ulotki), odzież dla personelu (do sprawdzenia na miejscu);nie kontaktowano;OpenStreetMap (amenity=pub, node/6337556456);2026-10-10
Gastronomia;C;3;Camping Somerense Vennen;;;;NIE ZNALEZIONO STRONY W DANYCH;;;;;;NIEUSTALONE (wymaga zdjęć lub wizji lokalnej);;;;;;Do sprawdzenia;strony nie ma w danych mapy (do sprawdzenia);"jeśli faktycznie brak: strona WWW; witryna/szyld, druk (menu, ulotki), odzież dla personelu (do sprawdzenia na miejscu)";nie kontaktowano;OpenStreetMap (amenity=restaurant, node/6558208800);2026-10-10
Gastronomia;C;3;Caravelle;;;;NIE ZNALEZIONO STRONY W DANYCH;;;;;;NIEUSTALONE (wymaga zdjęć lub wizji lokalnej);;;;;;Do sprawdzenia;strony nie ma w danych mapy (do sprawdzenia);"jeśli faktycznie brak: strona WWW; witryna/szyld, druk (menu, ulotki), odzież dla personelu (do sprawdzenia na miejscu)";nie kontaktowano;OpenStreetMap (amenity=pub, node/11926185021);2026-10-10
Gastronomia;C;3;Carpaccio Chop;;;;NIE ZNALEZIONO STRONY W DANYCH;;;;;;NIEUSTALONE (wymaga zdjęć lub wizji lokalnej);;;;;;Do sprawdzenia;strony nie ma w danych mapy (do sprawdzenia);"jeśli faktycznie brak: strona WWW; witryna/szyld, druk (menu, ulotki), odzież dla personelu (do sprawdzenia na miejscu)";nie kontaktowano;OpenStreetMap (amenity=fast_food, node/9112896306);2026-10-10
Gastronomia;C;3;Casa di Veve;;;;NIE ZNALEZIONO STRONY W DANYCH;;;;;;NIEUSTALONE (wymaga zdjęć lub wizji lokalnej);;;;;;Do sprawdzenia;strony nie ma w danych mapy (do sprawdzenia);"jeśli faktycznie brak: strona WWW; witryna/szyld, druk (menu, ulotki), odzież dla personelu (do sprawdzenia na miejscu)";nie kontaktowano;OpenStreetMap (amenity=fast_food, node/9112896303);2026-10-10
Gastronomia;C;3;Casa Pepe;Eindhoven;Leenderweg 63 5614HL;https://www.casapepe.nl;OK;tak;tak;;Squarespace;Facebook, Instagram, TikTok;NIEUSTALONE (wymaga zdjęć lub wizji lokalnej);rekrutuje;;;;;Podstawy online OK;;"witryna/szyld, druk (menu, ulotki), odzież dla personelu (do sprawdzenia na miejscu); odzież/oklejenie dla nowych ludzi i aut";nie kontaktowano;OpenStreetMap (amenity=restaurant, node/2758435039);2026-10-10
Gastronomia;C;3;Casa Savór;Eindhoven;Hoogstraat 76 5615PR;https://www.casasavoreindhoven.nl;OK;tak;tak;;Wix;Instagram;NIEUSTALONE (wymaga zdjęć lub wizji lokalnej);rekrutuje;;;;;Podstawy online OK;;"witryna/szyld, druk (menu, ulotki), odzież dla personelu (do sprawdzenia na miejscu); odzież/oklejenie dla nowych ludzi i aut";nie kontaktowano;OpenStreetMap (amenity=restaurant, node/12805994485);2026-10-10
Gastronomia;C;3;Cassandra;;;;NIE ZNALEZIONO STRONY W DANYCH;;;;;;NIEUSTALONE (wymaga zdjęć lub wizji lokalnej);;;;;;Do sprawdzenia;strony nie ma w danych mapy (do sprawdzenia);"jeśli faktycznie brak: strona WWW; witryna/szyld, druk (menu, ulotki), odzież dla personelu (do sprawdzenia na miejscu)";nie kontaktowano;OpenStreetMap (amenity=fast_food, node/1251729085);2026-10-10
Gastronomia;C;3;Centraal;Eindhoven;Markt 8 5611EB;https://www.centraaleindhoven.nl/;OK;tak;tak;;Wix;Facebook, Instagram;NIEUSTALONE (wymaga zdjęć lub wizji lokalnej);rekrutuje;;;;;Podstawy online OK;;"witryna/szyld, druk (menu, ulotki), odzież dla personelu (do sprawdzenia na miejscu); odzież/oklejenie dla nowych ludzi i aut";nie kontaktowano;OpenStreetMap (amenity=pub, node/2765369377);2026-10-10
Gastronomia;C;3;Centro Español;Eindhoven;Hugo de Grootplein 47A 5652LL;;NIE ZNALEZIONO STRONY W DANYCH;;;;;;NIEUSTALONE (wymaga zdjęć lub wizji lokalnej);;;;;;Do sprawdzenia;strony nie ma w danych mapy (do sprawdzenia);"jeśli faktycznie brak: strona WWW; witryna/szyld, druk (menu, ulotki), odzież dla personelu (do sprawdzenia na miejscu)";nie kontaktowano;OpenStreetMap (amenity=restaurant, node/1038467890);2026-10-10
Gastronomia;C;3;Centrum Bar Café;;;;NIE ZNALEZIONO STRONY W DANYCH;;;;;;NIEUSTALONE (wymaga zdjęć lub wizji lokalnej);;;;;;Do sprawdzenia;strony nie ma w danych mapy (do sprawdzenia);"jeśli faktycznie brak: strona WWW; witryna/szyld, druk (menu, ulotki), odzież dla personelu (do sprawdzenia na miejscu)";nie kontaktowano;OpenStreetMap (amenity=bar, node/5859231640);2026-10-10
Gastronomia;C;3;Cheers;Eindhoven;Leenderweg 113 5614HM;;NIE ZNALEZIONO STRONY W DANYCH;;;;;;NIEUSTALONE (wymaga zdjęć lub wizji lokalnej);;;;;;Do sprawdzenia;strony nie ma w danych mapy (do sprawdzenia);"jeśli faktycznie brak: strona WWW; witryna/szyld, druk (menu, ulotki), odzież dla personelu (do sprawdzenia na miejscu)";nie kontaktowano;OpenStreetMap (amenity=bar, node/2758433734);2026-10-10
Gastronomia;C;3;CHEF-E Foodie Factory;;;;NIE ZNALEZIONO STRONY W DANYCH;;;;;;NIEUSTALONE (wymaga zdjęć lub wizji lokalnej);;;;;;Do sprawdzenia;strony nie ma w danych mapy (do sprawdzenia);"jeśli faktycznie brak: strona WWW; witryna/szyld, druk (menu, ulotki), odzież dla personelu (do sprawdzenia na miejscu)";nie kontaktowano;OpenStreetMap (amenity=restaurant, node/13946174740);2026-10-10
Gastronomia;C;3;Chidoz;Eindhoven;Keizersgracht 21 5611GC;https://chidoz.mx;OK;tak;tak;2026;;Facebook, Instagram;NIEUSTALONE (wymaga zdjęć lub wizji lokalnej);nowa lokalizacja;;;;;Podstawy online OK;;"witryna/szyld, druk (menu, ulotki), odzież dla personelu (do sprawdzenia na miejscu); oznakowanie nowej lokalizacji / start marki";nie kontaktowano;OpenStreetMap (amenity=restaurant, node/2765368092);2026-10-10
Gastronomia;C;3;Chidóz;Eindhoven;Torenallee 101 5617BR;;NIE ZNALEZIONO STRONY W DANYCH;;;;;;NIEUSTALONE (wymaga zdjęć lub wizji lokalnej);;;;;;Do sprawdzenia;strony nie ma w danych mapy (do sprawdzenia);"jeśli faktycznie brak: strona WWW; witryna/szyld, druk (menu, ulotki), odzież dla personelu (do sprawdzenia na miejscu)";nie kontaktowano;OpenStreetMap (amenity=fast_food, node/11065792659);2026-10-10
Gastronomia;C;3;China Garden;Heeze;Nieuwendijk 6 5591JK;;NIE ZNALEZIONO STRONY W DANYCH;;;;;;NIEUSTALONE (wymaga zdjęć lub wizji lokalnej);;;;;;Do sprawdzenia;strony nie ma w danych mapy (do sprawdzenia);"jeśli faktycznie brak: strona WWW; witryna/szyld, druk (menu, ulotki), odzież dla personelu (do sprawdzenia na miejscu)";nie kontaktowano;OpenStreetMap (amenity=restaurant, node/2829801969);2026-10-10
Gastronomia;C;3;China Garden;Helmond;Nieuwveld 5A 5702HW;;NIE ZNALEZIONO STRONY W DANYCH;;;;;;NIEUSTALONE (wymaga zdjęć lub wizji lokalnej);;;;;;Do sprawdzenia;strony nie ma w danych mapy (do sprawdzenia);"jeśli faktycznie brak: strona WWW; witryna/szyld, druk (menu, ulotki), odzież dla personelu (do sprawdzenia na miejscu)";nie kontaktowano;OpenStreetMap (amenity=restaurant, node/2903267468);2026-10-10
Gastronomia;C;3;China Inn;Eindhoven;Ardèchelaan 25 5627EM;https://www.china-inn.nl;OK;tak;tak;;;;NIEUSTALONE (wymaga zdjęć lub wizji lokalnej);;;;;;Częściowe braki;nie znaleziono social media na stronie;"materiały do social media; witryna/szyld, druk (menu, ulotki), odzież dla personelu (do sprawdzenia na miejscu)";nie kontaktowano;OpenStreetMap (amenity=restaurant, node/2747765680);2026-10-10
Gastronomia;C;3;Chinees Indisch Restaurant Lung Hing;Eindhoven;Antwerpenlaan 16 5628XE;;NIE ZNALEZIONO STRONY W DANYCH;;;;;Facebook;NIEUSTALONE (wymaga zdjęć lub wizji lokalnej);;;;;;Do sprawdzenia;strony nie ma w danych mapy (do sprawdzenia);"jeśli faktycznie brak: strona WWW; witryna/szyld, druk (menu, ulotki), odzież dla personelu (do sprawdzenia na miejscu)";nie kontaktowano;OpenStreetMap (amenity=restaurant, node/2735184434);2026-10-10
Gastronomia;C;3;Chinees Restaurant Lotus;Leende;Dorpstraat 15 5595CC;;NIE ZNALEZIONO STRONY W DANYCH;;;;;;NIEUSTALONE (wymaga zdjęć lub wizji lokalnej);;;;;;Do sprawdzenia;strony nie ma w danych mapy (do sprawdzenia);"jeśli faktycznie brak: strona WWW; witryna/szyld, druk (menu, ulotki), odzież dla personelu (do sprawdzenia na miejscu)";nie kontaktowano;OpenStreetMap (amenity=restaurant, node/2340215648);2026-10-10
Gastronomia;C;3;Churro's;Eindhoven;Demer 47 5611AP;;NIE ZNALEZIONO STRONY W DANYCH;;;;;;NIEUSTALONE (wymaga zdjęć lub wizji lokalnej);;;;;;Do sprawdzenia;strony nie ma w danych mapy (do sprawdzenia);"jeśli faktycznie brak: strona WWW; witryna/szyld, druk (menu, ulotki), odzież dla personelu (do sprawdzenia na miejscu)";nie kontaktowano;OpenStreetMap (amenity=fast_food, node/2765448660);2026-10-10
Gastronomia;C;3;Châlet Couvert;Aarle-Rixtel;Dorpsstraat 92 5735EG;https://chaletcouvert.nl/;OK;tak;tak;;WordPress;Facebook, Instagram;NIEUSTALONE (wymaga zdjęć lub wizji lokalnej);rekrutuje;;;;;Podstawy online OK;;"witryna/szyld, druk (menu, ulotki), odzież dla personelu (do sprawdzenia na miejscu); odzież/oklejenie dla nowych ludzi i aut";nie kontaktowano;OpenStreetMap (amenity=restaurant, node/2901026474);2026-10-10
Gastronomia;C;3;Cinnamood;Eindhoven;Rechtestraat 28 5611GP;https://cinnamoodrolls.com/?lang=nl;OK;tak;tak;2025;WordPress;Facebook;NIEUSTALONE (wymaga zdjęć lub wizji lokalnej);rekrutuje;;;;;Podstawy online OK;;"witryna/szyld, druk (menu, ulotki), odzież dla personelu (do sprawdzenia na miejscu); odzież/oklejenie dla nowych ludzi i aut";nie kontaktowano;OpenStreetMap (amenity=cafe, node/11533854094);2026-10-10
Gastronomia;C;3;Ciska's Catering;;;;NIE ZNALEZIONO STRONY W DANYCH;;;;;;NIEUSTALONE (wymaga zdjęć lub wizji lokalnej);;;;;;Do sprawdzenia;strony nie ma w danych mapy (do sprawdzenia);"jeśli faktycznie brak: strona WWW; witryna/szyld, druk (menu, ulotki), odzież dla personelu (do sprawdzenia na miejscu)";nie kontaktowano;OpenStreetMap (amenity=fast_food, node/11832934962);2026-10-10
Gastronomia;C;3;City Garden Eindhoven;Eindhoven;Vrijstraat 5611AT;;NIE ZNALEZIONO STRONY W DANYCH;;;;;;NIEUSTALONE (wymaga zdjęć lub wizji lokalnej);;;;;;Do sprawdzenia;strony nie ma w danych mapy (do sprawdzenia);"jeśli faktycznie brak: strona WWW; witryna/szyld, druk (menu, ulotki), odzież dla personelu (do sprawdzenia na miejscu)";nie kontaktowano;OpenStreetMap (amenity=bar, node/11097061203);2026-10-10
Gastronomia;C;3;City Kebab;;;;NIE ZNALEZIONO STRONY W DANYCH;;;;;;NIEUSTALONE (wymaga zdjęć lub wizji lokalnej);;;;;;Do sprawdzenia;strony nie ma w danych mapy (do sprawdzenia);"jeśli faktycznie brak: strona WWW; witryna/szyld, druk (menu, ulotki), odzież dla personelu (do sprawdzenia na miejscu)";nie kontaktowano;OpenStreetMap (amenity=fast_food, node/12161779301);2026-10-10
Gastronomia;C;3;Cizz Bizz;Eindhoven;Kruisstraat 47 5612CC;;NIE ZNALEZIONO STRONY W DANYCH;;;;;;NIEUSTALONE (wymaga zdjęć lub wizji lokalnej);;;;;;Do sprawdzenia;strony nie ma w danych mapy (do sprawdzenia);"jeśli faktycznie brak: strona WWW; witryna/szyld, druk (menu, ulotki), odzież dla personelu (do sprawdzenia na miejscu)";nie kontaktowano;OpenStreetMap (amenity=restaurant, node/2777942669);2026-10-10
Gastronomia;C;3;Craft;Wintelre;Willibrordusstraat 46 5513AZ;https://www.hotel46.nl/restaurant/;OK;tak;tak;2026;WordPress;Facebook, Instagram, LinkedIn, YouTube;NIEUSTALONE (wymaga zdjęć lub wizji lokalnej);rekrutuje;;;;;Podstawy online OK;;"witryna/szyld, druk (menu, ulotki), odzież dla personelu (do sprawdzenia na miejscu); odzież/oklejenie dla nowych ludzi i aut";nie kontaktowano;OpenStreetMap (amenity=restaurant, node/10734873243);2026-10-10
Gastronomia;C;3;Cucina Basta!;Leende;Dorpstraat 52 5595CJ;https://cucinabasta.nl;OK;tak;tak;;WordPress;Facebook, Instagram;NIEUSTALONE (wymaga zdjęć lub wizji lokalnej);rekrutuje;;;;;Podstawy online OK;;"witryna/szyld, druk (menu, ulotki), odzież dla personelu (do sprawdzenia na miejscu); odzież/oklejenie dla nowych ludzi i aut";nie kontaktowano;OpenStreetMap (amenity=restaurant, node/2340183734);2026-10-10
Gastronomia;C;3;Cyprus;Helmond;Wethouder Ebbenlaan 200 5702AG;https://www.eethuiscyprushelmond.nl/;OK;tak;tak;;;;NIEUSTALONE (wymaga zdjęć lub wizji lokalnej);;;;;;Częściowe braki;nie znaleziono social media na stronie;"materiały do social media; witryna/szyld, druk (menu, ulotki), odzież dla personelu (do sprawdzenia na miejscu)";nie kontaktowano;OpenStreetMap (amenity=restaurant, node/2903263433);2026-10-10
Gastronomia;C;3;Cyrano;Eindhoven;Hurksestraat 44 5652AL;;NIE ZNALEZIONO STRONY W DANYCH;;;;;;NIEUSTALONE (wymaga zdjęć lub wizji lokalnej);;;;;;Do sprawdzenia;strony nie ma w danych mapy (do sprawdzenia);"jeśli faktycznie brak: strona WWW; witryna/szyld, druk (menu, ulotki), odzież dla personelu (do sprawdzenia na miejscu)";nie kontaktowano;OpenStreetMap (amenity=cafe, node/531672704);2026-10-10
Gastronomia;C;3;D'n Doel;;;;NIE ZNALEZIONO STRONY W DANYCH;;;;;;NIEUSTALONE (wymaga zdjęć lub wizji lokalnej);;;;;;Do sprawdzenia;strony nie ma w danych mapy (do sprawdzenia);"jeśli faktycznie brak: strona WWW; witryna/szyld, druk (menu, ulotki), odzież dla personelu (do sprawdzenia na miejscu)";nie kontaktowano;OpenStreetMap (amenity=fast_food, node/1752790463);2026-10-10
Gastronomia;C;3;D'n Dommel;Sint-Oedenrode;Markt 15 5492AA;https://www.dndommel.nl;OK;tak;tak;2026;;;NIEUSTALONE (wymaga zdjęć lub wizji lokalnej);;;;;;Częściowe braki;nie znaleziono social media na stronie;"materiały do social media; witryna/szyld, druk (menu, ulotki), odzież dla personelu (do sprawdzenia na miejscu)";nie kontaktowano;OpenStreetMap (amenity=cafe, node/2796099875);2026-10-10
Gastronomia;C;3;D'n Ekker;;;;NIE ZNALEZIONO STRONY W DANYCH;;;;;;NIEUSTALONE (wymaga zdjęć lub wizji lokalnej);;;;;;Do sprawdzenia;strony nie ma w danych mapy (do sprawdzenia);"jeśli faktycznie brak: strona WWW; witryna/szyld, druk (menu, ulotki), odzież dla personelu (do sprawdzenia na miejscu)";nie kontaktowano;OpenStreetMap (amenity=pub, node/1631794424);2026-10-10
Gastronomia;C;3;D'n Hertog;Eindhoven;Stationsplein 16 5611AB;https://dnhertog.nl/;OK;tak;tak;;WordPress;Facebook, Instagram;NIEUSTALONE (wymaga zdjęć lub wizji lokalnej);rekrutuje;;;;;Podstawy online OK;;"witryna/szyld, druk (menu, ulotki), odzież dla personelu (do sprawdzenia na miejscu); odzież/oklejenie dla nowych ludzi i aut";nie kontaktowano;OpenStreetMap (amenity=pub, node/2765158991);2026-10-10
Gastronomia;C;3;D'n Kleine Dommel;Nuenen;Collseweg 47A 5674TR;https://www.denkleinedommel.nl;OK;tak;tak;;WordPress;Facebook, LinkedIn, YouTube;NIEUSTALONE (wymaga zdjęć lub wizji lokalnej);rekrutuje;;;;;Podstawy online OK;;"witryna/szyld, druk (menu, ulotki), odzież dla personelu (do sprawdzenia na miejscu); odzież/oklejenie dla nowych ludzi i aut";nie kontaktowano;OpenStreetMap (amenity=restaurant, node/3076570989);2026-10-10
Gastronomia;C;3;d'Ouwe Tramhalte;Duizel;Wolverstraat 28 5525AS;https://www.tramhalte.nl/;OK;tak;tak;;;Facebook, Instagram;NIEUSTALONE (wymaga zdjęć lub wizji lokalnej);rekrutuje;;;;;Podstawy online OK;;"witryna/szyld, druk (menu, ulotki), odzież dla personelu (do sprawdzenia na miejscu); odzież/oklejenie dla nowych ludzi i aut";nie kontaktowano;OpenStreetMap (amenity=restaurant, node/2827664134);2026-10-10
Gastronomia;C;3;D12 Hoofdrestaurant;;;;NIE ZNALEZIONO STRONY W DANYCH;;;;;;NIEUSTALONE (wymaga zdjęć lub wizji lokalnej);;;;;;Do sprawdzenia;strony nie ma w danych mapy (do sprawdzenia);"jeśli faktycznie brak: strona WWW; witryna/szyld, druk (menu, ulotki), odzież dla personelu (do sprawdzenia na miejscu)";nie kontaktowano;OpenStreetMap (amenity=fast_food, node/12524640280);2026-10-10
Gastronomia;C;3;Daantje's;;;;NIE ZNALEZIONO STRONY W DANYCH;;;;;;NIEUSTALONE (wymaga zdjęć lub wizji lokalnej);;;;;;Do sprawdzenia;strony nie ma w danych mapy (do sprawdzenia);"jeśli faktycznie brak: strona WWW; witryna/szyld, druk (menu, ulotki), odzież dla personelu (do sprawdzenia na miejscu)";nie kontaktowano;OpenStreetMap (amenity=cafe, node/12467679800);2026-10-10
Gastronomia;C;3;Dadawan;Eindhoven;Heuvel Galerie 195 5611DK;https://www.dadawan.nl/;OK;tak;tak;;WordPress;Facebook, Instagram, TikTok;NIEUSTALONE (wymaga zdjęć lub wizji lokalnej);rekrutuje;;;;;Podstawy online OK;;"witryna/szyld, druk (menu, ulotki), odzież dla personelu (do sprawdzenia na miejscu); odzież/oklejenie dla nowych ludzi i aut";nie kontaktowano;OpenStreetMap (amenity=restaurant, node/2765367954);2026-10-10
Gastronomia;C;3;De Aardappeleters;Nuenen;Berg 30 5671CC;;NIE ZNALEZIONO STRONY W DANYCH;;;;;;NIEUSTALONE (wymaga zdjęć lub wizji lokalnej);;;;;;Do sprawdzenia;strony nie ma w danych mapy (do sprawdzenia);"jeśli faktycznie brak: strona WWW; witryna/szyld, druk (menu, ulotki), odzież dla personelu (do sprawdzenia na miejscu)";nie kontaktowano;OpenStreetMap (amenity=fast_food, node/2994053627);2026-10-10
Gastronomia;C;3;De Bank;Helmond;Veestraat 46 5701RD;;NIE ZNALEZIONO STRONY W DANYCH;;;;;;NIEUSTALONE (wymaga zdjęć lub wizji lokalnej);;;;;;Do sprawdzenia;strony nie ma w danych mapy (do sprawdzenia);"jeśli faktycznie brak: strona WWW; witryna/szyld, druk (menu, ulotki), odzież dla personelu (do sprawdzenia na miejscu)";nie kontaktowano;OpenStreetMap (amenity=restaurant, node/448648857);2026-10-10
Gastronomia;C;3;De Baron;Asten;Markt 19 5721GE;;NIE ZNALEZIONO STRONY W DANYCH;;;;;;NIEUSTALONE (wymaga zdjęć lub wizji lokalnej);;;;;;Do sprawdzenia;strony nie ma w danych mapy (do sprawdzenia);"jeśli faktycznie brak: strona WWW; witryna/szyld, druk (menu, ulotki), odzież dla personelu (do sprawdzenia na miejscu)";nie kontaktowano;OpenStreetMap (amenity=pub, node/2872186377);2026-10-10
Gastronomia;C;3;De Bengel;;;;NIE ZNALEZIONO STRONY W DANYCH;;;;;;NIEUSTALONE (wymaga zdjęć lub wizji lokalnej);;;;;;Do sprawdzenia;strony nie ma w danych mapy (do sprawdzenia);"jeśli faktycznie brak: strona WWW; witryna/szyld, druk (menu, ulotki), odzież dla personelu (do sprawdzenia na miejscu)";nie kontaktowano;OpenStreetMap (amenity=pub, node/3446864539);2026-10-10
Gastronomia;C;3;De Bengel Valkenswaard;Valkenswaard;Markt 22 5554CC;https://valkenswaard.debengel.com/;OK;tak;tak;2026;;;NIEUSTALONE (wymaga zdjęć lub wizji lokalnej);;;;;;Częściowe braki;nie znaleziono social media na stronie;"materiały do social media; witryna/szyld, druk (menu, ulotki), odzież dla personelu (do sprawdzenia na miejscu)";nie kontaktowano;OpenStreetMap (amenity=restaurant, node/2828952728);2026-10-10
Gastronomia;C;3;de Beurs;Eindhoven;Stratumseind 60 5611EV;;NIE ZNALEZIONO STRONY W DANYCH;;;;;;NIEUSTALONE (wymaga zdjęć lub wizji lokalnej);;;;;;Do sprawdzenia;strony nie ma w danych mapy (do sprawdzenia);"jeśli faktycznie brak: strona WWW; witryna/szyld, druk (menu, ulotki), odzież dla personelu (do sprawdzenia na miejscu)";nie kontaktowano;OpenStreetMap (amenity=bar, node/2765283473);2026-10-10
Gastronomia;C;3;De Beurs;Oirschot;Sint Odulphusstraat 5 5688BA;https://www.debeurs-oirschot.nl/;OK;tak;tak;;WordPress;Facebook, Instagram;NIEUSTALONE (wymaga zdjęć lub wizji lokalnej);rekrutuje;;;;;Podstawy online OK;;"witryna/szyld, druk (menu, ulotki), odzież dla personelu (do sprawdzenia na miejscu); odzież/oklejenie dla nowych ludzi i aut";nie kontaktowano;OpenStreetMap (amenity=restaurant, node/2825998387);2026-10-10
Gastronomia;C;3;De binnenstad;Eindhoven;Emmasingel 35D 5611AZ;;NIE ZNALEZIONO STRONY W DANYCH;;;;;Facebook;NIEUSTALONE (wymaga zdjęć lub wizji lokalnej);;;;;;Do sprawdzenia;strony nie ma w danych mapy (do sprawdzenia);"jeśli faktycznie brak: strona WWW; witryna/szyld, druk (menu, ulotki), odzież dla personelu (do sprawdzenia na miejscu)";nie kontaktowano;OpenStreetMap (amenity=restaurant, node/2765448307);2026-10-10
Gastronomia;C;3;De Boerderij;Eindhoven;High Tech Campus 61 5656AG;;NIE ZNALEZIONO STRONY W DANYCH;;;;;;NIEUSTALONE (wymaga zdjęć lub wizji lokalnej);;;;;;Do sprawdzenia;strony nie ma w danych mapy (do sprawdzenia);"jeśli faktycznie brak: strona WWW; witryna/szyld, druk (menu, ulotki), odzież dla personelu (do sprawdzenia na miejscu)";nie kontaktowano;OpenStreetMap (amenity=cafe, node/2727694808);2026-10-10
Gastronomia;C;3;De Boerderij;;;;NIE ZNALEZIONO STRONY W DANYCH;;;;;;NIEUSTALONE (wymaga zdjęć lub wizji lokalnej);;;;;;Do sprawdzenia;strony nie ma w danych mapy (do sprawdzenia);"jeśli faktycznie brak: strona WWW; witryna/szyld, druk (menu, ulotki), odzież dla personelu (do sprawdzenia na miejscu)";nie kontaktowano;OpenStreetMap (amenity=cafe, way/557275560);2026-10-10
Gastronomia;C;3;De Bonnefooi;Eersel;Postelseweg 90 5521RD;;NIE ZNALEZIONO STRONY W DANYCH;;;;;;NIEUSTALONE (wymaga zdjęć lub wizji lokalnej);;;;;;Do sprawdzenia;strony nie ma w danych mapy (do sprawdzenia);"jeśli faktycznie brak: strona WWW; witryna/szyld, druk (menu, ulotki), odzież dla personelu (do sprawdzenia na miejscu)";nie kontaktowano;OpenStreetMap (amenity=bar, node/2828538596);2026-10-10
Gastronomia;C;3;De Boschwachter;Heeze;Heezerenbosch 6 5591TA;https://deboschwachter.nl/;OK;tak;tak;2026;WordPress;;NIEUSTALONE (wymaga zdjęć lub wizji lokalnej);;;;;;Częściowe braki;nie znaleziono social media na stronie;"materiały do social media; witryna/szyld, druk (menu, ulotki), odzież dla personelu (do sprawdzenia na miejscu)";nie kontaktowano;OpenStreetMap (amenity=restaurant, node/2830083017);2026-10-10
Gastronomia;C;3;De Braak;Helmond;Rembrandtlaan 10 5702XZ;;NIE ZNALEZIONO STRONY W DANYCH;;;;;;NIEUSTALONE (wymaga zdjęć lub wizji lokalnej);;;;;;Do sprawdzenia;strony nie ma w danych mapy (do sprawdzenia);"jeśli faktycznie brak: strona WWW; witryna/szyld, druk (menu, ulotki), odzież dla personelu (do sprawdzenia na miejscu)";nie kontaktowano;OpenStreetMap (amenity=fast_food, node/448759306);2026-10-10
Gastronomia;C;3;De Brabantse Kluis;Aarle-Rixtel;Kloosterdreef 8 5735SJ;https://www.brabantsekluis.nl/;OK;tak;tak;;;Facebook, Instagram, LinkedIn, YouTube;NIEUSTALONE (wymaga zdjęć lub wizji lokalnej);rekrutuje;;;;;Podstawy online OK;;"witryna/szyld, druk (menu, ulotki), odzież dla personelu (do sprawdzenia na miejscu); odzież/oklejenie dla nowych ludzi i aut";nie kontaktowano;OpenStreetMap (amenity=restaurant, node/2900886906);2026-10-10
Gastronomia;C;3;De Brand Veldhoven;Veldhoven;Dorpstraat 27 5504HA;https://www.thebrandveldhoven.nl/;OK;tak;tak;;WordPress;Facebook;NIEUSTALONE (wymaga zdjęć lub wizji lokalnej);rekrutuje;;;;;Podstawy online OK;;"witryna/szyld, druk (menu, ulotki), odzież dla personelu (do sprawdzenia na miejscu); odzież/oklejenie dla nowych ludzi i aut";nie kontaktowano;OpenStreetMap (amenity=restaurant, node/2833145900);2026-10-10
Gastronomia;C;3;De Buffel;Best;Oirschotseweg 108 5684NL;;NIE ZNALEZIONO STRONY W DANYCH;;;;;;NIEUSTALONE (wymaga zdjęć lub wizji lokalnej);;;;;;Do sprawdzenia;strony nie ma w danych mapy (do sprawdzenia);"jeśli faktycznie brak: strona WWW; witryna/szyld, druk (menu, ulotki), odzież dla personelu (do sprawdzenia na miejscu)";nie kontaktowano;OpenStreetMap (amenity=restaurant, node/1347029953);2026-10-10
Gastronomia;C;3;De Bumpkes;Beek en Donk;Heuvelplein 75 5741JJ;https://www.snackbardebumkes.nl/;OK;tak;tak;2026;;;NIEUSTALONE (wymaga zdjęć lub wizji lokalnej);;;;;;Częściowe braki;nie znaleziono social media na stronie;"materiały do social media; witryna/szyld, druk (menu, ulotki), odzież dla personelu (do sprawdzenia na miejscu)";nie kontaktowano;OpenStreetMap (amenity=restaurant, node/2900703807);2026-10-10
Gastronomia;C;3;De Cafe Douwe Egberts;;Vrijstraat 7;;NIE ZNALEZIONO STRONY W DANYCH;;;;;;NIEUSTALONE (wymaga zdjęć lub wizji lokalnej);;;;;;Do sprawdzenia;strony nie ma w danych mapy (do sprawdzenia);"jeśli faktycznie brak: strona WWW; witryna/szyld, druk (menu, ulotki), odzież dla personelu (do sprawdzenia na miejscu)";nie kontaktowano;OpenStreetMap (amenity=cafe, node/10814278639);2026-10-10
Gastronomia;C;3;De Catch;;;;NIE ZNALEZIONO STRONY W DANYCH;;;;;;NIEUSTALONE (wymaga zdjęć lub wizji lokalnej);;;;;;Do sprawdzenia;strony nie ma w danych mapy (do sprawdzenia);"jeśli faktycznie brak: strona WWW; witryna/szyld, druk (menu, ulotki), odzież dla personelu (do sprawdzenia na miejscu)";nie kontaktowano;OpenStreetMap (amenity=fast_food, node/1919738399);2026-10-10
Gastronomia;C;3;De Collse Hoeve;Nuenen;Collse Hoefdijk 24 5674VK;;NIE ZNALEZIONO STRONY W DANYCH;;;;;;NIEUSTALONE (wymaga zdjęć lub wizji lokalnej);;;;;;Do sprawdzenia;strony nie ma w danych mapy (do sprawdzenia);"jeśli faktycznie brak: strona WWW; witryna/szyld, druk (menu, ulotki), odzież dla personelu (do sprawdzenia na miejscu)";nie kontaktowano;OpenStreetMap (amenity=restaurant, node/2992225591);2026-10-10
Gastronomia;C;3;De Cuijt;Mierlo;Burgemeester Termeerstraat 50 5731SE;https://www.restaurant-decuijt.nl;OK;tak;tak;;WordPress;Facebook, Instagram;NIEUSTALONE (wymaga zdjęć lub wizji lokalnej);rekrutuje;;;;;Podstawy online OK;;"witryna/szyld, druk (menu, ulotki), odzież dla personelu (do sprawdzenia na miejscu); odzież/oklejenie dla nowych ludzi i aut";nie kontaktowano;OpenStreetMap (amenity=restaurant, node/259196523);2026-10-10
Gastronomia;C;3;De Dommelstroom;Valkenswaard;Bergstraat 32 5551AX;;NIE ZNALEZIONO STRONY W DANYCH;;;;;;NIEUSTALONE (wymaga zdjęć lub wizji lokalnej);;;;;;Do sprawdzenia;strony nie ma w danych mapy (do sprawdzenia);"jeśli faktycznie brak: strona WWW; witryna/szyld, druk (menu, ulotki), odzież dla personelu (do sprawdzenia na miejscu)";nie kontaktowano;OpenStreetMap (amenity=cafe, node/2829175684);2026-10-10
Gastronomia;C;3;De Doornboom;Oost West en Middelbeers;Doornboomstraat 7 5091CA;;NIE ZNALEZIONO STRONY W DANYCH;;;;;;NIEUSTALONE (wymaga zdjęć lub wizji lokalnej);;;;;;Do sprawdzenia;strony nie ma w danych mapy (do sprawdzenia);"jeśli faktycznie brak: strona WWW; witryna/szyld, druk (menu, ulotki), odzież dla personelu (do sprawdzenia na miejscu)";nie kontaktowano;OpenStreetMap (amenity=cafe, node/2825999374);2026-10-10
Gastronomia;C;3;De Durpsherberg;Liempde;Dorpsstraat 6 5298CB;https://durpsherberg.nl;OK;tak;tak;;WordPress;;NIEUSTALONE (wymaga zdjęć lub wizji lokalnej);;;;;;Częściowe braki;nie znaleziono social media na stronie;"materiały do social media; witryna/szyld, druk (menu, ulotki), odzież dla personelu (do sprawdzenia na miejscu)";nie kontaktowano;OpenStreetMap (amenity=cafe, node/2792058264);2026-10-10
Gastronomia;C;3;De Eetage;Bergeijk;Hof 21 5571CA;;NIE ZNALEZIONO STRONY W DANYCH;;;;;;NIEUSTALONE (wymaga zdjęć lub wizji lokalnej);;;;;;Do sprawdzenia;strony nie ma w danych mapy (do sprawdzenia);"jeśli faktycznie brak: strona WWW; witryna/szyld, druk (menu, ulotki), odzież dla personelu (do sprawdzenia na miejscu)";nie kontaktowano;OpenStreetMap (amenity=fast_food, node/2828718362);2026-10-10
Gastronomia;C;3;De familie Suykerbuyck;Valkenswaard;Luikerweg 145 5556XG;https://www.suykerbuyck.nl/;OK;tak;tak;2025;WordPress;Facebook, Instagram, YouTube;NIEUSTALONE (wymaga zdjęć lub wizji lokalnej);rekrutuje;;;;;Podstawy online OK;;"witryna/szyld, druk (menu, ulotki), odzież dla personelu (do sprawdzenia na miejscu); odzież/oklejenie dla nowych ludzi i aut";nie kontaktowano;OpenStreetMap (amenity=restaurant, node/1709761937) + wyszukiwarka;2026-10-10
Gastronomia;C;3;De Gouden Leeuw;Bergeijk;Hof 6 5571CC;;NIE ZNALEZIONO STRONY W DANYCH;;;;;;NIEUSTALONE (wymaga zdjęć lub wizji lokalnej);;;;;;Do sprawdzenia;strony nie ma w danych mapy (do sprawdzenia);"jeśli faktycznie brak: strona WWW; witryna/szyld, druk (menu, ulotki), odzież dla personelu (do sprawdzenia na miejscu)";nie kontaktowano;OpenStreetMap (amenity=cafe, node/2828721237);2026-10-10
Gastronomia;C;3;De Griek;Nuenen;Vincent van Goghstraat 86 5671GZ;https://de-griek-in-nuenen.nl/;OK;tak;tak;;WordPress;Facebook, Instagram;NIEUSTALONE (wymaga zdjęć lub wizji lokalnej);rekrutuje;;;;;Podstawy online OK;;"witryna/szyld, druk (menu, ulotki), odzież dla personelu (do sprawdzenia na miejscu); odzież/oklejenie dla nowych ludzi i aut";nie kontaktowano;OpenStreetMap (amenity=restaurant, node/232979078);2026-10-10
Gastronomia;C;3;de Grote Stap;Eersel;Nieuwstraat 35 5521CA;;NIE ZNALEZIONO STRONY W DANYCH;;;;;;NIEUSTALONE (wymaga zdjęć lub wizji lokalnej);;;;;;Do sprawdzenia;strony nie ma w danych mapy (do sprawdzenia);"jeśli faktycznie brak: strona WWW; witryna/szyld, druk (menu, ulotki), odzież dla personelu (do sprawdzenia na miejscu)";nie kontaktowano;OpenStreetMap (amenity=cafe, node/2828643274);2026-10-10
Gastronomia;C;3;De Grutter;;;;NIE ZNALEZIONO STRONY W DANYCH;;;;;;NIEUSTALONE (wymaga zdjęć lub wizji lokalnej);;;;;;Do sprawdzenia;strony nie ma w danych mapy (do sprawdzenia);"jeśli faktycznie brak: strona WWW; witryna/szyld, druk (menu, ulotki), odzież dla personelu (do sprawdzenia na miejscu)";nie kontaktowano;OpenStreetMap (amenity=cafe, node/11773956516);2026-10-10
Gastronomia;C;3;De gulden;;;;NIE ZNALEZIONO STRONY W DANYCH;;;;;;NIEUSTALONE (wymaga zdjęć lub wizji lokalnej);;;;;;Do sprawdzenia;strony nie ma w danych mapy (do sprawdzenia);"jeśli faktycznie brak: strona WWW; witryna/szyld, druk (menu, ulotki), odzież dla personelu (do sprawdzenia na miejscu)";nie kontaktowano;OpenStreetMap (amenity=fast_food, node/2687487697);2026-10-10
Gastronomia;C;3;De Halte;;;;NIE ZNALEZIONO STRONY W DANYCH;;;;;;NIEUSTALONE (wymaga zdjęć lub wizji lokalnej);;;;;;Do sprawdzenia;strony nie ma w danych mapy (do sprawdzenia);"jeśli faktycznie brak: strona WWW; witryna/szyld, druk (menu, ulotki), odzież dla personelu (do sprawdzenia na miejscu)";nie kontaktowano;OpenStreetMap (amenity=restaurant, node/13249739659);2026-10-10
Gastronomia;C;3;De Heerlijkheid Grandcafe;Valkenswaard;Markt 16 5554CC;https://www.grandcafedeheerlijkheid.nl/;OK;tak;tak;;;Facebook, Instagram;NIEUSTALONE (wymaga zdjęć lub wizji lokalnej);rekrutuje;;;;;Podstawy online OK;;"witryna/szyld, druk (menu, ulotki), odzież dla personelu (do sprawdzenia na miejscu); odzież/oklejenie dla nowych ludzi i aut";nie kontaktowano;OpenStreetMap (amenity=restaurant, node/1345799186);2026-10-10
Gastronomia;C;3;De Heksenketel;Eindhoven;Tongelresestraat 306 5642NE;;NIE ZNALEZIONO STRONY W DANYCH;;;;;;NIEUSTALONE (wymaga zdjęć lub wizji lokalnej);;;;;;Do sprawdzenia;strony nie ma w danych mapy (do sprawdzenia);"jeśli faktycznie brak: strona WWW; witryna/szyld, druk (menu, ulotki), odzież dla personelu (do sprawdzenia na miejscu)";nie kontaktowano;OpenStreetMap (amenity=pub, node/2746517899);2026-10-10
Gastronomia;C;3;De Helden van Kien;Sint-Oedenrode;Bremhorst 1 5491LR;https://deheldenvankien.nl;OK;tak;tak;2026;WordPress;Facebook, Instagram, LinkedIn;NIEUSTALONE (wymaga zdjęć lub wizji lokalnej);rekrutuje;;;;;Podstawy online OK;;"witryna/szyld, druk (menu, ulotki), odzież dla personelu (do sprawdzenia na miejscu); odzież/oklejenie dla nowych ludzi i aut";nie kontaktowano;OpenStreetMap (amenity=restaurant, node/4276367142);2026-10-10
Gastronomia;C;3;De Hospes;Leende;Strijperstraat 46 5595GD;https://www.cafedehospes.nl/;OK;tak;tak;;;;NIEUSTALONE (wymaga zdjęć lub wizji lokalnej);;;;;;Częściowe braki;nie znaleziono social media na stronie;"materiały do social media; witryna/szyld, druk (menu, ulotki), odzież dla personelu (do sprawdzenia na miejscu)";nie kontaktowano;OpenStreetMap (amenity=cafe, node/2829574204);2026-10-10
Gastronomia;C;3;De Huiskamer Strijp-S;Eindhoven;Leidingstraat 12 5617AJ;;NIE ZNALEZIONO STRONY W DANYCH;;;;;;NIEUSTALONE (wymaga zdjęć lub wizji lokalnej);;;;;;Do sprawdzenia;strony nie ma w danych mapy (do sprawdzenia);"jeśli faktycznie brak: strona WWW; witryna/szyld, druk (menu, ulotki), odzież dla personelu (do sprawdzenia na miejscu)";nie kontaktowano;OpenStreetMap (amenity=cafe, node/9139972811);2026-10-10
Gastronomia;C;3;De IJsvogel;;;;NIE ZNALEZIONO STRONY W DANYCH;;;;;;NIEUSTALONE (wymaga zdjęć lub wizji lokalnej);;;;;;Do sprawdzenia;strony nie ma w danych mapy (do sprawdzenia);"jeśli faktycznie brak: strona WWW; witryna/szyld, druk (menu, ulotki), odzież dla personelu (do sprawdzenia na miejscu)";nie kontaktowano;OpenStreetMap (amenity=cafe, node/3623056421);2026-10-10
Gastronomia;C;3;De Kapper;Helmond;Havenweg 2 5701RS;;NIE ZNALEZIONO STRONY W DANYCH;;;;;;NIEUSTALONE (wymaga zdjęć lub wizji lokalnej);;;;;;Do sprawdzenia;strony nie ma w danych mapy (do sprawdzenia);"jeśli faktycznie brak: strona WWW; witryna/szyld, druk (menu, ulotki), odzież dla personelu (do sprawdzenia na miejscu)";nie kontaktowano;OpenStreetMap (amenity=bar, node/2903870312);2026-10-10
Gastronomia;C;3;De Karper;Helmond;Walvisstraat 34 5706CT;;NIE ZNALEZIONO STRONY W DANYCH;;;;;;NIEUSTALONE (wymaga zdjęć lub wizji lokalnej);;;;;;Do sprawdzenia;strony nie ma w danych mapy (do sprawdzenia);"jeśli faktycznie brak: strona WWW; witryna/szyld, druk (menu, ulotki), odzież dla personelu (do sprawdzenia na miejscu)";nie kontaktowano;OpenStreetMap (amenity=bar, node/2901933640);2026-10-10
Gastronomia;C;3;De Karseboom;Eindhoven;Grote Berg 10 5611KK;https://www.dekarseboomeindhoven.nl;OK;tak;tak;;WordPress;;NIEUSTALONE (wymaga zdjęć lub wizji lokalnej);;;;;;Częściowe braki;nie znaleziono social media na stronie;"materiały do social media; witryna/szyld, druk (menu, ulotki), odzież dla personelu (do sprawdzenia na miejscu)";nie kontaktowano;OpenStreetMap (amenity=restaurant, node/84201162);2026-10-10
Gastronomia;C;3;De Kei;Helmond;Kasteellaan 8 5701PR;;NIE ZNALEZIONO STRONY W DANYCH;;;;;;NIEUSTALONE (wymaga zdjęć lub wizji lokalnej);;;;;;Do sprawdzenia;strony nie ma w danych mapy (do sprawdzenia);"jeśli faktycznie brak: strona WWW; witryna/szyld, druk (menu, ulotki), odzież dla personelu (do sprawdzenia na miejscu)";nie kontaktowano;OpenStreetMap (amenity=bar, node/2903878059);2026-10-10
Gastronomia;C;3;De Ketel;;;;NIE ZNALEZIONO STRONY W DANYCH;;;;;;NIEUSTALONE (wymaga zdjęć lub wizji lokalnej);;;;;;Do sprawdzenia;strony nie ma w danych mapy (do sprawdzenia);"jeśli faktycznie brak: strona WWW; witryna/szyld, druk (menu, ulotki), odzież dla personelu (do sprawdzenia na miejscu)";nie kontaktowano;OpenStreetMap (amenity=fast_food, node/471581486);2026-10-10
Gastronomia;C;3;De Kiet;Eindhoven;Edisonstraat 117 5621HM;https://www.dekiet.nl/;OK;tak;tak;;Wix;Instagram, TikTok;NIEUSTALONE (wymaga zdjęć lub wizji lokalnej);rekrutuje;;;;;Podstawy online OK;;"witryna/szyld, druk (menu, ulotki), odzież dla personelu (do sprawdzenia na miejscu); odzież/oklejenie dla nowych ludzi i aut";nie kontaktowano;OpenStreetMap (amenity=restaurant, node/2780308890);2026-10-10
Gastronomia;C;3;De Kiosk;Lieshout;Heuvel 12 5737BZ;;NIE ZNALEZIONO STRONY W DANYCH;;;;;;NIEUSTALONE (wymaga zdjęć lub wizji lokalnej);;;;;;Do sprawdzenia;strony nie ma w danych mapy (do sprawdzenia);"jeśli faktycznie brak: strona WWW; witryna/szyld, druk (menu, ulotki), odzież dla personelu (do sprawdzenia na miejscu)";nie kontaktowano;OpenStreetMap (amenity=fast_food, node/2898996009);2026-10-10
Gastronomia;C;3;De Klomp;;;;NIE ZNALEZIONO STRONY W DANYCH;;;;;;NIEUSTALONE (wymaga zdjęć lub wizji lokalnej);;;;;;Do sprawdzenia;strony nie ma w danych mapy (do sprawdzenia);"jeśli faktycznie brak: strona WWW; witryna/szyld, druk (menu, ulotki), odzież dla personelu (do sprawdzenia na miejscu)";nie kontaktowano;OpenStreetMap (amenity=fast_food, node/471581478);2026-10-10
Gastronomia;C;3;De Koekoek;Lieshout;Dorpsstraat 49 5737GA;;NIE ZNALEZIONO STRONY W DANYCH;;;;;;NIEUSTALONE (wymaga zdjęć lub wizji lokalnej);;;;;;Do sprawdzenia;strony nie ma w danych mapy (do sprawdzenia);"jeśli faktycznie brak: strona WWW; witryna/szyld, druk (menu, ulotki), odzież dla personelu (do sprawdzenia na miejscu)";nie kontaktowano;OpenStreetMap (amenity=pub, node/2898997703);2026-10-10
Gastronomia;C;3;De Koffer;Mierlo;Molenhoek 2 5731KZ;https://www.cafedekoffermierlo.nl/;OK;tak;tak;2023;WordPress;Facebook, Instagram;NIEUSTALONE (wymaga zdjęć lub wizji lokalnej);rekrutuje;;;;;Podstawy online OK;;"witryna/szyld, druk (menu, ulotki), odzież dla personelu (do sprawdzenia na miejscu); odzież/oklejenie dla nowych ludzi i aut";nie kontaktowano;OpenStreetMap (amenity=pub, node/2876613384);2026-10-10
Gastronomia;C;3;De Leemer Hoef;Waalre;Gestelsestraat 102 5582HK;https://www.leemerhoef.nl/;OK;tak;tak;2026;WordPress;Facebook, Instagram;NIEUSTALONE (wymaga zdjęć lub wizji lokalnej);rekrutuje;;;;;Podstawy online OK;;"witryna/szyld, druk (menu, ulotki), odzież dla personelu (do sprawdzenia na miejscu); odzież/oklejenie dla nowych ludzi i aut";nie kontaktowano;OpenStreetMap (amenity=restaurant, node/2216737424);2026-10-10
Gastronomia;C;3;De Lepelaar;;;;NIE ZNALEZIONO STRONY W DANYCH;;;;;;NIEUSTALONE (wymaga zdjęć lub wizji lokalnej);;;;;;Do sprawdzenia;strony nie ma w danych mapy (do sprawdzenia);"jeśli faktycznie brak: strona WWW; witryna/szyld, druk (menu, ulotki), odzież dla personelu (do sprawdzenia na miejscu)";nie kontaktowano;OpenStreetMap (amenity=cafe, node/7448240559);2026-10-10
Gastronomia;C;3;De Longhorn Ranch;Someren;Beliënberkdijk 42 5712SE;https://www.buiteneten.nl/de-longhorn-ranch-someren-locatie/;OK;tak;tak;;WordPress;Facebook, Instagram;NIEUSTALONE (wymaga zdjęć lub wizji lokalnej);rekrutuje;;;;;Podstawy online OK;;"witryna/szyld, druk (menu, ulotki), odzież dla personelu (do sprawdzenia na miejscu); odzież/oklejenie dla nowych ludzi i aut";nie kontaktowano;OpenStreetMap (amenity=restaurant, node/2851435338);2026-10-10
Gastronomia;C;3;De Looier;Eindhoven;Stratumseind 79 5611ER;;NIE ZNALEZIONO STRONY W DANYCH;;;;;;NIEUSTALONE (wymaga zdjęć lub wizji lokalnej);;;;;;Do sprawdzenia;strony nie ma w danych mapy (do sprawdzenia);"jeśli faktycznie brak: strona WWW; witryna/szyld, druk (menu, ulotki), odzież dla personelu (do sprawdzenia na miejscu)";nie kontaktowano;OpenStreetMap (amenity=pub, node/2765284189);2026-10-10
Gastronomia;C;3;De Lunch Club;Helmond;Elzaspassage 3 5701RW;https://delunchclub.nl/;OK;tak;tak;2026;WordPress;Facebook, Instagram;NIEUSTALONE (wymaga zdjęć lub wizji lokalnej);rekrutuje;;;;;Podstawy online OK;;"witryna/szyld, druk (menu, ulotki), odzież dla personelu (do sprawdzenia na miejscu); odzież/oklejenie dla nowych ludzi i aut";nie kontaktowano;OpenStreetMap (amenity=cafe, node/11384633080);2026-10-10
Gastronomia;C;3;De Luytervelde;Eindhoven;Jo Goudkuillaan 11 5626GC;https://www.deluytervelde.nl/;OK;tak;tak;2026;Wix;Facebook, Instagram, LinkedIn;NIEUSTALONE (wymaga zdjęć lub wizji lokalnej);rekrutuje;;;;;Podstawy online OK;;"witryna/szyld, druk (menu, ulotki), odzież dla personelu (do sprawdzenia na miejscu); odzież/oklejenie dla nowych ludzi i aut";nie kontaktowano;OpenStreetMap (amenity=restaurant, node/2749939907);2026-10-10
Gastronomia;C;3;De Markt;Eindhoven;Woenselse Markt 48 5612CS;;NIE ZNALEZIONO STRONY W DANYCH;;;;;;NIEUSTALONE (wymaga zdjęć lub wizji lokalnej);;;;;;Do sprawdzenia;strony nie ma w danych mapy (do sprawdzenia);"jeśli faktycznie brak: strona WWW; witryna/szyld, druk (menu, ulotki), odzież dla personelu (do sprawdzenia na miejscu)";nie kontaktowano;OpenStreetMap (amenity=cafe, node/2778246264);2026-10-10
Gastronomia;C;3;De Meer;Someren;De Meer 22 5711XB;https://www.pizzeriademeer.nl/;OK;tak;tak;;;;NIEUSTALONE (wymaga zdjęć lub wizji lokalnej);;;;;;Częściowe braki;nie znaleziono social media na stronie;"materiały do social media; witryna/szyld, druk (menu, ulotki), odzież dla personelu (do sprawdzenia na miejscu)";nie kontaktowano;OpenStreetMap (amenity=restaurant, node/4575140560);2026-10-10
Gastronomia;C;3;De Oase;;;;NIE ZNALEZIONO STRONY W DANYCH;;;;;;NIEUSTALONE (wymaga zdjęć lub wizji lokalnej);;;;;;Do sprawdzenia;strony nie ma w danych mapy (do sprawdzenia);"jeśli faktycznie brak: strona WWW; witryna/szyld, druk (menu, ulotki), odzież dla personelu (do sprawdzenia na miejscu)";nie kontaktowano;OpenStreetMap (amenity=restaurant, node/4880584368);2026-10-10
Gastronomia;C;3;De Orangerie;Valkenswaard;Corridor 33 5554HL;;NIE ZNALEZIONO STRONY W DANYCH;;;;;Facebook;NIEUSTALONE (wymaga zdjęć lub wizji lokalnej);;;;;;Do sprawdzenia;strony nie ma w danych mapy (do sprawdzenia);"jeśli faktycznie brak: strona WWW; witryna/szyld, druk (menu, ulotki), odzież dla personelu (do sprawdzenia na miejscu)";nie kontaktowano;OpenStreetMap (amenity=restaurant, node/2828954841);2026-10-10
Gastronomia;C;3;De Oude Telefooncentrale;Eindhoven;Professor Horowitzstraat 200 5617BG;https://www.deoudetelefooncentrale.nl/;OK;tak;tak;2026;WordPress;Facebook, Instagram;NIEUSTALONE (wymaga zdjęć lub wizji lokalnej);rekrutuje;;;;;Podstawy online OK;;"witryna/szyld, druk (menu, ulotki), odzież dla personelu (do sprawdzenia na miejscu); odzież/oklejenie dla nowych ludzi i aut";nie kontaktowano;OpenStreetMap (amenity=restaurant, node/8912915310);2026-10-10
Gastronomia;C;3;De Parel;Oisterwijk;Scheibaan 17 5062TM;;NIE ZNALEZIONO STRONY W DANYCH;;;;;;NIEUSTALONE (wymaga zdjęć lub wizji lokalnej);;;;;;Do sprawdzenia;strony nie ma w danych mapy (do sprawdzenia);"jeśli faktycznie brak: strona WWW; witryna/szyld, druk (menu, ulotki), odzież dla personelu (do sprawdzenia na miejscu)";nie kontaktowano;OpenStreetMap (amenity=restaurant, node/569090642);2026-10-10
Gastronomia;C;3;De Pastoor;Helmond;Hortsedijk 52 5708HD;;NIE ZNALEZIONO STRONY W DANYCH;;;;;;NIEUSTALONE (wymaga zdjęć lub wizji lokalnej);;;;;;Do sprawdzenia;strony nie ma w danych mapy (do sprawdzenia);"jeśli faktycznie brak: strona WWW; witryna/szyld, druk (menu, ulotki), odzież dla personelu (do sprawdzenia na miejscu)";nie kontaktowano;OpenStreetMap (amenity=restaurant, node/2898024203);2026-10-10
Gastronomia;C;3;De Pastorie;Sint-Oedenrode;Markt 32 5492AB;https://pastorie.nl/;OK;tak;tak;;WordPress;;NIEUSTALONE (wymaga zdjęć lub wizji lokalnej);;;;;;Częściowe braki;nie znaleziono social media na stronie;"materiały do social media; witryna/szyld, druk (menu, ulotki), odzież dla personelu (do sprawdzenia na miejscu)";nie kontaktowano;OpenStreetMap (amenity=restaurant, node/2796118186);2026-10-10
Gastronomia;C;3;De Ploeg;Liempde;Nieuwstraat 20 5298CL;https://www.deploegliempde.nl/;OK;tak;tak;;;;NIEUSTALONE (wymaga zdjęć lub wizji lokalnej);;;;;;Częściowe braki;nie znaleziono social media na stronie;"materiały do social media; witryna/szyld, druk (menu, ulotki), odzież dla personelu (do sprawdzenia na miejscu)";nie kontaktowano;OpenStreetMap (amenity=fast_food, node/701441532);2026-10-10
Gastronomia;C;3;De Regenboog;Eindhoven;Stratumseind 99 5611ER;;NIE ZNALEZIONO STRONY W DANYCH;;;;;Facebook;NIEUSTALONE (wymaga zdjęć lub wizji lokalnej);;;;;;Do sprawdzenia;strony nie ma w danych mapy (do sprawdzenia);"jeśli faktycznie brak: strona WWW; witryna/szyld, druk (menu, ulotki), odzież dla personelu (do sprawdzenia na miejscu)";nie kontaktowano;OpenStreetMap (amenity=pub, node/2765284911);2026-10-10
Gastronomia;C;3;De Rooise Boerderij;Sint-Oedenrode;Schijndelseweg 2 5491TB;https://www.derooiseboerderij.nl;OK;tak;tak;;Wix;Facebook, Instagram;NIEUSTALONE (wymaga zdjęć lub wizji lokalnej);rekrutuje;;;;;Podstawy online OK;;"witryna/szyld, druk (menu, ulotki), odzież dla personelu (do sprawdzenia na miejscu); odzież/oklejenie dla nowych ludzi i aut";nie kontaktowano;OpenStreetMap (amenity=restaurant, node/2796105939);2026-10-10
Gastronomia;C;3;De Roskam;;;;NIE ZNALEZIONO STRONY W DANYCH;;;;;;NIEUSTALONE (wymaga zdjęć lub wizji lokalnej);;;;;;Do sprawdzenia;strony nie ma w danych mapy (do sprawdzenia);"jeśli faktycznie brak: strona WWW; witryna/szyld, druk (menu, ulotki), odzież dla personelu (do sprawdzenia na miejscu)";nie kontaktowano;OpenStreetMap (amenity=pub, node/1699959069);2026-10-10
Gastronomia;C;3;De Ruif;Elsendorp;Elsendorpseweg 62 5424TB;;NIE ZNALEZIONO STRONY W DANYCH;;;;;;NIEUSTALONE (wymaga zdjęć lub wizji lokalnej);;;;;;Do sprawdzenia;strony nie ma w danych mapy (do sprawdzenia);"jeśli faktycznie brak: strona WWW; witryna/szyld, druk (menu, ulotki), odzież dla personelu (do sprawdzenia na miejscu)";nie kontaktowano;OpenStreetMap (amenity=fast_food, node/3004972207);2026-10-10
Gastronomia;C;3;De Slak;;;;NIE ZNALEZIONO STRONY W DANYCH;;;;;;NIEUSTALONE (wymaga zdjęć lub wizji lokalnej);;;;;;Do sprawdzenia;strony nie ma w danych mapy (do sprawdzenia);"jeśli faktycznie brak: strona WWW; witryna/szyld, druk (menu, ulotki), odzież dla personelu (do sprawdzenia na miejscu)";nie kontaktowano;OpenStreetMap (amenity=restaurant, node/1919694217);2026-10-10
Gastronomia;C;3;De Sleutelbos;Gemert;St.-Annastraat 19 5421KA;;NIE ZNALEZIONO STRONY W DANYCH;;;;;;NIEUSTALONE (wymaga zdjęć lub wizji lokalnej);;;;;;Do sprawdzenia;strony nie ma w danych mapy (do sprawdzenia);"jeśli faktycznie brak: strona WWW; witryna/szyld, druk (menu, ulotki), odzież dla personelu (do sprawdzenia na miejscu)";nie kontaktowano;OpenStreetMap (amenity=fast_food, node/3005542138);2026-10-10
Gastronomia;C;3;De Smaak!;Bladel;Markt 30 5531BC;https://www.desmaakchocoladeijs.nl/desmaakbladel;OK;tak;tak;;;Facebook, Instagram, LinkedIn, YouTube;NIEUSTALONE (wymaga zdjęć lub wizji lokalnej);rekrutuje;;;;;Podstawy online OK;;"witryna/szyld, druk (menu, ulotki), odzież dla personelu (do sprawdzenia na miejscu); odzież/oklejenie dla nowych ludzi i aut";nie kontaktowano;OpenStreetMap (amenity=ice_cream, node/2827063148) + wyszukiwarka + wyszukiwarka;2026-10-10
Gastronomia;C;3;De Smickel;Son en Breugel;Veerstraat 24 5694AC;https://www.restariadesmickel.nl;OK;tak;tak;2026;;;NIEUSTALONE (wymaga zdjęć lub wizji lokalnej);;;;;;Częściowe braki;nie znaleziono social media na stronie;"materiały do social media; witryna/szyld, druk (menu, ulotki), odzież dla personelu (do sprawdzenia na miejscu)";nie kontaktowano;OpenStreetMap (amenity=fast_food, node/2798515472);2026-10-10
Gastronomia;C;3;De Smickel Best;Best;Oirschotseweg 3 5684NE;https://www.desmickel.nl/de-smickel-best;OK;tak;tak;2026;WordPress;Facebook;NIEUSTALONE (wymaga zdjęć lub wizji lokalnej);rekrutuje;;;;;Podstawy online OK;;"witryna/szyld, druk (menu, ulotki), odzież dla personelu (do sprawdzenia na miejscu); odzież/oklejenie dla nowych ludzi i aut";nie kontaktowano;OpenStreetMap (amenity=fast_food, node/2724052283);2026-10-10
Gastronomia;C;3;De Sonse Jachthaven;Son en Breugel;Kanaaldijk Zuid 2 5691NL;https://sonsehaven.nl/;OK;tak;tak;;;Facebook, Instagram;NIEUSTALONE (wymaga zdjęć lub wizji lokalnej);rekrutuje;;;;;Podstawy online OK;;"witryna/szyld, druk (menu, ulotki), odzież dla personelu (do sprawdzenia na miejscu); odzież/oklejenie dla nowych ludzi i aut";nie kontaktowano;OpenStreetMap (amenity=restaurant, node/4561832667);2026-10-10
Gastronomia;C;3;De Staet;Bladel;Markt 1 5531BA;https://www.de-staet.nl/;OK;tak;tak;;WordPress;Facebook, Instagram;NIEUSTALONE (wymaga zdjęć lub wizji lokalnej);rekrutuje;;;;;Podstawy online OK;;"witryna/szyld, druk (menu, ulotki), odzież dla personelu (do sprawdzenia na miejscu); odzież/oklejenie dla nowych ludzi i aut";nie kontaktowano;OpenStreetMap (amenity=restaurant, node/2827051348);2026-10-10
Gastronomia;C;3;De Stal;Aarle-Rixtel;Kouwenberg 7 5735GM;;NIE ZNALEZIONO STRONY W DANYCH;;;;;;NIEUSTALONE (wymaga zdjęć lub wizji lokalnej);;;;;;Do sprawdzenia;strony nie ma w danych mapy (do sprawdzenia);"jeśli faktycznie brak: strona WWW; witryna/szyld, druk (menu, ulotki), odzież dla personelu (do sprawdzenia na miejscu)";nie kontaktowano;OpenStreetMap (amenity=cafe, node/2901025988);2026-10-10
Gastronomia;C;3;De Stapperij;Oirschot;Spoordonkseweg 80B 5688KE;;NIE ZNALEZIONO STRONY W DANYCH;;;;;;NIEUSTALONE (wymaga zdjęć lub wizji lokalnej);;;;;;Do sprawdzenia;strony nie ma w danych mapy (do sprawdzenia);"jeśli faktycznie brak: strona WWW; witryna/szyld, druk (menu, ulotki), odzież dla personelu (do sprawdzenia na miejscu)";nie kontaktowano;OpenStreetMap (amenity=restaurant, node/2825870320);2026-10-10
Gastronomia;C;3;De Strabrechtse Hoeve;Mierlo;Aardborstweg 19 5731PS;https://www.strabrechtsehoeve.nl;OK;tak;tak;2026;;Facebook, Instagram, LinkedIn;NIEUSTALONE (wymaga zdjęć lub wizji lokalnej);rekrutuje;;;;;Podstawy online OK;;"witryna/szyld, druk (menu, ulotki), odzież dla personelu (do sprawdzenia na miejscu); odzież/oklejenie dla nowych ludzi i aut";nie kontaktowano;OpenStreetMap (amenity=restaurant, node/2876798106);2026-10-10
Gastronomia;C;3;De Swinkelsche;Someren;Maarheezerdijk 12 5712PC;https://www.golfbaandeswinkelsche.nl/horeca/;OK;tak;tak;2025;WordPress;Facebook, Instagram, LinkedIn;NIEUSTALONE (wymaga zdjęć lub wizji lokalnej);rekrutuje;;;;;Podstawy online OK;;"witryna/szyld, druk (menu, ulotki), odzież dla personelu (do sprawdzenia na miejscu); odzież/oklejenie dla nowych ludzi i aut";nie kontaktowano;OpenStreetMap (amenity=restaurant, node/3732024932);2026-10-10
Gastronomia;C;3;De Tempelier;Eindhoven;Antwerpenlaan 20 5628XE;;NIE ZNALEZIONO STRONY W DANYCH;;;;;Facebook;NIEUSTALONE (wymaga zdjęć lub wizji lokalnej);;;;;;Do sprawdzenia;strony nie ma w danych mapy (do sprawdzenia);"jeśli faktycznie brak: strona WWW; witryna/szyld, druk (menu, ulotki), odzież dla personelu (do sprawdzenia na miejscu)";nie kontaktowano;OpenStreetMap (amenity=pub, node/2735185596);2026-10-10
Gastronomia;C;3;De Thuishaven;Helmond;Havenweg 4A 5701RS;;NIE ZNALEZIONO STRONY W DANYCH;;;;;;NIEUSTALONE (wymaga zdjęć lub wizji lokalnej);;;;;;Do sprawdzenia;strony nie ma w danych mapy (do sprawdzenia);"jeśli faktycznie brak: strona WWW; witryna/szyld, druk (menu, ulotki), odzież dla personelu (do sprawdzenia na miejscu)";nie kontaktowano;OpenStreetMap (amenity=restaurant, node/2903869483);2026-10-10
Gastronomia;C;3;De Tipmast;;;;NIE ZNALEZIONO STRONY W DANYCH;;;;;;NIEUSTALONE (wymaga zdjęć lub wizji lokalnej);;;;;;Do sprawdzenia;strony nie ma w danych mapy (do sprawdzenia);"jeśli faktycznie brak: strona WWW; witryna/szyld, druk (menu, ulotki), odzież dla personelu (do sprawdzenia na miejscu)";nie kontaktowano;OpenStreetMap (amenity=pub, node/4791640199);2026-10-10
Gastronomia;C;3;De Valk;Eindhoven;Kruisstraat 89 5612CD;;NIE ZNALEZIONO STRONY W DANYCH;;;;;;NIEUSTALONE (wymaga zdjęć lub wizji lokalnej);;;;;;Do sprawdzenia;strony nie ma w danych mapy (do sprawdzenia);"jeśli faktycznie brak: strona WWW; witryna/szyld, druk (menu, ulotki), odzież dla personelu (do sprawdzenia na miejscu)";nie kontaktowano;OpenStreetMap (amenity=pub, node/1898876361);2026-10-10
Gastronomia;C;3;de Vijfhoeck;;;;NIE ZNALEZIONO STRONY W DANYCH;;;;;;NIEUSTALONE (wymaga zdjęć lub wizji lokalnej);;;;;;Do sprawdzenia;strony nie ma w danych mapy (do sprawdzenia);"jeśli faktycznie brak: strona WWW; witryna/szyld, druk (menu, ulotki), odzież dla personelu (do sprawdzenia na miejscu)";nie kontaktowano;OpenStreetMap (amenity=pub, node/13640423185);2026-10-10
Gastronomia;C;3;De Volmolen;Riethoven;Volmolen 1 5561VH;https://www.devolmolen.nl/;OK;tak;tak;;WordPress;Facebook;NIEUSTALONE (wymaga zdjęć lub wizji lokalnej);sklep online;;;;;Podstawy online OK;;witryna/szyld, druk (menu, ulotki), odzież dla personelu (do sprawdzenia na miejscu);nie kontaktowano;OpenStreetMap (amenity=cafe, node/1234762836);2026-10-10
Gastronomia;C;3;De Vooruitgang;Eindhoven;Markt 11 5611EB;https://www.de-vooruitgang.nl;OK;tak;tak;;;;NIEUSTALONE (wymaga zdjęć lub wizji lokalnej);;;;;;Częściowe braki;nie znaleziono social media na stronie;"materiały do social media; witryna/szyld, druk (menu, ulotki), odzież dla personelu (do sprawdzenia na miejscu)";nie kontaktowano;OpenStreetMap (amenity=cafe, node/1886079826);2026-10-10
Gastronomia;C;3;de Wal;;;;NIE ZNALEZIONO STRONY W DANYCH;;;;;;NIEUSTALONE (wymaga zdjęć lub wizji lokalnej);;;;;;Do sprawdzenia;strony nie ma w danych mapy (do sprawdzenia);"jeśli faktycznie brak: strona WWW; witryna/szyld, druk (menu, ulotki), odzież dla personelu (do sprawdzenia na miejscu)";nie kontaktowano;OpenStreetMap (amenity=cafe, way/573420118);2026-10-10
Gastronomia;C;3;De Warande;Helmond;De Kluis 2 5707GP;;NIE ZNALEZIONO STRONY W DANYCH;;;;;;NIEUSTALONE (wymaga zdjęć lub wizji lokalnej);;;;;;Do sprawdzenia;strony nie ma w danych mapy (do sprawdzenia);"jeśli faktycznie brak: strona WWW; witryna/szyld, druk (menu, ulotki), odzież dla personelu (do sprawdzenia na miejscu)";nie kontaktowano;OpenStreetMap (amenity=restaurant, node/247748824);2026-10-10
Gastronomia;C;3;De Willem;Eindhoven;Willemstraat 58A 5616GE;;NIE ZNALEZIONO STRONY W DANYCH;;;;;Facebook;NIEUSTALONE (wymaga zdjęć lub wizji lokalnej);;;;;;Do sprawdzenia;strony nie ma w danych mapy (do sprawdzenia);"jeśli faktycznie brak: strona WWW; witryna/szyld, druk (menu, ulotki), odzież dla personelu (do sprawdzenia na miejscu)";nie kontaktowano;OpenStreetMap (amenity=fast_food, node/2754063993);2026-10-10
Gastronomia;C;3;De Zoete Zonde;Geldrop;Langstraat 1A 5664GE;;NIE ZNALEZIONO STRONY W DANYCH;;;;;;NIEUSTALONE (wymaga zdjęć lub wizji lokalnej);;;;;;Do sprawdzenia;strony nie ma w danych mapy (do sprawdzenia);"jeśli faktycznie brak: strona WWW; witryna/szyld, druk (menu, ulotki), odzież dla personelu (do sprawdzenia na miejscu)";nie kontaktowano;OpenStreetMap (amenity=ice_cream, node/2872355711);2026-10-10
Gastronomia;C;3;De Zwaan;Son en Breugel;Markt 9 5691AR;https://www.zwaan-son.nl/;OK;tak;tak;;WordPress;Facebook, Instagram, LinkedIn;NIEUSTALONE (wymaga zdjęć lub wizji lokalnej);rekrutuje;;;;;Podstawy online OK;;"witryna/szyld, druk (menu, ulotki), odzież dla personelu (do sprawdzenia na miejscu); odzież/oklejenie dla nowych ludzi i aut";nie kontaktowano;OpenStreetMap (amenity=restaurant, node/2792751409);2026-10-10
Gastronomia;C;3;Del Limone;Someren;Kanaalstraat 4a 5711EH;https://del-limone.nl;OK;tak;tak;2026;;Facebook;NIEUSTALONE (wymaga zdjęć lub wizji lokalnej);rekrutuje;;;;;Podstawy online OK;;"witryna/szyld, druk (menu, ulotki), odzież dla personelu (do sprawdzenia na miejscu); odzież/oklejenie dla nowych ludzi i aut";nie kontaktowano;OpenStreetMap (amenity=restaurant, node/2852581027) + wyszukiwarka;2026-10-10
Gastronomia;C;3;Delicious Dinners;Veldhoven;Dorpstraat 3 5504HA;;NIE ZNALEZIONO STRONY W DANYCH;;;;;;NIEUSTALONE (wymaga zdjęć lub wizji lokalnej);;;;;;Do sprawdzenia;strony nie ma w danych mapy (do sprawdzenia);"jeśli faktycznie brak: strona WWW; witryna/szyld, druk (menu, ulotki), odzież dla personelu (do sprawdzenia na miejscu)";nie kontaktowano;OpenStreetMap (amenity=restaurant, node/4406695895);2026-10-10
Gastronomia;C;3;Deliciouz;Eindhoven;Kruisstraat 171 5612CH;;NIE ZNALEZIONO STRONY W DANYCH;;;;;;NIEUSTALONE (wymaga zdjęć lub wizji lokalnej);;;;;;Do sprawdzenia;strony nie ma w danych mapy (do sprawdzenia);"jeśli faktycznie brak: strona WWW; witryna/szyld, druk (menu, ulotki), odzież dla personelu (do sprawdzenia na miejscu)";nie kontaktowano;OpenStreetMap (amenity=cafe, node/2777941076);2026-10-10
Gastronomia;C;3;Delizia;Valkenswaard;Eindhovenseweg 3A 5554AA;;NIE ZNALEZIONO STRONY W DANYCH;;;;;;NIEUSTALONE (wymaga zdjęć lub wizji lokalnej);;;;;;Do sprawdzenia;strony nie ma w danych mapy (do sprawdzenia);"jeśli faktycznie brak: strona WWW; witryna/szyld, druk (menu, ulotki), odzież dla personelu (do sprawdzenia na miejscu)";nie kontaktowano;OpenStreetMap (amenity=restaurant, node/2828955376);2026-10-10
Gastronomia;C;3;Den Bonten Os;;;;NIE ZNALEZIONO STRONY W DANYCH;;;;;;NIEUSTALONE (wymaga zdjęć lub wizji lokalnej);;;;;;Do sprawdzenia;strony nie ma w danych mapy (do sprawdzenia);"jeśli faktycznie brak: strona WWW; witryna/szyld, druk (menu, ulotki), odzież dla personelu (do sprawdzenia na miejscu)";nie kontaktowano;OpenStreetMap (amenity=cafe, way/536800124);2026-10-10
Gastronomia;C;3;Den Engelenburcht;Gemert;Binderseind 8 5421CJ;;NIE ZNALEZIONO STRONY W DANYCH;;;;;;NIEUSTALONE (wymaga zdjęć lub wizji lokalnej);;;;;;Do sprawdzenia;strony nie ma w danych mapy (do sprawdzenia);"jeśli faktycznie brak: strona WWW; witryna/szyld, druk (menu, ulotki), odzież dla personelu (do sprawdzenia na miejscu)";nie kontaktowano;OpenStreetMap (amenity=cafe, node/3005555935);2026-10-10
Gastronomia;C;3;Denf Coffee;Eindhoven;Clausplein 4 5611XP;https://www.denfcoffee.com;OK;tak;tak;;;;NIEUSTALONE (wymaga zdjęć lub wizji lokalnej);;;;;;Częściowe braki;nie znaleziono social media na stronie;"materiały do social media; witryna/szyld, druk (menu, ulotki), odzież dla personelu (do sprawdzenia na miejscu)";nie kontaktowano;OpenStreetMap (amenity=cafe, node/2764500347);2026-10-10
Gastronomia;C;3;DENZ;Eindhoven;Strijpsestraat 182 5616GW;;NIE ZNALEZIONO STRONY W DANYCH;;;;;;NIEUSTALONE (wymaga zdjęć lub wizji lokalnej);;;;;;Do sprawdzenia;strony nie ma w danych mapy (do sprawdzenia);"jeśli faktycznie brak: strona WWW; witryna/szyld, druk (menu, ulotki), odzież dla personelu (do sprawdzenia na miejscu)";nie kontaktowano;OpenStreetMap (amenity=cafe, node/2754213649);2026-10-10
Gastronomia;C;3;Deto's Cafetaria;Eindhoven;Winkelstraat 18 5644EK;;NIE ZNALEZIONO STRONY W DANYCH;;;;;;NIEUSTALONE (wymaga zdjęć lub wizji lokalnej);;;;;;Do sprawdzenia;strony nie ma w danych mapy (do sprawdzenia);"jeśli faktycznie brak: strona WWW; witryna/szyld, druk (menu, ulotki), odzież dla personelu (do sprawdzenia na miejscu)";nie kontaktowano;OpenStreetMap (amenity=fast_food, node/2739431359);2026-10-10
Gastronomia;C;3;Dientje;Gemert;Kerkstraat 9 5421KX;https://www.dientje.nl/;OK;tak;tak;;WordPress;Facebook, Instagram;NIEUSTALONE (wymaga zdjęć lub wizji lokalnej);rekrutuje;;;;;Podstawy online OK;;"witryna/szyld, druk (menu, ulotki), odzież dla personelu (do sprawdzenia na miejscu); odzież/oklejenie dla nowych ludzi i aut";nie kontaktowano;OpenStreetMap (amenity=restaurant, node/3005556609);2026-10-10
Gastronomia;C;3;Dik & Lang;Eindhoven;Jan van Lieshoutstraat 28 5611EE;;NIE ZNALEZIONO STRONY W DANYCH;;;;;;NIEUSTALONE (wymaga zdjęć lub wizji lokalnej);;;;;;Do sprawdzenia;strony nie ma w danych mapy (do sprawdzenia);"jeśli faktycznie brak: strona WWW; witryna/szyld, druk (menu, ulotki), odzież dla personelu (do sprawdzenia na miejscu)";nie kontaktowano;OpenStreetMap (amenity=fast_food, node/2765368500);2026-10-10
Gastronomia;C;3;Dimples;Best;Golflaan 1 5683RZ;;NIE ZNALEZIONO STRONY W DANYCH;;;;;;NIEUSTALONE (wymaga zdjęć lub wizji lokalnej);;;;;;Do sprawdzenia;strony nie ma w danych mapy (do sprawdzenia);"jeśli faktycznie brak: strona WWW; witryna/szyld, druk (menu, ulotki), odzież dla personelu (do sprawdzenia na miejscu)";nie kontaktowano;OpenStreetMap (amenity=restaurant, node/2736280295);2026-10-10
Gastronomia;C;3;Dinee Cafe De Kempen;Knegsel;Het Groen 14 5511AE;https://www.dineecafedekempen.nl;OK;tak;tak;;WordPress;Facebook;NIEUSTALONE (wymaga zdjęć lub wizji lokalnej);rekrutuje;;;;;Podstawy online OK;;"witryna/szyld, druk (menu, ulotki), odzież dla personelu (do sprawdzenia na miejscu); odzież/oklejenie dla nowych ludzi i aut";nie kontaktowano;OpenStreetMap (amenity=restaurant, node/2828647207);2026-10-10
Gastronomia;C;3;Dinner in Motion;Eindhoven;Piazza 64 5611AE;https://www.dinnerinmotion.nl;OK;tak;tak;;WordPress;Facebook, Instagram, YouTube;NIEUSTALONE (wymaga zdjęć lub wizji lokalnej);rekrutuje;;;;;Podstawy online OK;;"witryna/szyld, druk (menu, ulotki), odzież dla personelu (do sprawdzenia na miejscu); odzież/oklejenie dla nowych ludzi i aut";nie kontaktowano;OpenStreetMap (amenity=restaurant, node/2765449121);2026-10-10
Gastronomia;C;3;Dinner Time;;;;NIE ZNALEZIONO STRONY W DANYCH;;;;;;NIEUSTALONE (wymaga zdjęć lub wizji lokalnej);;;;;;Do sprawdzenia;strony nie ma w danych mapy (do sprawdzenia);"jeśli faktycznie brak: strona WWW; witryna/szyld, druk (menu, ulotki), odzież dla personelu (do sprawdzenia na miejscu)";nie kontaktowano;OpenStreetMap (amenity=fast_food, way/546288962);2026-10-10
Gastronomia;C;3;Ditisit;Valkenswaard;Molenstraat 4 5554JP;https://www.cafeditisit.nl/;OK;tak;tak;2026;WordPress;;NIEUSTALONE (wymaga zdjęć lub wizji lokalnej);;;;;;Częściowe braki;nie znaleziono social media na stronie;"materiały do social media; witryna/szyld, druk (menu, ulotki), odzież dla personelu (do sprawdzenia na miejscu)";nie kontaktowano;OpenStreetMap (amenity=pub, node/2829696632);2026-10-10
Gastronomia;C;3;DiVino;Hapert;Kerkstraat 27 5527EE;https://divino-hapert.nl;OK;tak;tak;;WordPress;Facebook, Instagram;NIEUSTALONE (wymaga zdjęć lub wizji lokalnej);rekrutuje;;;;;Podstawy online OK;;"witryna/szyld, druk (menu, ulotki), odzież dla personelu (do sprawdzenia na miejscu); odzież/oklejenie dla nowych ludzi i aut";nie kontaktowano;OpenStreetMap (amenity=restaurant, node/2827402295);2026-10-10
Gastronomia;C;3;Django's;Eindhoven;Gestelsestraat 9 5615LA;;NIE ZNALEZIONO STRONY W DANYCH;;;;;;NIEUSTALONE (wymaga zdjęć lub wizji lokalnej);;;;;;Do sprawdzenia;strony nie ma w danych mapy (do sprawdzenia);"jeśli faktycznie brak: strona WWW; witryna/szyld, druk (menu, ulotki), odzież dla personelu (do sprawdzenia na miejscu)";nie kontaktowano;OpenStreetMap (amenity=cafe, node/2748520250);2026-10-10
Gastronomia;C;3;Do IJssalon;Eindhoven;Jan van Lieshoutstraat 14 5611EE;https://doijssalon.nl;OK;tak;tak;2025;WordPress;;NIEUSTALONE (wymaga zdjęć lub wizji lokalnej);;;;;;Częściowe braki;nie znaleziono social media na stronie;"materiały do social media; witryna/szyld, druk (menu, ulotki), odzież dla personelu (do sprawdzenia na miejscu)";nie kontaktowano;OpenStreetMap (amenity=ice_cream, node/9730744890);2026-10-10
Gastronomia;C;3;Dodo;Eindhoven;Hortensiastraat 2 5644KP;https://dodo-eindhoven.nl;OK;tak;tak;2025;WordPress;Instagram;NIEUSTALONE (wymaga zdjęć lub wizji lokalnej);sklep online;;;;;Podstawy online OK;;witryna/szyld, druk (menu, ulotki), odzież dla personelu (do sprawdzenia na miejscu);nie kontaktowano;OpenStreetMap (amenity=cafe, node/2739446850);2026-10-10
Gastronomia;C;3;Dokus;;;;NIE ZNALEZIONO STRONY W DANYCH;;;;;;NIEUSTALONE (wymaga zdjęć lub wizji lokalnej);;;;;;Do sprawdzenia;strony nie ma w danych mapy (do sprawdzenia);"jeśli faktycznie brak: strona WWW; witryna/szyld, druk (menu, ulotki), odzież dla personelu (do sprawdzenia na miejscu)";nie kontaktowano;OpenStreetMap (amenity=pub, node/1987469832);2026-10-10
Gastronomia;C;3;Dolce Creme Gelato;Eindhoven;Kruisstraat 175 5612CH;;NIE ZNALEZIONO STRONY W DANYCH;;;;;;NIEUSTALONE (wymaga zdjęć lub wizji lokalnej);;;;;;Do sprawdzenia;strony nie ma w danych mapy (do sprawdzenia);"jeśli faktycznie brak: strona WWW; witryna/szyld, druk (menu, ulotki), odzież dla personelu (do sprawdzenia na miejscu)";nie kontaktowano;OpenStreetMap (amenity=ice_cream, node/2777941164);2026-10-10
Gastronomia;C;3;Dommel 18;Eindhoven;Dommelstraat 18 5611CK;https://www.dommel18.nl;OK;tak;tak;2022;WordPress;Facebook, Instagram;NIEUSTALONE (wymaga zdjęć lub wizji lokalnej);sklep online;;;;;Podstawy online OK;;witryna/szyld, druk (menu, ulotki), odzież dla personelu (do sprawdzenia na miejscu);nie kontaktowano;OpenStreetMap (amenity=restaurant, node/2765159018);2026-10-10
Gastronomia;C;3;Doner Inn;Eindhoven;Heezerweg 256B 5643KJ;https://www.donerinn.nl/;OK;tak;tak;2026;;;NIEUSTALONE (wymaga zdjęć lub wizji lokalnej);;;;;;Częściowe braki;nie znaleziono social media na stronie;"materiały do social media; witryna/szyld, druk (menu, ulotki), odzież dla personelu (do sprawdzenia na miejscu)";nie kontaktowano;OpenStreetMap (amenity=fast_food, node/2740383493);2026-10-10
Gastronomia;C;3;Doner King;Eindhoven;Geldropseweg 60 5611SJ;;NIE ZNALEZIONO STRONY W DANYCH;;;;;;NIEUSTALONE (wymaga zdjęć lub wizji lokalnej);;;;;;Do sprawdzenia;strony nie ma w danych mapy (do sprawdzenia);"jeśli faktycznie brak: strona WWW; witryna/szyld, druk (menu, ulotki), odzież dla personelu (do sprawdzenia na miejscu)";nie kontaktowano;OpenStreetMap (amenity=fast_food, node/2759420434);2026-10-10
Gastronomia;C;3;Dorpscafé Bij van Dijk;Aarle-Rixtel;Dorpsstraat 18 5735ED;;NIE ZNALEZIONO STRONY W DANYCH;;;;;;NIEUSTALONE (wymaga zdjęć lub wizji lokalnej);;;;;;Do sprawdzenia;strony nie ma w danych mapy (do sprawdzenia);"jeśli faktycznie brak: strona WWW; witryna/szyld, druk (menu, ulotki), odzież dla personelu (do sprawdzenia na miejscu)";nie kontaktowano;OpenStreetMap (amenity=bar, node/94597261);2026-10-10
Gastronomia;C;3;Dorpspaviljoen De Weijer;Mierlo;Heer van Scherpenzeelweg 24 5731EW;;NIE ZNALEZIONO STRONY W DANYCH;;;;;;NIEUSTALONE (wymaga zdjęć lub wizji lokalnej);;;;;;Do sprawdzenia;strony nie ma w danych mapy (do sprawdzenia);"jeśli faktycznie brak: strona WWW; witryna/szyld, druk (menu, ulotki), odzież dla personelu (do sprawdzenia na miejscu)";nie kontaktowano;OpenStreetMap (amenity=bar, node/2876908245);2026-10-10
Gastronomia;C;3;Dos Oceanos;Eindhoven;Korianderstraat 20 5643AS;;NIE ZNALEZIONO STRONY W DANYCH;;;;;;NIEUSTALONE (wymaga zdjęć lub wizji lokalnej);;;;;;Do sprawdzenia;strony nie ma w danych mapy (do sprawdzenia);"jeśli faktycznie brak: strona WWW; witryna/szyld, druk (menu, ulotki), odzież dla personelu (do sprawdzenia na miejscu)";nie kontaktowano;OpenStreetMap (amenity=fast_food, node/2740341372);2026-10-10
Gastronomia;C;3;Dots;Valkenswaard;Handwerkstraat 5 5554HP;;NIE ZNALEZIONO STRONY W DANYCH;;;;;;NIEUSTALONE (wymaga zdjęć lub wizji lokalnej);;;;;;Do sprawdzenia;strony nie ma w danych mapy (do sprawdzenia);"jeśli faktycznie brak: strona WWW; witryna/szyld, druk (menu, ulotki), odzież dla personelu (do sprawdzenia na miejscu)";nie kontaktowano;OpenStreetMap (amenity=cafe, node/2828956337);2026-10-10
Gastronomia;C;3;Dubai Pool & Lounge;Eindhoven;Bleekweg 11 5611EZ;;NIE ZNALEZIONO STRONY W DANYCH;;;;;;NIEUSTALONE (wymaga zdjęć lub wizji lokalnej);;;;;;Do sprawdzenia;strony nie ma w danych mapy (do sprawdzenia);"jeśli faktycznie brak: strona WWW; witryna/szyld, druk (menu, ulotki), odzież dla personelu (do sprawdzenia na miejscu)";nie kontaktowano;OpenStreetMap (amenity=bar, node/2759557056);2026-10-10
Gastronomia;C;3;DuCo;Helmond;Scheepsboulevard 2 5705KZ;https://www.ducohelmond.nl/;OK;tak;tak;2026;;Facebook, Instagram;NIEUSTALONE (wymaga zdjęć lub wizji lokalnej);rekrutuje;;;;;Podstawy online OK;;"witryna/szyld, druk (menu, ulotki), odzież dla personelu (do sprawdzenia na miejscu); odzież/oklejenie dla nowych ludzi i aut";nie kontaktowano;OpenStreetMap (amenity=restaurant, node/4561916312);2026-10-10
Gastronomia;C;3;Dugout;Eindhoven;Stratumseind 58 5611EV;https://www.schrikhoreca.nl/sportsbardugout;OK;tak;tak;;;;NIEUSTALONE (wymaga zdjęć lub wizji lokalnej);;;;;;Częściowe braki;nie znaleziono social media na stronie;"materiały do social media; witryna/szyld, druk (menu, ulotki), odzież dla personelu (do sprawdzenia na miejscu)";nie kontaktowano;OpenStreetMap (amenity=bar, node/2765283262) + wyszukiwarka;2026-10-10
Gastronomia;C;3;Echt Welschap;;;;NIE ZNALEZIONO STRONY W DANYCH;;;;;;NIEUSTALONE (wymaga zdjęć lub wizji lokalnej);;;;;;Do sprawdzenia;strony nie ma w danych mapy (do sprawdzenia);"jeśli faktycznie brak: strona WWW; witryna/szyld, druk (menu, ulotki), odzież dla personelu (do sprawdzenia na miejscu)";nie kontaktowano;OpenStreetMap (amenity=restaurant, node/6009726085);2026-10-10
Gastronomia;C;3;Eckart;;;;NIE ZNALEZIONO STRONY W DANYCH;;;;;;NIEUSTALONE (wymaga zdjęć lub wizji lokalnej);;;;;;Do sprawdzenia;strony nie ma w danych mapy (do sprawdzenia);"jeśli faktycznie brak: strona WWW; witryna/szyld, druk (menu, ulotki), odzież dla personelu (do sprawdzenia na miejscu)";nie kontaktowano;OpenStreetMap (amenity=cafe, node/945325367);2026-10-10
Gastronomia;C;3;Eddy's Lunchroom;Eindhoven;Vrijstraat 48 5611AW;;NIE ZNALEZIONO STRONY W DANYCH;;;;;;NIEUSTALONE (wymaga zdjęć lub wizji lokalnej);;;;;;Do sprawdzenia;strony nie ma w danych mapy (do sprawdzenia);"jeśli faktycznie brak: strona WWW; witryna/szyld, druk (menu, ulotki), odzież dla personelu (do sprawdzenia na miejscu)";nie kontaktowano;OpenStreetMap (amenity=restaurant, node/5299730317);2026-10-10
Gastronomia;C;3;Eden;Waalre;Oude Torenstraat 6 5581BJ;https://restaurant-eden.nl;OK;tak;tak;;WordPress;Facebook, Instagram, YouTube;NIEUSTALONE (wymaga zdjęć lub wizji lokalnej);rekrutuje;;;;;Podstawy online OK;;"witryna/szyld, druk (menu, ulotki), odzież dla personelu (do sprawdzenia na miejscu); odzież/oklejenie dla nowych ludzi i aut";nie kontaktowano;OpenStreetMap (amenity=restaurant, node/2931191127);2026-10-10
Gastronomia;C;3;Eet- en borrelcafé Ons Thuys;Sint-Oedenrode;Heuvel 9 5492AC;https://www.eetcafeonsthuys.nl/;OK;tak;tak;;WordPress;Facebook, Instagram;NIEUSTALONE (wymaga zdjęć lub wizji lokalnej);rekrutuje;;;;;Podstawy online OK;;"witryna/szyld, druk (menu, ulotki), odzież dla personelu (do sprawdzenia na miejscu); odzież/oklejenie dla nowych ludzi i aut";nie kontaktowano;OpenStreetMap (amenity=pub, node/2796136212);2026-10-10
Gastronomia;C;3;Eetcafe Sultan;Eindhoven;Hobbemastraat 21 5613HK;;NIE ZNALEZIONO STRONY W DANYCH;;;;;;NIEUSTALONE (wymaga zdjęć lub wizji lokalnej);;;;;;Do sprawdzenia;strony nie ma w danych mapy (do sprawdzenia);"jeśli faktycznie brak: strona WWW; witryna/szyld, druk (menu, ulotki), odzież dla personelu (do sprawdzenia na miejscu)";nie kontaktowano;OpenStreetMap (amenity=fast_food, node/2761907323);2026-10-10
Gastronomia;C;3;Eetcafé De Barrier;;;;NIE ZNALEZIONO STRONY W DANYCH;;;;;;NIEUSTALONE (wymaga zdjęć lub wizji lokalnej);;;;;;Do sprawdzenia;strony nie ma w danych mapy (do sprawdzenia);"jeśli faktycznie brak: strona WWW; witryna/szyld, druk (menu, ulotki), odzież dla personelu (do sprawdzenia na miejscu)";nie kontaktowano;OpenStreetMap (amenity=restaurant, node/2722446030);2026-10-10
Gastronomia;C;3;Eeterij Uniek;Beek en Donk;Willemstraat 1 5741PA;https://eeterij-uniek.nl;OK;tak;tak;;WordPress;Facebook, Instagram;NIEUSTALONE (wymaga zdjęć lub wizji lokalnej);rekrutuje;;;;;Podstawy online OK;;"witryna/szyld, druk (menu, ulotki), odzież dla personelu (do sprawdzenia na miejscu); odzież/oklejenie dla nowych ludzi i aut";nie kontaktowano;OpenStreetMap (amenity=restaurant, node/2899151754);2026-10-10
Gastronomia;C;3;Eethuis Abant Eindhoven;Eindhoven;St Petrus Canisiuslaan 50 5643WG;;NIE ZNALEZIONO STRONY W DANYCH;;;;;;NIEUSTALONE (wymaga zdjęć lub wizji lokalnej);;;;;;Do sprawdzenia;strony nie ma w danych mapy (do sprawdzenia);"jeśli faktycznie brak: strona WWW; witryna/szyld, druk (menu, ulotki), odzież dla personelu (do sprawdzenia na miejscu)";nie kontaktowano;OpenStreetMap (amenity=fast_food, node/2743773426);2026-10-10
Gastronomia;C;3;Eethuis Atlas;Veldhoven;Burgemeester van Hooffln 97A 5503BK;https://www.eethuisatlasveldhoven.nl/;OK;tak;tak;2026;;;NIEUSTALONE (wymaga zdjęć lub wizji lokalnej);;;;;;Częściowe braki;nie znaleziono social media na stronie;"materiały do social media; witryna/szyld, druk (menu, ulotki), odzież dla personelu (do sprawdzenia na miejscu)";nie kontaktowano;OpenStreetMap (amenity=restaurant, node/2832701331);2026-10-10
Gastronomia;C;3;Eethuis d'n Heuvel;Oirschot;Kortenaarlaan 34 5688CG;;NIE ZNALEZIONO STRONY W DANYCH;;;;;;NIEUSTALONE (wymaga zdjęć lub wizji lokalnej);;;;;;Do sprawdzenia;strony nie ma w danych mapy (do sprawdzenia);"jeśli faktycznie brak: strona WWW; witryna/szyld, druk (menu, ulotki), odzież dla personelu (do sprawdzenia na miejscu)";nie kontaktowano;OpenStreetMap (amenity=fast_food, node/2825996348);2026-10-10
Gastronomia;C;3;Eethuis Reintje;Mierlo;Christinastraat 1 5731BL;;NIE ZNALEZIONO STRONY W DANYCH;;;;;;NIEUSTALONE (wymaga zdjęć lub wizji lokalnej);;;;;;Do sprawdzenia;strony nie ma w danych mapy (do sprawdzenia);"jeśli faktycznie brak: strona WWW; witryna/szyld, druk (menu, ulotki), odzież dla personelu (do sprawdzenia na miejscu)";nie kontaktowano;OpenStreetMap (amenity=fast_food, node/2876512431);2026-10-10
Gastronomia;C;3;Eethuis Saray;Aarle-Rixtel;Dorpsstraat 4 5735ED;;NIE ZNALEZIONO STRONY W DANYCH;;;;;;NIEUSTALONE (wymaga zdjęć lub wizji lokalnej);;;;;;Do sprawdzenia;strony nie ma w danych mapy (do sprawdzenia);"jeśli faktycznie brak: strona WWW; witryna/szyld, druk (menu, ulotki), odzież dla personelu (do sprawdzenia na miejscu)";nie kontaktowano;OpenStreetMap (amenity=fast_food, node/2901025740);2026-10-10
Gastronomia;C;3;Eethuis Tongelre;Eindhoven;Tongelresestraat 259 5642NA;;NIE ZNALEZIONO STRONY W DANYCH;;;;;;NIEUSTALONE (wymaga zdjęć lub wizji lokalnej);;;;;;Do sprawdzenia;strony nie ma w danych mapy (do sprawdzenia);"jeśli faktycznie brak: strona WWW; witryna/szyld, druk (menu, ulotki), odzież dla personelu (do sprawdzenia na miejscu)";nie kontaktowano;OpenStreetMap (amenity=fast_food, node/2746549842);2026-10-10
Gastronomia;C;3;Eetplezier;;;;NIE ZNALEZIONO STRONY W DANYCH;;;;;;NIEUSTALONE (wymaga zdjęć lub wizji lokalnej);;;;;;Do sprawdzenia;strony nie ma w danych mapy (do sprawdzenia);"jeśli faktycznie brak: strona WWW; witryna/szyld, druk (menu, ulotki), odzież dla personelu (do sprawdzenia na miejscu)";nie kontaktowano;OpenStreetMap (amenity=fast_food, node/10903379738);2026-10-10
Gastronomia;C;3;Effenaar;;;;NIE ZNALEZIONO STRONY W DANYCH;;;;;;NIEUSTALONE (wymaga zdjęć lub wizji lokalnej);;;;;;Do sprawdzenia;strony nie ma w danych mapy (do sprawdzenia);"jeśli faktycznie brak: strona WWW; witryna/szyld, druk (menu, ulotki), odzież dla personelu (do sprawdzenia na miejscu)";nie kontaktowano;OpenStreetMap (amenity=restaurant, node/662613339);2026-10-10
Gastronomia;C;3;Española;Eindhoven;Kerkstraat 36 5611GK;https://espanola-tapasbar.nl;OK;tak;tak;;WordPress;Facebook, Instagram;NIEUSTALONE (wymaga zdjęć lub wizji lokalnej);rekrutuje;;;;;Podstawy online OK;;"witryna/szyld, druk (menu, ulotki), odzież dla personelu (do sprawdzenia na miejscu); odzież/oklejenie dla nowych ludzi i aut";nie kontaktowano;OpenStreetMap (amenity=restaurant, node/2765368729);2026-10-10
Gastronomia;C;3;Ethiopisch Restaurant;;;;NIE ZNALEZIONO STRONY W DANYCH;;;;;;NIEUSTALONE (wymaga zdjęć lub wizji lokalnej);;;;;;Do sprawdzenia;strony nie ma w danych mapy (do sprawdzenia);"jeśli faktycznie brak: strona WWW; witryna/szyld, druk (menu, ulotki), odzież dla personelu (do sprawdzenia na miejscu)";nie kontaktowano;OpenStreetMap (amenity=restaurant, node/13113120832);2026-10-10
Gastronomia;C;3;Evergreenz;;;;NIE ZNALEZIONO STRONY W DANYCH;;;;;;NIEUSTALONE (wymaga zdjęć lub wizji lokalnej);;;;;;Do sprawdzenia;strony nie ma w danych mapy (do sprawdzenia);"jeśli faktycznie brak: strona WWW; witryna/szyld, druk (menu, ulotki), odzież dla personelu (do sprawdzenia na miejscu)";nie kontaktowano;OpenStreetMap (amenity=restaurant, node/6770985823);2026-10-10
Gastronomia;C;3;Family Buffet Restaurant;;;;NIE ZNALEZIONO STRONY W DANYCH;;;;;;NIEUSTALONE (wymaga zdjęć lub wizji lokalnej);;;;;;Do sprawdzenia;strony nie ma w danych mapy (do sprawdzenia);"jeśli faktycznie brak: strona WWW; witryna/szyld, druk (menu, ulotki), odzież dla personelu (do sprawdzenia na miejscu)";nie kontaktowano;OpenStreetMap (amenity=restaurant, node/3639420030);2026-10-10
Gastronomia;C;3;Fat Phill's;Eindhoven;Nieuwstraat 25 5611DA;;NIE ZNALEZIONO STRONY W DANYCH;;;;;;NIEUSTALONE (wymaga zdjęć lub wizji lokalnej);;;;;;Do sprawdzenia;strony nie ma w danych mapy (do sprawdzenia);"jeśli faktycznie brak: strona WWW; witryna/szyld, druk (menu, ulotki), odzież dla personelu (do sprawdzenia na miejscu)";nie kontaktowano;OpenStreetMap (amenity=fast_food, node/2765368373);2026-10-10
Gastronomia;C;3;FC Pizza;Eindhoven;Leenderweg 74B 5615AB;;NIE ZNALEZIONO STRONY W DANYCH;;;;;;NIEUSTALONE (wymaga zdjęć lub wizji lokalnej);;;;;;Do sprawdzenia;strony nie ma w danych mapy (do sprawdzenia);"jeśli faktycznie brak: strona WWW; witryna/szyld, druk (menu, ulotki), odzież dla personelu (do sprawdzenia na miejscu)";nie kontaktowano;OpenStreetMap (amenity=fast_food, node/2758411445);2026-10-10
Gastronomia;C;3;Feestzaal de Donk;;;;NIE ZNALEZIONO STRONY W DANYCH;;;;;;NIEUSTALONE (wymaga zdjęć lub wizji lokalnej);;;;;;Do sprawdzenia;strony nie ma w danych mapy (do sprawdzenia);"jeśli faktycznie brak: strona WWW; witryna/szyld, druk (menu, ulotki), odzież dla personelu (do sprawdzenia na miejscu)";nie kontaktowano;OpenStreetMap (amenity=pub, node/559971465);2026-10-10
Gastronomia;C;3;Fietscafé Gerrithoeve;;;;NIE ZNALEZIONO STRONY W DANYCH;;;;;;NIEUSTALONE (wymaga zdjęć lub wizji lokalnej);;;;;;Do sprawdzenia;strony nie ma w danych mapy (do sprawdzenia);"jeśli faktycznie brak: strona WWW; witryna/szyld, druk (menu, ulotki), odzież dla personelu (do sprawdzenia na miejscu)";nie kontaktowano;OpenStreetMap (amenity=cafe, node/3097329276);2026-10-10
Gastronomia;C;3;Flamo;Eindhoven;Winkelcentrum Woensel 350 5625AG;https://www.flamo.nl;OK;tak;tak;2026;;;NIEUSTALONE (wymaga zdjęć lub wizji lokalnej);;;;;;Częściowe braki;nie znaleziono social media na stronie;"materiały do social media; witryna/szyld, druk (menu, ulotki), odzież dla personelu (do sprawdzenia na miejscu)";nie kontaktowano;OpenStreetMap (amenity=fast_food, node/2751969830);2026-10-10
Gastronomia;C;3;Flavor and Spice;Eindhoven;Bleekstraat 23 5611VB;;NIE ZNALEZIONO STRONY W DANYCH;;;;;;NIEUSTALONE (wymaga zdjęć lub wizji lokalnej);;;;;;Do sprawdzenia;strony nie ma w danych mapy (do sprawdzenia);"jeśli faktycznie brak: strona WWW; witryna/szyld, druk (menu, ulotki), odzież dla personelu (do sprawdzenia na miejscu)";nie kontaktowano;OpenStreetMap (amenity=restaurant, node/2759645288);2026-10-10
Gastronomia;C;3;FOOD CITY;;;;NIE ZNALEZIONO STRONY W DANYCH;;;;;;NIEUSTALONE (wymaga zdjęć lub wizji lokalnej);;;;;;Do sprawdzenia;strony nie ma w danych mapy (do sprawdzenia);"jeśli faktycznie brak: strona WWW; witryna/szyld, druk (menu, ulotki), odzież dla personelu (do sprawdzenia na miejscu)";nie kontaktowano;OpenStreetMap (amenity=restaurant, node/5405707073);2026-10-10
Gastronomia;C;3;Food City New oriental;;;;NIE ZNALEZIONO STRONY W DANYCH;;;;;;NIEUSTALONE (wymaga zdjęć lub wizji lokalnej);;;;;;Do sprawdzenia;strony nie ma w danych mapy (do sprawdzenia);"jeśli faktycznie brak: strona WWW; witryna/szyld, druk (menu, ulotki), odzież dla personelu (do sprawdzenia na miejscu)";nie kontaktowano;OpenStreetMap (amenity=restaurant, node/1886063310);2026-10-10
Gastronomia;C;3;Food trailer;;;;NIE ZNALEZIONO STRONY W DANYCH;;;;;;NIEUSTALONE (wymaga zdjęć lub wizji lokalnej);;;;;;Do sprawdzenia;strony nie ma w danych mapy (do sprawdzenia);"jeśli faktycznie brak: strona WWW; witryna/szyld, druk (menu, ulotki), odzież dla personelu (do sprawdzenia na miejscu)";nie kontaktowano;OpenStreetMap (amenity=fast_food, node/6296608668);2026-10-10
Gastronomia;C;3;foodbar yalla yalla;;;;NIE ZNALEZIONO STRONY W DANYCH;;;;;;NIEUSTALONE (wymaga zdjęć lub wizji lokalnej);;;;;;Do sprawdzenia;strony nie ma w danych mapy (do sprawdzenia);"jeśli faktycznie brak: strona WWW; witryna/szyld, druk (menu, ulotki), odzież dla personelu (do sprawdzenia na miejscu)";nie kontaktowano;OpenStreetMap (amenity=restaurant, node/13954182625);2026-10-10
Gastronomia;C;3;French tacos;Eindhoven;Kruisstraat 90 5612CK;https://www.french-tacos-eindhoven.nl/;OK;tak;tak;;;;NIEUSTALONE (wymaga zdjęć lub wizji lokalnej);;;;;;Częściowe braki;nie znaleziono social media na stronie;"materiały do social media; witryna/szyld, druk (menu, ulotki), odzież dla personelu (do sprawdzenia na miejscu)";nie kontaktowano;OpenStreetMap (amenity=fast_food, node/876479800);2026-10-10
Gastronomia;C;3;Frierie Frietamientje;Oirschot;Markt 3 5688AJ;;NIE ZNALEZIONO STRONY W DANYCH;;;;;;NIEUSTALONE (wymaga zdjęć lub wizji lokalnej);;;;;;Do sprawdzenia;strony nie ma w danych mapy (do sprawdzenia);"jeśli faktycznie brak: strona WWW; witryna/szyld, druk (menu, ulotki), odzież dla personelu (do sprawdzenia na miejscu)";nie kontaktowano;OpenStreetMap (amenity=fast_food, node/2825996160);2026-10-10
Gastronomia;C;3;Fries Love Balls;;;;NIE ZNALEZIONO STRONY W DANYCH;;;;;;NIEUSTALONE (wymaga zdjęć lub wizji lokalnej);;;;;;Do sprawdzenia;strony nie ma w danych mapy (do sprawdzenia);"jeśli faktycznie brak: strona WWW; witryna/szyld, druk (menu, ulotki), odzież dla personelu (do sprawdzenia na miejscu)";nie kontaktowano;OpenStreetMap (amenity=fast_food, node/9112896294);2026-10-10
Gastronomia;C;3;Friet en Zoon;Valkenswaard;Bakkerstraat 51 5554ED;;NIE ZNALEZIONO STRONY W DANYCH;;;;;;NIEUSTALONE (wymaga zdjęć lub wizji lokalnej);;;;;;Do sprawdzenia;strony nie ma w danych mapy (do sprawdzenia);"jeśli faktycznie brak: strona WWW; witryna/szyld, druk (menu, ulotki), odzież dla personelu (do sprawdzenia na miejscu)";nie kontaktowano;OpenStreetMap (amenity=fast_food, node/2829495432);2026-10-10
Gastronomia;C;3;Friet Luik;;;;NIE ZNALEZIONO STRONY W DANYCH;;;;;;NIEUSTALONE (wymaga zdjęć lub wizji lokalnej);;;;;;Do sprawdzenia;strony nie ma w danych mapy (do sprawdzenia);"jeśli faktycznie brak: strona WWW; witryna/szyld, druk (menu, ulotki), odzież dla personelu (do sprawdzenia na miejscu)";nie kontaktowano;OpenStreetMap (amenity=fast_food, node/12871772797);2026-10-10
Gastronomia;C;3;Frites Affairs;;;;NIE ZNALEZIONO STRONY W DANYCH;;;;;;NIEUSTALONE (wymaga zdjęć lub wizji lokalnej);;;;;;Do sprawdzenia;strony nie ma w danych mapy (do sprawdzenia);"jeśli faktycznie brak: strona WWW; witryna/szyld, druk (menu, ulotki), odzież dla personelu (do sprawdzenia na miejscu)";nie kontaktowano;OpenStreetMap (amenity=fast_food, node/13424101074);2026-10-10
Gastronomia;C;3;Friture Martin Zwerts;Eindhoven;Boschdijk 436 5622PC;;NIE ZNALEZIONO STRONY W DANYCH;;;;;;NIEUSTALONE (wymaga zdjęć lub wizji lokalnej);;;;;;Do sprawdzenia;strony nie ma w danych mapy (do sprawdzenia);"jeśli faktycznie brak: strona WWW; witryna/szyld, druk (menu, ulotki), odzież dla personelu (do sprawdzenia na miejscu)";nie kontaktowano;OpenStreetMap (amenity=fast_food, node/2784007746);2026-10-10
Gastronomia;C;3;Friture Zaal Adelaars;Helmond;Hoofdstraat 137 5706AL;https://www.friturezaaladelaars.nl;OK;tak;tak;2026;WordPress;;NIEUSTALONE (wymaga zdjęć lub wizji lokalnej);;;;;;Częściowe braki;nie znaleziono social media na stronie;"materiały do social media; witryna/szyld, druk (menu, ulotki), odzież dla personelu (do sprawdzenia na miejscu)";nie kontaktowano;OpenStreetMap (amenity=fast_food, node/2901717401);2026-10-10
Gastronomia;C;3;Frituur Dillen's;Eindhoven;Winkelcentrum Woensel 251 5625AG;;NIE ZNALEZIONO STRONY W DANYCH;;;;;;NIEUSTALONE (wymaga zdjęć lub wizji lokalnej);;;;;;Do sprawdzenia;strony nie ma w danych mapy (do sprawdzenia);"jeśli faktycznie brak: strona WWW; witryna/szyld, druk (menu, ulotki), odzież dla personelu (do sprawdzenia na miejscu)";nie kontaktowano;OpenStreetMap (amenity=fast_food, node/2751969280);2026-10-10
Gastronomia;C;3;Frituur Heesterakker;Eindhoven;Florencelaan 46B 5632PT;;NIE ZNALEZIONO STRONY W DANYCH;;;;;;NIEUSTALONE (wymaga zdjęć lub wizji lokalnej);;;;;;Do sprawdzenia;strony nie ma w danych mapy (do sprawdzenia);"jeśli faktycznie brak: strona WWW; witryna/szyld, druk (menu, ulotki), odzież dla personelu (do sprawdzenia na miejscu)";nie kontaktowano;OpenStreetMap (amenity=fast_food, way/536081346);2026-10-10
Gastronomia;C;3;Frituur van Hoof;Nuenen;Parkhof 3 5671EX;https://www.frituurvanhoof.nl/;OK;tak;tak;2026;;;NIEUSTALONE (wymaga zdjęć lub wizji lokalnej);;;;;;Częściowe braki;nie znaleziono social media na stronie;"materiały do social media; witryna/szyld, druk (menu, ulotki), odzież dla personelu (do sprawdzenia na miejscu)";nie kontaktowano;OpenStreetMap (amenity=fast_food, node/4585676723);2026-10-10
Gastronomia;C;3;Fu Kwei;Eindhoven;Generaal Coenderslaan 51 5623LV;http://www.restaurantfukwei.nl/;OK;tak;tak;;;;NIEUSTALONE (wymaga zdjęć lub wizji lokalnej);;;;;;Częściowe braki;nie znaleziono social media na stronie;"materiały do social media; witryna/szyld, druk (menu, ulotki), odzież dla personelu (do sprawdzenia na miejscu)";nie kontaktowano;OpenStreetMap (amenity=restaurant, node/2770055813);2026-10-10
Gastronomia;C;3;Fuego;;;;NIE ZNALEZIONO STRONY W DANYCH;;;;;;NIEUSTALONE (wymaga zdjęć lub wizji lokalnej);;;;;;Do sprawdzenia;strony nie ma w danych mapy (do sprawdzenia);"jeśli faktycznie brak: strona WWW; witryna/szyld, druk (menu, ulotki), odzież dla personelu (do sprawdzenia na miejscu)";nie kontaktowano;OpenStreetMap (amenity=restaurant, node/13424101075);2026-10-10
Gastronomia;C;3;Fuso;Eindhoven;Stationsplein 15 5611AB;https://www.fuso-restaurant.nl/;OK;tak;tak;2026;WordPress;;NIEUSTALONE (wymaga zdjęć lub wizji lokalnej);;;;;;Częściowe braki;nie znaleziono social media na stronie;"materiały do social media; witryna/szyld, druk (menu, ulotki), odzież dla personelu (do sprawdzenia na miejscu)";nie kontaktowano;OpenStreetMap (amenity=restaurant, node/2765158963);2026-10-10
Gastronomia;C;3;Gasterij 't Dorpsgenot;;;https://www.gasterijdorpsgenot.nl;OK;tak;tak;;WordPress;Facebook, Instagram;NIEUSTALONE (wymaga zdjęć lub wizji lokalnej);rekrutuje;;;;;Podstawy online OK;;"witryna/szyld, druk (menu, ulotki), odzież dla personelu (do sprawdzenia na miejscu); odzież/oklejenie dla nowych ludzi i aut";nie kontaktowano;OpenStreetMap (amenity=restaurant, node/1950803190);2026-10-10
Gastronomia;C;3;Gasterij De Brabander;Someren;Kanaaldijk-zuid 72 5712SR;;NIE ZNALEZIONO STRONY W DANYCH;;;;;;NIEUSTALONE (wymaga zdjęć lub wizji lokalnej);;;;;;Do sprawdzenia;strony nie ma w danych mapy (do sprawdzenia);"jeśli faktycznie brak: strona WWW; witryna/szyld, druk (menu, ulotki), odzież dla personelu (do sprawdzenia na miejscu)";nie kontaktowano;OpenStreetMap (amenity=restaurant, node/2851435550);2026-10-10
Gastronomia;C;3;Gasterij Hof van Strijp;Eindhoven;Strijpsestraat 144-30 5616GT;;NIE ZNALEZIONO STRONY W DANYCH;;;;;Facebook;NIEUSTALONE (wymaga zdjęć lub wizji lokalnej);;;;;;Do sprawdzenia;strony nie ma w danych mapy (do sprawdzenia);"jeśli faktycznie brak: strona WWW; witryna/szyld, druk (menu, ulotki), odzież dla personelu (do sprawdzenia na miejscu)";nie kontaktowano;OpenStreetMap (amenity=restaurant, node/10574581681);2026-10-10
Gastronomia;C;3;Gezana;Eindhoven;Willemstraat 37 5611HC;;NIE ZNALEZIONO STRONY W DANYCH;;;;;;NIEUSTALONE (wymaga zdjęć lub wizji lokalnej);;;;;;Do sprawdzenia;strony nie ma w danych mapy (do sprawdzenia);"jeśli faktycznie brak: strona WWW; witryna/szyld, druk (menu, ulotki), odzież dla personelu (do sprawdzenia na miejscu)";nie kontaktowano;OpenStreetMap (amenity=restaurant, node/2764375930);2026-10-10
Gastronomia;C;3;Gildehuis gastrobar;Eersel;Hint 10 5521AH;https://www.gildehuis.com/;OK;tak;tak;;;Facebook, Instagram;NIEUSTALONE (wymaga zdjęć lub wizji lokalnej);rekrutuje;;;;;Podstawy online OK;;"witryna/szyld, druk (menu, ulotki), odzież dla personelu (do sprawdzenia na miejscu); odzież/oklejenie dla nowych ludzi i aut";nie kontaktowano;OpenStreetMap (amenity=restaurant, node/2828633243);2026-10-10
Gastronomia;C;3;Gimmerse Verleiding;Gemert;Nieuwstraat 49 5421KN;https://ijssalondeverleiding.nl;OK;tak;tak;;WordPress;Facebook, Instagram;NIEUSTALONE (wymaga zdjęć lub wizji lokalnej);sklep online;;;;;Podstawy online OK;;witryna/szyld, druk (menu, ulotki), odzież dla personelu (do sprawdzenia na miejscu);nie kontaktowano;OpenStreetMap (amenity=ice_cream, node/3005553159);2026-10-10
Gastronomia;C;3;Giornale;Eindhoven;Stationsplein 12 5611AB;https://www.restaurantgiornale.nl;OK;tak;tak;;WordPress;Facebook, Instagram;NIEUSTALONE (wymaga zdjęć lub wizji lokalnej);rekrutuje;;;;;Podstawy online OK;;"witryna/szyld, druk (menu, ulotki), odzież dla personelu (do sprawdzenia na miejscu); odzież/oklejenie dla nowych ludzi i aut";nie kontaktowano;OpenStreetMap (amenity=restaurant, node/2765158670);2026-10-10
Gastronomia;C;3;Goed Toeven;Bladel;Troprijt 7P 5531NA;https://www.kameraet.nl/goed-toeven/;OK;tak;tak;2026;WordPress;Facebook, Instagram, LinkedIn;NIEUSTALONE (wymaga zdjęć lub wizji lokalnej);rekrutuje;;;;;Podstawy online OK;;"witryna/szyld, druk (menu, ulotki), odzież dla personelu (do sprawdzenia na miejscu); odzież/oklejenie dla nowych ludzi i aut";nie kontaktowano;OpenStreetMap (amenity=ice_cream, node/9904195475);2026-10-10
Gastronomia;C;3;Grabber Joe's;;;;NIE ZNALEZIONO STRONY W DANYCH;;;;;;NIEUSTALONE (wymaga zdjęć lub wizji lokalnej);;;;;;Do sprawdzenia;strony nie ma w danych mapy (do sprawdzenia);"jeśli faktycznie brak: strona WWW; witryna/szyld, druk (menu, ulotki), odzież dla personelu (do sprawdzenia na miejscu)";nie kontaktowano;OpenStreetMap (amenity=fast_food, node/13424101079);2026-10-10
Gastronomia;C;3;Grand Cafe Berlage;Eindhoven;Kleine Berg 16 5611JV;;NIE ZNALEZIONO STRONY W DANYCH;;;;;;NIEUSTALONE (wymaga zdjęć lub wizji lokalnej);;;;;;Do sprawdzenia;strony nie ma w danych mapy (do sprawdzenia);"jeśli faktycznie brak: strona WWW; witryna/szyld, druk (menu, ulotki), odzież dla personelu (do sprawdzenia na miejscu)";nie kontaktowano;OpenStreetMap (amenity=pub, node/1751395439);2026-10-10
Gastronomia;C;3;Grand Cafe Het Plein;;;;NIE ZNALEZIONO STRONY W DANYCH;;;;;;NIEUSTALONE (wymaga zdjęć lub wizji lokalnej);;;;;;Do sprawdzenia;strony nie ma w danych mapy (do sprawdzenia);"jeśli faktycznie brak: strona WWW; witryna/szyld, druk (menu, ulotki), odzież dla personelu (do sprawdzenia na miejscu)";nie kontaktowano;OpenStreetMap (amenity=restaurant, node/11658271206);2026-10-10
Gastronomia;C;3;Grand Cafe Lucky Swan;Eindhoven;High Tech Campus 1C 5656AE;;NIE ZNALEZIONO STRONY W DANYCH;;;;;;NIEUSTALONE (wymaga zdjęć lub wizji lokalnej);;;;;;Do sprawdzenia;strony nie ma w danych mapy (do sprawdzenia);"jeśli faktycznie brak: strona WWW; witryna/szyld, druk (menu, ulotki), odzież dla personelu (do sprawdzenia na miejscu)";nie kontaktowano;OpenStreetMap (amenity=pub, node/9910143226);2026-10-10
Gastronomia;C;3;Grand Café;;;;NIE ZNALEZIONO STRONY W DANYCH;;;;;;NIEUSTALONE (wymaga zdjęć lub wizji lokalnej);;;;;;Do sprawdzenia;strony nie ma w danych mapy (do sprawdzenia);"jeśli faktycznie brak: strona WWW; witryna/szyld, druk (menu, ulotki), odzież dla personelu (do sprawdzenia na miejscu)";nie kontaktowano;OpenStreetMap (amenity=cafe, node/13424101076);2026-10-10
Gastronomia;C;3;Grand Café De Beerze;Oost West en Middelbeers;Doornboomstraat 22 5091CB;https://debeerze.nl/grand-cafe/;OK;tak;tak;;WordPress;Facebook, Instagram;NIEUSTALONE (wymaga zdjęć lub wizji lokalnej);rekrutuje;;;;;Podstawy online OK;;"witryna/szyld, druk (menu, ulotki), odzież dla personelu (do sprawdzenia na miejscu); odzież/oklejenie dla nowych ludzi i aut";nie kontaktowano;OpenStreetMap (amenity=cafe, node/13371316478);2026-10-10
Gastronomia;C;3;Grand Café FF;Best;Hoofdstraat 18 5683AD;https://www.grandcafeff.nl/;OK;tak;tak;;;Facebook;NIEUSTALONE (wymaga zdjęć lub wizji lokalnej);rekrutuje;;;;;Podstawy online OK;;"witryna/szyld, druk (menu, ulotki), odzież dla personelu (do sprawdzenia na miejscu); odzież/oklejenie dla nowych ludzi i aut";nie kontaktowano;OpenStreetMap (amenity=restaurant, node/3490040460);2026-10-10
Gastronomia;C;3;Grand Café Julius;Veldhoven;Dorpstraat 15 5504HA;https://www.julius-veldhoven.com/;OK;tak;tak;2025;;Facebook, Instagram;NIEUSTALONE (wymaga zdjęć lub wizji lokalnej);rekrutuje;;;;;Podstawy online OK;;"witryna/szyld, druk (menu, ulotki), odzież dla personelu (do sprawdzenia na miejscu); odzież/oklejenie dla nowych ludzi i aut";nie kontaktowano;OpenStreetMap (amenity=cafe, node/1739585687);2026-10-10
Gastronomia;C;3;Grand Café Markt 8;Asten;Markt 8 5721GE;https://www.markt8asten.nl;OK;tak;tak;;WordPress;Facebook, Instagram, YouTube;NIEUSTALONE (wymaga zdjęć lub wizji lokalnej);rekrutuje;;;;;Podstawy online OK;;"witryna/szyld, druk (menu, ulotki), odzież dla personelu (do sprawdzenia na miejscu); odzież/oklejenie dla nowych ludzi i aut";nie kontaktowano;OpenStreetMap (amenity=restaurant, node/2872223086);2026-10-10
Gastronomia;C;3;Grand Café Oud Rooij;;;https://www.oudrooij.nl/;OK;tak;tak;;;Facebook, Instagram;NIEUSTALONE (wymaga zdjęć lub wizji lokalnej);rekrutuje;;;;;Podstawy online OK;;"witryna/szyld, druk (menu, ulotki), odzież dla personelu (do sprawdzenia na miejscu); odzież/oklejenie dla nowych ludzi i aut";nie kontaktowano;OpenStreetMap (amenity=cafe, node/471035841);2026-10-10
Gastronomia;C;3;Guilty Pleasures;Eindhoven;Gestelsestraat 94 5615LH;https://guiltypleasuresfood.nl;OK;tak;tak;;;;NIEUSTALONE (wymaga zdjęć lub wizji lokalnej);;;;;;Częściowe braki;nie znaleziono social media na stronie;"materiały do social media; witryna/szyld, druk (menu, ulotki), odzież dla personelu (do sprawdzenia na miejscu)";nie kontaktowano;OpenStreetMap (amenity=fast_food, node/4826036971);2026-10-10
Gastronomia;C;3;Guinnizz;Valkenswaard;Markt 30 5554CD;;NIE ZNALEZIONO STRONY W DANYCH;;;;;;NIEUSTALONE (wymaga zdjęć lub wizji lokalnej);;;;;;Do sprawdzenia;strony nie ma w danych mapy (do sprawdzenia);"jeśli faktycznie brak: strona WWW; witryna/szyld, druk (menu, ulotki), odzież dla personelu (do sprawdzenia na miejscu)";nie kontaktowano;OpenStreetMap (amenity=pub, node/2828954514);2026-10-10
Gastronomia;C;3;Gusto-040;Eindhoven;Gestelsestraat 230 5654AM;https://www.gusto-040.nl;OK;tak;tak;;Wix;Facebook, Instagram;NIEUSTALONE (wymaga zdjęć lub wizji lokalnej);rekrutuje;;;;;Podstawy online OK;;"witryna/szyld, druk (menu, ulotki), odzież dla personelu (do sprawdzenia na miejscu); odzież/oklejenie dla nowych ludzi i aut";nie kontaktowano;OpenStreetMap (amenity=restaurant, node/2721202599);2026-10-10
Gastronomia;C;3;Hakiki;Eindhoven;Winkelcentrum Woensel 414 5625AG;;NIE ZNALEZIONO STRONY W DANYCH;;;;;;NIEUSTALONE (wymaga zdjęć lub wizji lokalnej);;;;;;Do sprawdzenia;strony nie ma w danych mapy (do sprawdzenia);"jeśli faktycznie brak: strona WWW; witryna/szyld, druk (menu, ulotki), odzież dla personelu (do sprawdzenia na miejscu)";nie kontaktowano;OpenStreetMap (amenity=fast_food, node/2751970386);2026-10-10
Gastronomia;C;3;Hanedan;Eindhoven;Tongelresestraat 278 5613DV;https://www.hanedan.nl;OK;tak;tak;;WordPress;;NIEUSTALONE (wymaga zdjęć lub wizji lokalnej);;;;;;Częściowe braki;nie znaleziono social media na stronie;"materiały do social media; witryna/szyld, druk (menu, ulotki), odzież dla personelu (do sprawdzenia na miejscu)";nie kontaktowano;OpenStreetMap (amenity=restaurant, node/2761967666);2026-10-10
Gastronomia;C;3;Hang Chow;Eindhoven;Winkelstraat 3 5644EK;https://www.hangchow.nl/;OK;tak;tak;2024;WordPress;;NIEUSTALONE (wymaga zdjęć lub wizji lokalnej);;;;;;Częściowe braki;nie znaleziono social media na stronie;"materiały do social media; witryna/szyld, druk (menu, ulotki), odzież dla personelu (do sprawdzenia na miejscu)";nie kontaktowano;OpenStreetMap (amenity=restaurant, node/2739431467);2026-10-10
Gastronomia;C;3;Happie040;Eindhoven;Blauwe Loper 66 5612TA;https://happie040.nl/;OK;tak;tak;;WordPress;Facebook, Instagram;NIEUSTALONE (wymaga zdjęć lub wizji lokalnej);sklep online;;;;;Podstawy online OK;;witryna/szyld, druk (menu, ulotki), odzież dla personelu (do sprawdzenia na miejscu);nie kontaktowano;OpenStreetMap (amenity=restaurant, node/10919804529);2026-10-10
Gastronomia;C;3;HappyFood Hapert;Hapert;Markt 11 5527EN;https://www.happyfood.nl/;OK;tak;tak;;WordPress;Facebook, LinkedIn;NIEUSTALONE (wymaga zdjęć lub wizji lokalnej);rekrutuje;;;;;Podstawy online OK;;"witryna/szyld, druk (menu, ulotki), odzież dla personelu (do sprawdzenia na miejscu); odzież/oklejenie dla nowych ludzi i aut";nie kontaktowano;OpenStreetMap (amenity=fast_food, node/2827397257);2026-10-10
Gastronomia;C;3;Hart van Best;;;;NIE ZNALEZIONO STRONY W DANYCH;;;;;;NIEUSTALONE (wymaga zdjęć lub wizji lokalnej);;;;;;Do sprawdzenia;strony nie ma w danych mapy (do sprawdzenia);"jeśli faktycznie brak: strona WWW; witryna/szyld, druk (menu, ulotki), odzież dla personelu (do sprawdzenia na miejscu)";nie kontaktowano;OpenStreetMap (amenity=pub, node/1573164613);2026-10-10
Gastronomia;C;3;Hart van Son;Son en Breugel;Nieuwstraat 25 5691AA;;NIE ZNALEZIONO STRONY W DANYCH;;;;;;NIEUSTALONE (wymaga zdjęć lub wizji lokalnej);;;;;;Do sprawdzenia;strony nie ma w danych mapy (do sprawdzenia);"jeśli faktycznie brak: strona WWW; witryna/szyld, druk (menu, ulotki), odzież dla personelu (do sprawdzenia na miejscu)";nie kontaktowano;OpenStreetMap (amenity=pub, node/2792748546);2026-10-10
Gastronomia;C;3;Hemels;Eindhoven;Korianderstraat 34 5643AS;;NIE ZNALEZIONO STRONY W DANYCH;;;;;;NIEUSTALONE (wymaga zdjęć lub wizji lokalnej);;;;;;Do sprawdzenia;strony nie ma w danych mapy (do sprawdzenia);"jeśli faktycznie brak: strona WWW; witryna/szyld, druk (menu, ulotki), odzież dla personelu (do sprawdzenia na miejscu)";nie kontaktowano;OpenStreetMap (amenity=fast_food, node/2740342419);2026-10-10
Gastronomia;C;3;Herberg 't Vossenhol;Handel;Onze Lieve Vrouwestraat 43 5423SJ;;NIE ZNALEZIONO STRONY W DANYCH;;;;;;NIEUSTALONE (wymaga zdjęć lub wizji lokalnej);;;;;;Do sprawdzenia;strony nie ma w danych mapy (do sprawdzenia);"jeśli faktycznie brak: strona WWW; witryna/szyld, druk (menu, ulotki), odzież dla personelu (do sprawdzenia na miejscu)";nie kontaktowano;OpenStreetMap (amenity=cafe, node/3004885278);2026-10-10
Gastronomia;C;3;Herberghe de Coeckepanne;Lierop;van Dongenstraat 1 5715AL;https://www.decoeckepanne.nl/;OK;tak;tak;2026;WordPress;Facebook, Instagram, LinkedIn;NIEUSTALONE (wymaga zdjęć lub wizji lokalnej);rekrutuje;;;;;Podstawy online OK;;"witryna/szyld, druk (menu, ulotki), odzież dla personelu (do sprawdzenia na miejscu); odzież/oklejenie dla nowych ludzi i aut";nie kontaktowano;OpenStreetMap (amenity=restaurant, node/2851337507);2026-10-10
Gastronomia;C;3;Het Boerenhuis;Deurne;Bruggenseweg 10 5752SC;https://www.hetboerenhuis.nl;OK;tak;tak;;WordPress;Facebook, Instagram;NIEUSTALONE (wymaga zdjęć lub wizji lokalnej);rekrutuje;;;;;Podstawy online OK;;"witryna/szyld, druk (menu, ulotki), odzież dla personelu (do sprawdzenia na miejscu); odzież/oklejenie dla nowych ludzi i aut";nie kontaktowano;OpenStreetMap (amenity=restaurant, node/4537358471);2026-10-10
Gastronomia;C;3;Het Boscafé;;;https://hetboscafe.nl;OK;tak;tak;;WordPress;Facebook, Instagram;NIEUSTALONE (wymaga zdjęć lub wizji lokalnej);rekrutuje;;;;;Podstawy online OK;;"witryna/szyld, druk (menu, ulotki), odzież dla personelu (do sprawdzenia na miejscu); odzież/oklejenie dla nowych ludzi i aut";nie kontaktowano;OpenStreetMap (amenity=restaurant, way/555926714);2026-10-10
Gastronomia;C;3;Het Helmonds Friethuys;Helmond;Utrechtplein 1 5709DL;https://www.helmondsfriethuys.nl/;OK;tak;tak;;;;NIEUSTALONE (wymaga zdjęć lub wizji lokalnej);;;;;;Częściowe braki;nie znaleziono social media na stronie;"materiały do social media; witryna/szyld, druk (menu, ulotki), odzież dla personelu (do sprawdzenia na miejscu)";nie kontaktowano;OpenStreetMap (amenity=fast_food, node/2898735132);2026-10-10
Gastronomia;C;3;Het Ketelhuis;Eindhoven;Ketelhuisplein 1 5617AE;https://www.ketelhuis.com/;OK;tak;tak;;;Facebook, Instagram;NIEUSTALONE (wymaga zdjęć lub wizji lokalnej);rekrutuje;;;;;Podstawy online OK;;"witryna/szyld, druk (menu, ulotki), odzież dla personelu (do sprawdzenia na miejscu); odzież/oklejenie dla nowych ludzi i aut";nie kontaktowano;OpenStreetMap (amenity=restaurant, node/2754996959);2026-10-10
Gastronomia;C;3;Het kleine cafe;Eindhoven;Wilhelminaplein 8 5611HE;;NIE ZNALEZIONO STRONY W DANYCH;;;;;;NIEUSTALONE (wymaga zdjęć lub wizji lokalnej);;;;;;Do sprawdzenia;strony nie ma w danych mapy (do sprawdzenia);"jeśli faktycznie brak: strona WWW; witryna/szyld, druk (menu, ulotki), odzież dla personelu (do sprawdzenia na miejscu)";nie kontaktowano;OpenStreetMap (amenity=bar, node/2764378712);2026-10-10
Gastronomia;C;3;Het PannenKoekenHuis;Veldhoven;Mariaplein 6 5503DA;;NIE ZNALEZIONO STRONY W DANYCH;;;;;;NIEUSTALONE (wymaga zdjęć lub wizji lokalnej);;;;;;Do sprawdzenia;strony nie ma w danych mapy (do sprawdzenia);"jeśli faktycznie brak: strona WWW; witryna/szyld, druk (menu, ulotki), odzież dla personelu (do sprawdzenia na miejscu)";nie kontaktowano;OpenStreetMap (amenity=restaurant, node/2833219542);2026-10-10
Gastronomia;C;3;Het Plein;;;;NIE ZNALEZIONO STRONY W DANYCH;;;;;;NIEUSTALONE (wymaga zdjęć lub wizji lokalnej);;;;;;Do sprawdzenia;strony nie ma w danych mapy (do sprawdzenia);"jeśli faktycznie brak: strona WWW; witryna/szyld, druk (menu, ulotki), odzież dla personelu (do sprawdzenia na miejscu)";nie kontaktowano;OpenStreetMap (amenity=bar, way/2718001720);2026-10-10
Gastronomia;C;3;Het restaurant van Piet Hein Eek;Eindhoven;Halvemaanstraat 28 5651BP;https://pietheineek.nl/;OK;tak;tak;;WordPress;Facebook, Instagram, LinkedIn, TikTok, YouTube;NIEUSTALONE (wymaga zdjęć lub wizji lokalnej);rekrutuje;;;;;Podstawy online OK;;"witryna/szyld, druk (menu, ulotki), odzież dla personelu (do sprawdzenia na miejscu); odzież/oklejenie dla nowych ludzi i aut";nie kontaktowano;OpenStreetMap (amenity=restaurant, node/2735009119);2026-10-10
Gastronomia;C;3;Het Spiegelbeeld;Eindhoven;Dommelstraat 22 5611CL;;NIE ZNALEZIONO STRONY W DANYCH;;;;;;NIEUSTALONE (wymaga zdjęć lub wizji lokalnej);;;;;;Do sprawdzenia;strony nie ma w danych mapy (do sprawdzenia);"jeśli faktycznie brak: strona WWW; witryna/szyld, druk (menu, ulotki), odzież dla personelu (do sprawdzenia na miejscu)";nie kontaktowano;OpenStreetMap (amenity=pub, node/2765159166);2026-10-10
Gastronomia;C;3;Het Wapen van Asten;Asten;Burgemeester Wijnenstraat 19 5721AG;https://www.wapenvanasten.nl/;OK;tak;tak;;;;NIEUSTALONE (wymaga zdjęć lub wizji lokalnej);;;;;;Częściowe braki;nie znaleziono social media na stronie;"materiały do social media; witryna/szyld, druk (menu, ulotki), odzież dla personelu (do sprawdzenia na miejscu)";nie kontaktowano;OpenStreetMap (amenity=cafe, node/2872220849);2026-10-10
Gastronomia;C;3;Het Wapen van Strijp;Eindhoven;Strijpsestraat 186 5616GW;https://www.hetwapenvanstrijp.nl;OK;tak;tak;;WordPress;;NIEUSTALONE (wymaga zdjęć lub wizji lokalnej);;;;;;Częściowe braki;nie znaleziono social media na stronie;"materiały do social media; witryna/szyld, druk (menu, ulotki), odzież dla personelu (do sprawdzenia na miejscu)";nie kontaktowano;OpenStreetMap (amenity=cafe, node/2754213673);2026-10-10
Gastronomia;C;3;Het Wapen van Westerhoven;Westerhoven;Dorpstraat 26 5563BD;https://www.hetwapenvanwesterhoven.nl;OK;tak;tak;;WordPress;;NIEUSTALONE (wymaga zdjęć lub wizji lokalnej);;;;;;Częściowe braki;nie znaleziono social media na stronie;"materiały do social media; witryna/szyld, druk (menu, ulotki), odzież dla personelu (do sprawdzenia na miejscu)";nie kontaktowano;OpenStreetMap (amenity=pub, node/8589371689);2026-10-10
Gastronomia;C;3;Het Wokje;Lieshout;Dorpsstraat 15 5737GA;;NIE ZNALEZIONO STRONY W DANYCH;;;;;;NIEUSTALONE (wymaga zdjęć lub wizji lokalnej);;;;;;Do sprawdzenia;strony nie ma w danych mapy (do sprawdzenia);"jeśli faktycznie brak: strona WWW; witryna/szyld, druk (menu, ulotki), odzież dla personelu (do sprawdzenia na miejscu)";nie kontaktowano;OpenStreetMap (amenity=restaurant, node/2898994427);2026-10-10
Gastronomia;C;3;High Chaparral;Veldhoven;Blaarthemseweg 60 5502JW;;NIE ZNALEZIONO STRONY W DANYCH;;;;;;NIEUSTALONE (wymaga zdjęć lub wizji lokalnej);;;;;;Do sprawdzenia;strony nie ma w danych mapy (do sprawdzenia);"jeśli faktycznie brak: strona WWW; witryna/szyld, druk (menu, ulotki), odzież dla personelu (do sprawdzenia na miejscu)";nie kontaktowano;OpenStreetMap (amenity=cafe, node/2833325673);2026-10-10
Gastronomia;C;3;Hizmet;Eindhoven;Kruisstraat 77 5612CD;;NIE ZNALEZIONO STRONY W DANYCH;;;;;;NIEUSTALONE (wymaga zdjęć lub wizji lokalnej);;;;;;Do sprawdzenia;strony nie ma w danych mapy (do sprawdzenia);"jeśli faktycznie brak: strona WWW; witryna/szyld, druk (menu, ulotki), odzież dla personelu (do sprawdzenia na miejscu)";nie kontaktowano;OpenStreetMap (amenity=fast_food, node/1898876284);2026-10-10
Gastronomia;C;3;Hoeve De Zwingel;Nederweert;Molswingelsdwarsdijk 4 6031LZ;https://hoevedezwingel.nl/;OK;tak;tak;;WordPress;;NIEUSTALONE (wymaga zdjęć lub wizji lokalnej);;;;;;Częściowe braki;nie znaleziono social media na stronie;"materiały do social media; witryna/szyld, druk (menu, ulotki), odzież dla personelu (do sprawdzenia na miejscu)";nie kontaktowano;OpenStreetMap (amenity=restaurant, node/13233232690);2026-10-10
Gastronomia;C;3;Hof van Heden;Bergeijk;Witrijt 10 5571XH;;NIE ZNALEZIONO STRONY W DANYCH;;;;;;NIEUSTALONE (wymaga zdjęć lub wizji lokalnej);;;;;;Do sprawdzenia;strony nie ma w danych mapy (do sprawdzenia);"jeśli faktycznie brak: strona WWW; witryna/szyld, druk (menu, ulotki), odzież dla personelu (do sprawdzenia na miejscu)";nie kontaktowano;OpenStreetMap (amenity=cafe, node/2828764386);2026-10-10
Gastronomia;C;3;Hoge Akker;;;;NIE ZNALEZIONO STRONY W DANYCH;;;;;;NIEUSTALONE (wymaga zdjęć lub wizji lokalnej);;;;;;Do sprawdzenia;strony nie ma w danych mapy (do sprawdzenia);"jeśli faktycznie brak: strona WWW; witryna/szyld, druk (menu, ulotki), odzież dla personelu (do sprawdzenia na miejscu)";nie kontaktowano;OpenStreetMap (amenity=fast_food, node/1567132978);2026-10-10
Gastronomia;C;3;Hoog & Droog;Geldrop;Winkelcentrum Coevering 32A 5665GA;https://www.hoogendroog.com;OK;tak;tak;2026;;;NIEUSTALONE (wymaga zdjęć lub wizji lokalnej);;;;;;Częściowe braki;nie znaleziono social media na stronie;"materiały do social media; witryna/szyld, druk (menu, ulotki), odzież dla personelu (do sprawdzenia na miejscu)";nie kontaktowano;OpenStreetMap (amenity=bar, node/2875079560);2026-10-10
Gastronomia;C;3;House of Dumplings;;;;NIE ZNALEZIONO STRONY W DANYCH;;;;;;NIEUSTALONE (wymaga zdjęć lub wizji lokalnej);;;;;;Do sprawdzenia;strony nie ma w danych mapy (do sprawdzenia);"jeśli faktycznie brak: strona WWW; witryna/szyld, druk (menu, ulotki), odzież dla personelu (do sprawdzenia na miejscu)";nie kontaktowano;OpenStreetMap (amenity=fast_food, node/9112896307);2026-10-10
Gastronomia;C;3;Hout Eindhoven;Eindhoven;Philitelaan 57-01 5617AK;https://www.houteindhoven.nl/;OK;tak;tak;;;Facebook, Instagram, LinkedIn, YouTube;NIEUSTALONE (wymaga zdjęć lub wizji lokalnej);rekrutuje;;;;;Podstawy online OK;;"witryna/szyld, druk (menu, ulotki), odzież dla personelu (do sprawdzenia na miejscu); odzież/oklejenie dla nowych ludzi i aut";nie kontaktowano;OpenStreetMap (amenity=restaurant, node/8694865198);2026-10-10
Gastronomia;C;3;Hubble;Eindhoven;De Lampendriessen 31 5612AH;https://hubble.cafe;OK;tak;tak;;;;NIEUSTALONE (wymaga zdjęć lub wizji lokalnej);;;;;;Częściowe braki;nie znaleziono social media na stronie;"materiały do social media; witryna/szyld, druk (menu, ulotki), odzież dla personelu (do sprawdzenia na miejscu)";nie kontaktowano;OpenStreetMap (amenity=cafe, node/7818067600);2026-10-10
Gastronomia;C;3;Hung Ying;Eindhoven;Frederiklaan 199 5616NG;https://hungying.nl;OK;tak;tak;;WordPress;Facebook;NIEUSTALONE (wymaga zdjęć lub wizji lokalnej);rekrutuje;;;;;Podstawy online OK;;"witryna/szyld, druk (menu, ulotki), odzież dla personelu (do sprawdzenia na miejscu); odzież/oklejenie dla nowych ludzi i aut";nie kontaktowano;OpenStreetMap (amenity=restaurant, node/2753906775);2026-10-10
Gastronomia;C;3;I Love Sushi;Eindhoven;Winkelstraat 15 5644EK;https://ilovesushi.nl/location/i-love-sushi-eindhoven-stratum/;OK;tak;tak;;;Facebook, Instagram;NIEUSTALONE (wymaga zdjęć lub wizji lokalnej);rekrutuje;;;;;Podstawy online OK;;"witryna/szyld, druk (menu, ulotki), odzież dla personelu (do sprawdzenia na miejscu); odzież/oklejenie dla nowych ludzi i aut";nie kontaktowano;OpenStreetMap (amenity=fast_food, node/2739431338) + wyszukiwarka;2026-10-10
Gastronomia;C;3;ijskar (bij mooi weer);;;;NIE ZNALEZIONO STRONY W DANYCH;;;;;;NIEUSTALONE (wymaga zdjęć lub wizji lokalnej);;;;;;Do sprawdzenia;strony nie ma w danych mapy (do sprawdzenia);"jeśli faktycznie brak: strona WWW; witryna/szyld, druk (menu, ulotki), odzież dla personelu (do sprawdzenia na miejscu)";nie kontaktowano;OpenStreetMap (amenity=ice_cream, node/2367714721);2026-10-10
Gastronomia;C;3;IJssalon Boschdijk;Eindhoven;Boschdijk 434A 5622PC;;NIE ZNALEZIONO STRONY W DANYCH;;;;;;NIEUSTALONE (wymaga zdjęć lub wizji lokalnej);;;;;;Do sprawdzenia;strony nie ma w danych mapy (do sprawdzenia);"jeśli faktycznie brak: strona WWW; witryna/szyld, druk (menu, ulotki), odzież dla personelu (do sprawdzenia na miejscu)";nie kontaktowano;OpenStreetMap (amenity=fast_food, node/2784007737);2026-10-10
Gastronomia;C;3;IJssalon Fresco;Waalre;Den Hof 110 5582JZ;https://www.ijssalonfresco.nl/;OK;tak;tak;;WordPress;Facebook;NIEUSTALONE (wymaga zdjęć lub wizji lokalnej);rekrutuje;;;;;Podstawy online OK;;"witryna/szyld, druk (menu, ulotki), odzież dla personelu (do sprawdzenia na miejscu); odzież/oklejenie dla nowych ludzi i aut";nie kontaktowano;OpenStreetMap (amenity=ice_cream, node/2929818618);2026-10-10
Gastronomia;C;3;IJssalon Italia;Nuenen;Vincent van Goghstraat 9 5671GW;;NIE ZNALEZIONO STRONY W DANYCH;;;;;Facebook;NIEUSTALONE (wymaga zdjęć lub wizji lokalnej);;;;;;Do sprawdzenia;strony nie ma w danych mapy (do sprawdzenia);"jeśli faktycznie brak: strona WWW; witryna/szyld, druk (menu, ulotki), odzież dla personelu (do sprawdzenia na miejscu)";nie kontaktowano;OpenStreetMap (amenity=ice_cream, node/2994057095);2026-10-10
Gastronomia;C;3;IJssalon Kees;Geldrop;Bogardeind 110 5664EL;;NIE ZNALEZIONO STRONY W DANYCH;;;;;;NIEUSTALONE (wymaga zdjęć lub wizji lokalnej);;;;;;Do sprawdzenia;strony nie ma w danych mapy (do sprawdzenia);"jeśli faktycznie brak: strona WWW; witryna/szyld, druk (menu, ulotki), odzież dla personelu (do sprawdzenia na miejscu)";nie kontaktowano;OpenStreetMap (amenity=ice_cream, node/353867658);2026-10-10
Gastronomia;C;3;IJssalon Kees;;;;NIE ZNALEZIONO STRONY W DANYCH;;;;;;NIEUSTALONE (wymaga zdjęć lub wizji lokalnej);;;;;;Do sprawdzenia;strony nie ma w danych mapy (do sprawdzenia);"jeśli faktycznie brak: strona WWW; witryna/szyld, druk (menu, ulotki), odzież dla personelu (do sprawdzenia na miejscu)";nie kontaktowano;OpenStreetMap (amenity=ice_cream, node/9112896299);2026-10-10
Gastronomia;C;3;Il Circo;;;;NIE ZNALEZIONO STRONY W DANYCH;;;;;;NIEUSTALONE (wymaga zdjęć lub wizji lokalnej);;;;;;Do sprawdzenia;strony nie ma w danych mapy (do sprawdzenia);"jeśli faktycznie brak: strona WWW; witryna/szyld, druk (menu, ulotki), odzież dla personelu (do sprawdzenia na miejscu)";nie kontaktowano;OpenStreetMap (amenity=ice_cream, node/12844057932);2026-10-10
Gastronomia;C;3;Ilios;Eindhoven;Stationsplein 33 5611BC;;NIE ZNALEZIONO STRONY W DANYCH;;;;;;NIEUSTALONE (wymaga zdjęć lub wizji lokalnej);;;;;;Do sprawdzenia;strony nie ma w danych mapy (do sprawdzenia);"jeśli faktycznie brak: strona WWW; witryna/szyld, druk (menu, ulotki), odzież dla personelu (do sprawdzenia na miejscu)";nie kontaktowano;OpenStreetMap (amenity=restaurant, node/2765159475);2026-10-10
Gastronomia;C;3;In Het Wilde Zwijn;Bergeijk;Witrijt 28 5571XH;https://inhetwildezwijn.nl;OK;tak;tak;;Joomla;Facebook;NIEUSTALONE (wymaga zdjęć lub wizji lokalnej);rekrutuje;;;;;Podstawy online OK;;"witryna/szyld, druk (menu, ulotki), odzież dla personelu (do sprawdzenia na miejscu); odzież/oklejenie dla nowych ludzi i aut";nie kontaktowano;OpenStreetMap (amenity=cafe, node/2827236042);2026-10-10
Gastronomia;C;3;Indonesian Warung;;;;NIE ZNALEZIONO STRONY W DANYCH;;;;;;NIEUSTALONE (wymaga zdjęć lub wizji lokalnej);;;;;;Do sprawdzenia;strony nie ma w danych mapy (do sprawdzenia);"jeśli faktycznie brak: strona WWW; witryna/szyld, druk (menu, ulotki), odzież dla personelu (do sprawdzenia na miejscu)";nie kontaktowano;OpenStreetMap (amenity=fast_food, node/9061737964);2026-10-10
Gastronomia;C;3;Innesto;Asten;Reeweg 6 5721PD;;NIE ZNALEZIONO STRONY W DANYCH;;;;;;NIEUSTALONE (wymaga zdjęć lub wizji lokalnej);;;;;;Do sprawdzenia;strony nie ma w danych mapy (do sprawdzenia);"jeśli faktycznie brak: strona WWW; witryna/szyld, druk (menu, ulotki), odzież dla personelu (do sprawdzenia na miejscu)";nie kontaktowano;OpenStreetMap (amenity=restaurant, node/2872187370);2026-10-10
Gastronomia;C;3;ISSEI Noodlebar;Eindhoven;Strijpsestraat 188 5616GW;;NIE ZNALEZIONO STRONY W DANYCH;;;;;;NIEUSTALONE (wymaga zdjęć lub wizji lokalnej);;;;;;Do sprawdzenia;strony nie ma w danych mapy (do sprawdzenia);"jeśli faktycznie brak: strona WWW; witryna/szyld, druk (menu, ulotki), odzież dla personelu (do sprawdzenia na miejscu)";nie kontaktowano;OpenStreetMap (amenity=restaurant, node/7626248281);2026-10-10
Gastronomia;C;3;Istambul Shoarma & Pizza;Helmond;Azalealaan 31 5701CJ;https://www.shoarmapizzeriaistanbulbosporus-helmond.nl/;OK;tak;tak;;;;NIEUSTALONE (wymaga zdjęć lub wizji lokalnej);;;;;;Częściowe braki;nie znaleziono social media na stronie;"materiały do social media; witryna/szyld, druk (menu, ulotki), odzież dla personelu (do sprawdzenia na miejscu)";nie kontaktowano;OpenStreetMap (amenity=restaurant, node/2904093026);2026-10-10
Gastronomia;C;3;Itadaki Sushi;Someren;Postelstraat 38a 5711EN;http://www.itadaki-sushi.com/;OK;tak;tak;;Wix;;NIEUSTALONE (wymaga zdjęć lub wizji lokalnej);;;;;;Częściowe braki;nie znaleziono social media na stronie;"materiały do social media; witryna/szyld, druk (menu, ulotki), odzież dla personelu (do sprawdzenia na miejscu)";nie kontaktowano;OpenStreetMap (amenity=restaurant, node/2852579794);2026-10-10
Gastronomia;C;3;Italiaans Huis;Eindhoven;Winkelcentrum Woensel 372 5625AG;https://www.italiaanshuis.nl/;OK;tak;tak;2026;;Facebook, Instagram;NIEUSTALONE (wymaga zdjęć lub wizji lokalnej);rekrutuje;;;;;Podstawy online OK;;"witryna/szyld, druk (menu, ulotki), odzież dla personelu (do sprawdzenia na miejscu); odzież/oklejenie dla nowych ludzi i aut";nie kontaktowano;OpenStreetMap (amenity=restaurant, node/2751969964);2026-10-10
Gastronomia;C;3;iWok&Go;Eindhoven;Vestdijk 3 5611CA;http://www.iwokandgo.nl/;OK;tak;tak;;;;NIEUSTALONE (wymaga zdjęć lub wizji lokalnej);;;;;;Częściowe braki;nie znaleziono social media na stronie;"materiały do social media; witryna/szyld, druk (menu, ulotki), odzież dla personelu (do sprawdzenia na miejscu)";nie kontaktowano;OpenStreetMap (amenity=restaurant, node/4262401343);2026-10-10
Gastronomia;C;3;Jacobushof;;;;NIE ZNALEZIONO STRONY W DANYCH;;;;;;NIEUSTALONE (wymaga zdjęć lub wizji lokalnej);;;;;;Do sprawdzenia;strony nie ma w danych mapy (do sprawdzenia);"jeśli faktycznie brak: strona WWW; witryna/szyld, druk (menu, ulotki), odzież dla personelu (do sprawdzenia na miejscu)";nie kontaktowano;OpenStreetMap (amenity=cafe, node/2591983119);2026-10-10
Gastronomia;C;3;Jam Jamm;Someren;Wilhelminaplein 6b 5711EK;;NIE ZNALEZIONO STRONY W DANYCH;;;;;;NIEUSTALONE (wymaga zdjęć lub wizji lokalnej);;;;;;Do sprawdzenia;strony nie ma w danych mapy (do sprawdzenia);"jeśli faktycznie brak: strona WWW; witryna/szyld, druk (menu, ulotki), odzież dla personelu (do sprawdzenia na miejscu)";nie kontaktowano;OpenStreetMap (amenity=fast_food, node/2852583335);2026-10-10
Gastronomia;C;3;Jan's Polder;Veldhoven;Muggenhol 15A 5509LM;https://www.janspolder.nl/;OK;tak;tak;2026;Wix;;NIEUSTALONE (wymaga zdjęć lub wizji lokalnej);;;;;;Częściowe braki;nie znaleziono social media na stronie;"materiały do social media; witryna/szyld, druk (menu, ulotki), odzież dla personelu (do sprawdzenia na miejscu)";nie kontaktowano;OpenStreetMap (amenity=restaurant, node/1332121251);2026-10-10
Gastronomia;C;3;Janz Eindhoven;Eindhoven;Kerkstraat 2A 5611GJ;https://www.janzeindhoven.nl/;OK;tak;tak;;WordPress;;NIEUSTALONE (wymaga zdjęć lub wizji lokalnej);;;;;;Częściowe braki;nie znaleziono social media na stronie;"materiały do social media; witryna/szyld, druk (menu, ulotki), odzież dla personelu (do sprawdzenia na miejscu)";nie kontaktowano;OpenStreetMap (amenity=restaurant, node/4747528756);2026-10-10
Gastronomia;C;3;Jeruzalem;Eindhoven;Nieuwe Fellenoord 4 5612KC;;NIE ZNALEZIONO STRONY W DANYCH;;;;;;NIEUSTALONE (wymaga zdjęć lub wizji lokalnej);;;;;;Do sprawdzenia;strony nie ma w danych mapy (do sprawdzenia);"jeśli faktycznie brak: strona WWW; witryna/szyld, druk (menu, ulotki), odzież dla personelu (do sprawdzenia na miejscu)";nie kontaktowano;OpenStreetMap (amenity=fast_food, node/2777942557);2026-10-10
Gastronomia;C;3;Jimmy Green;Eindhoven;Keizersgracht 12 5611GD;https://www.jimmy-green.nl;OK;tak;tak;2026;WordPress;Facebook, Instagram;NIEUSTALONE (wymaga zdjęć lub wizji lokalnej);rekrutuje;;;;;Podstawy online OK;;"witryna/szyld, druk (menu, ulotki), odzież dla personelu (do sprawdzenia na miejscu); odzież/oklejenie dla nowych ludzi i aut";nie kontaktowano;OpenStreetMap (amenity=restaurant, node/2764371992);2026-10-10
Gastronomia;C;3;Joe Mann;;;;NIE ZNALEZIONO STRONY W DANYCH;;;;;;NIEUSTALONE (wymaga zdjęć lub wizji lokalnej);;;;;;Do sprawdzenia;strony nie ma w danych mapy (do sprawdzenia);"jeśli faktycznie brak: strona WWW; witryna/szyld, druk (menu, ulotki), odzież dla personelu (do sprawdzenia na miejscu)";nie kontaktowano;OpenStreetMap (amenity=cafe, node/477528456);2026-10-10
Gastronomia;C;3;Johnny's Burger Co. / O'tacos;Helmond;Stationsplein 7 5701PE;https://johnnys.nl/;OK;tak;tak;2026;Webflow;Facebook, Instagram, TikTok;NIEUSTALONE (wymaga zdjęć lub wizji lokalnej);rekrutuje;;;;;Podstawy online OK;;"witryna/szyld, druk (menu, ulotki), odzież dla personelu (do sprawdzenia na miejscu); odzież/oklejenie dla nowych ludzi i aut";nie kontaktowano;OpenStreetMap (amenity=fast_food, node/2902919468) + wyszukiwarka;2026-10-10
Gastronomia;C;3;Jordy's Plaza;Eindhoven;De Stoutheuvel 8 5632MR;;NIE ZNALEZIONO STRONY W DANYCH;;;;;Facebook;NIEUSTALONE (wymaga zdjęć lub wizji lokalnej);;;;;;Do sprawdzenia;strony nie ma w danych mapy (do sprawdzenia);"jeśli faktycznie brak: strona WWW; witryna/szyld, druk (menu, ulotki), odzież dla personelu (do sprawdzenia na miejscu)";nie kontaktowano;OpenStreetMap (amenity=fast_food, node/2734160667);2026-10-10
Gastronomia;C;3;Juffrouw Tok;Eindhoven;Edenstraat 5 5611JM;https://www.juffrouwtok.nl/restaurants/eindhoven;OK;tak;tak;2026;;Facebook, Instagram;NIEUSTALONE (wymaga zdjęć lub wizji lokalnej);rekrutuje;;;;;Podstawy online OK;;"witryna/szyld, druk (menu, ulotki), odzież dla personelu (do sprawdzenia na miejscu); odzież/oklejenie dla nowych ludzi i aut";nie kontaktowano;OpenStreetMap (amenity=restaurant, node/2764286415);2026-10-10
Gastronomia;C;3;June Tea 六月茶;Eindhoven;Nieuwstraat 34 5611DB;;NIE ZNALEZIONO STRONY W DANYCH;;;;;;NIEUSTALONE (wymaga zdjęć lub wizji lokalnej);;;;;;Do sprawdzenia;strony nie ma w danych mapy (do sprawdzenia);"jeśli faktycznie brak: strona WWW; witryna/szyld, druk (menu, ulotki), odzież dla personelu (do sprawdzenia na miejscu)";nie kontaktowano;OpenStreetMap (amenity=cafe, node/2765448275);2026-10-10
Gastronomia;C;3;Jungle Café;Eindhoven;Edisonstraat 21 5621HJ;https://www.junglecafecatering.nl;OK;tak;tak;;Wix;Facebook, Instagram;NIEUSTALONE (wymaga zdjęć lub wizji lokalnej);rekrutuje;;;;;Podstawy online OK;;"witryna/szyld, druk (menu, ulotki), odzież dla personelu (do sprawdzenia na miejscu); odzież/oklejenie dla nowych ludzi i aut";nie kontaktowano;OpenStreetMap (amenity=cafe, node/6816061198);2026-10-10
Gastronomia;C;3;Just Say Cheese;;;;NIE ZNALEZIONO STRONY W DANYCH;;;;;;NIEUSTALONE (wymaga zdjęć lub wizji lokalnej);;;;;;Do sprawdzenia;strony nie ma w danych mapy (do sprawdzenia);"jeśli faktycznie brak: strona WWW; witryna/szyld, druk (menu, ulotki), odzież dla personelu (do sprawdzenia na miejscu)";nie kontaktowano;OpenStreetMap (amenity=fast_food, node/9112896295);2026-10-10
Gastronomia;C;3;Jut&Jul Eten & Drinken;Bakel;Dorpsstraat 12 5761BN;https://jutenjulbakel.nl/;OK;tak;tak;2026;WordPress;Facebook, Instagram, LinkedIn, TikTok;NIEUSTALONE (wymaga zdjęć lub wizji lokalnej);rekrutuje;;;;;Podstawy online OK;;"witryna/szyld, druk (menu, ulotki), odzież dla personelu (do sprawdzenia na miejscu); odzież/oklejenie dla nowych ludzi i aut";nie kontaktowano;OpenStreetMap (amenity=restaurant, node/3014821959);2026-10-10
Gastronomia;C;3;JUUDS Foederer;Helmond;Kerkstraat 46 5701PM;https://juudsfoederer.nl;OK;tak;tak;2026;;Facebook, Instagram, YouTube;NIEUSTALONE (wymaga zdjęć lub wizji lokalnej);rekrutuje;;;;;Podstawy online OK;;"witryna/szyld, druk (menu, ulotki), odzież dla personelu (do sprawdzenia na miejscu); odzież/oklejenie dla nowych ludzi i aut";nie kontaktowano;OpenStreetMap (amenity=cafe, node/2903873736);2026-10-10
Gastronomia;C;3;Kabayan Dreamfloat;Eindhoven;Kalmoesplein 73 5643LM;https://www.kabayandreamfloat.nl;OK;tak;tak;;;;NIEUSTALONE (wymaga zdjęć lub wizji lokalnej);;;;;;Częściowe braki;nie znaleziono social media na stronie;"materiały do social media; witryna/szyld, druk (menu, ulotki), odzież dla personelu (do sprawdzenia na miejscu)";nie kontaktowano;OpenStreetMap (amenity=restaurant, node/11300148390);2026-10-10
Gastronomia;C;3;Kaffee Katoen;Geldrop;Heuvel 10 5664HK;https://www.kaffeekatoen.nl;OK;tak;tak;2024;;Facebook;NIEUSTALONE (wymaga zdjęć lub wizji lokalnej);rekrutuje;;;;;Podstawy online OK;;"witryna/szyld, druk (menu, ulotki), odzież dla personelu (do sprawdzenia na miejscu); odzież/oklejenie dla nowych ludzi i aut";nie kontaktowano;OpenStreetMap (amenity=cafe, node/2872352376);2026-10-10
Gastronomia;C;3;Kam Po;Eindhoven;Kruisstraat 163A 5612CG;https://www.restaurantkampo.nl;OK;tak;tak;2026;;Facebook;NIEUSTALONE (wymaga zdjęć lub wizji lokalnej);rekrutuje;;;;;Podstawy online OK;;"witryna/szyld, druk (menu, ulotki), odzież dla personelu (do sprawdzenia na miejscu); odzież/oklejenie dla nowych ludzi i aut";nie kontaktowano;OpenStreetMap (amenity=restaurant, node/5200701934);2026-10-10
Gastronomia;C;3;Kamer van Koophandel Restaurant;Eindhoven;John F Kennedylaan 2 5612AB;;NIE ZNALEZIONO STRONY W DANYCH;;;;;;NIEUSTALONE (wymaga zdjęć lub wizji lokalnej);;;;;;Do sprawdzenia;strony nie ma w danych mapy (do sprawdzenia);"jeśli faktycznie brak: strona WWW; witryna/szyld, druk (menu, ulotki), odzież dla personelu (do sprawdzenia na miejscu)";nie kontaktowano;OpenStreetMap (amenity=restaurant, node/5213820227);2026-10-10
Gastronomia;C;3;Kampeerboerderij de Molenvelden;Eersel;Molenveld 12 5521NP;;NIE ZNALEZIONO STRONY W DANYCH;;;;;;NIEUSTALONE (wymaga zdjęć lub wizji lokalnej);;;;;;Do sprawdzenia;strony nie ma w danych mapy (do sprawdzenia);"jeśli faktycznie brak: strona WWW; witryna/szyld, druk (menu, ulotki), odzież dla personelu (do sprawdzenia na miejscu)";nie kontaktowano;OpenStreetMap (amenity=cafe, node/2828566422);2026-10-10
Gastronomia;C;3;Kantine Beerse Boys;Oost West en Middelbeers;Sportparklaan 2A 5091EM;;NIE ZNALEZIONO STRONY W DANYCH;;;;;;NIEUSTALONE (wymaga zdjęć lub wizji lokalnej);;;;;;Do sprawdzenia;strony nie ma w danych mapy (do sprawdzenia);"jeśli faktycznie brak: strona WWW; witryna/szyld, druk (menu, ulotki), odzież dla personelu (do sprawdzenia na miejscu)";nie kontaktowano;OpenStreetMap (amenity=cafe, node/2825959418);2026-10-10
Gastronomia;C;3;Kantine Hockeyclub Mierlo;Mierlo;Oudvensestraat 9 5731SH;;NIE ZNALEZIONO STRONY W DANYCH;;;;;;NIEUSTALONE (wymaga zdjęć lub wizji lokalnej);;;;;;Do sprawdzenia;strony nie ma w danych mapy (do sprawdzenia);"jeśli faktycznie brak: strona WWW; witryna/szyld, druk (menu, ulotki), odzież dla personelu (do sprawdzenia na miejscu)";nie kontaktowano;OpenStreetMap (amenity=bar, node/2876288795);2026-10-10
Gastronomia;C;3;Kantine Lopersgroep Mierlo;Mierlo;Oudvensestraat 9A 5731SH;;NIE ZNALEZIONO STRONY W DANYCH;;;;;;NIEUSTALONE (wymaga zdjęć lub wizji lokalnej);;;;;;Do sprawdzenia;strony nie ma w danych mapy (do sprawdzenia);"jeśli faktycznie brak: strona WWW; witryna/szyld, druk (menu, ulotki), odzież dla personelu (do sprawdzenia na miejscu)";nie kontaktowano;OpenStreetMap (amenity=bar, node/2876288796);2026-10-10
Gastronomia;C;3;Kantine Mierlose Tennis Vereniging;Mierlo;Heer van Scherpenzeelweg 26 5731EW;;NIE ZNALEZIONO STRONY W DANYCH;;;;;;NIEUSTALONE (wymaga zdjęć lub wizji lokalnej);;;;;;Do sprawdzenia;strony nie ma w danych mapy (do sprawdzenia);"jeśli faktycznie brak: strona WWW; witryna/szyld, druk (menu, ulotki), odzież dla personelu (do sprawdzenia na miejscu)";nie kontaktowano;OpenStreetMap (amenity=bar, node/2876908257);2026-10-10
Gastronomia;C;3;Kantoorzicht;Eindhoven;Boschdijk 460 5622PC;;NIE ZNALEZIONO STRONY W DANYCH;;;;;;NIEUSTALONE (wymaga zdjęć lub wizji lokalnej);;;;;;Do sprawdzenia;strony nie ma w danych mapy (do sprawdzenia);"jeśli faktycznie brak: strona WWW; witryna/szyld, druk (menu, ulotki), odzież dla personelu (do sprawdzenia na miejscu)";nie kontaktowano;OpenStreetMap (amenity=cafe, node/2458397305);2026-10-10
Gastronomia;C;3;Kareltje Kebap;Someren;van den Eijndelaan 1 5712BS;https://www.kareltjekebap.nl/;OK;tak;tak;;;;NIEUSTALONE (wymaga zdjęć lub wizji lokalnej);;;;;;Częściowe braki;nie znaleziono social media na stronie;"materiały do social media; witryna/szyld, druk (menu, ulotki), odzież dla personelu (do sprawdzenia na miejscu)";nie kontaktowano;OpenStreetMap (amenity=fast_food, node/2851424444);2026-10-10
Gastronomia;C;3;Kebab Huis Woensel;;;;NIE ZNALEZIONO STRONY W DANYCH;;;;;;NIEUSTALONE (wymaga zdjęć lub wizji lokalnej);;;;;;Do sprawdzenia;strony nie ma w danych mapy (do sprawdzenia);"jeśli faktycznie brak: strona WWW; witryna/szyld, druk (menu, ulotki), odzież dla personelu (do sprawdzenia na miejscu)";nie kontaktowano;OpenStreetMap (amenity=restaurant, node/12222992562);2026-10-10
Gastronomia;C;3;Kees Kroket;Eindhoven;Stratumseind 39A 5611EP;;NIE ZNALEZIONO STRONY W DANYCH;;;;;;NIEUSTALONE (wymaga zdjęć lub wizji lokalnej);;;;;;Do sprawdzenia;strony nie ma w danych mapy (do sprawdzenia);"jeśli faktycznie brak: strona WWW; witryna/szyld, druk (menu, ulotki), odzież dla personelu (do sprawdzenia na miejscu)";nie kontaktowano;OpenStreetMap (amenity=fast_food, node/2765282364);2026-10-10
Gastronomia;C;3;King Thai Restaurant;Eindhoven;St Bonifaciuslaan 1 5643NA;https://kingthai.nl/;OK;tak;tak;;WordPress;Facebook, Instagram;NIEUSTALONE (wymaga zdjęć lub wizji lokalnej);rekrutuje;;;;;Podstawy online OK;;"witryna/szyld, druk (menu, ulotki), odzież dla personelu (do sprawdzenia na miejscu); odzież/oklejenie dla nowych ludzi i aut";nie kontaktowano;OpenStreetMap (amenity=restaurant, node/2743666659) + wyszukiwarka;2026-10-10
Gastronomia;C;3;KIP040;Eindhoven;Edisonstraat 4 5621HP;https://kip040.nl/;OK;tak;tak;;WordPress;;NIEUSTALONE (wymaga zdjęć lub wizji lokalnej);;;;;;Częściowe braki;nie znaleziono social media na stronie;"materiały do social media; witryna/szyld, druk (menu, ulotki), odzież dla personelu (do sprawdzenia na miejscu)";nie kontaktowano;OpenStreetMap (amenity=restaurant, node/4801662487);2026-10-10
Gastronomia;C;3;Kismet;Helmond;Heistraat 4 5701HN;https://www.kismet-helmond.nl;OK;tak;tak;;;;NIEUSTALONE (wymaga zdjęć lub wizji lokalnej);;;;;;Częściowe braki;nie znaleziono social media na stronie;"materiały do social media; witryna/szyld, druk (menu, ulotki), odzież dla personelu (do sprawdzenia na miejscu)";nie kontaktowano;OpenStreetMap (amenity=restaurant, node/2903873415);2026-10-10
Gastronomia;C;3;Kix;Eindhoven;Stratumseind 75A 5611ER;;NIE ZNALEZIONO STRONY W DANYCH;;;;;;NIEUSTALONE (wymaga zdjęć lub wizji lokalnej);;;;;;Do sprawdzenia;strony nie ma w danych mapy (do sprawdzenia);"jeśli faktycznie brak: strona WWW; witryna/szyld, druk (menu, ulotki), odzież dla personelu (do sprawdzenia na miejscu)";nie kontaktowano;OpenStreetMap (amenity=pub, node/2765284042);2026-10-10
Gastronomia;C;3;Kleine Dante;Boxtel;Eindhovenseweg 41 5283RA;https://kleinedante.nl/;OK;tak;tak;2026;;;NIEUSTALONE (wymaga zdjęć lub wizji lokalnej);;;;;;Częściowe braki;nie znaleziono social media na stronie;"materiały do social media; witryna/szyld, druk (menu, ulotki), odzież dla personelu (do sprawdzenia na miejscu)";nie kontaktowano;OpenStreetMap (amenity=restaurant, node/2790621054);2026-10-10
Gastronomia;C;3;Knapen;Heeze;Emmerikstraat 6 5591HZ;;NIE ZNALEZIONO STRONY W DANYCH;;;;;;NIEUSTALONE (wymaga zdjęć lub wizji lokalnej);;;;;;Do sprawdzenia;strony nie ma w danych mapy (do sprawdzenia);"jeśli faktycznie brak: strona WWW; witryna/szyld, druk (menu, ulotki), odzież dla personelu (do sprawdzenia na miejscu)";nie kontaktowano;OpenStreetMap (amenity=fast_food, node/2830083011);2026-10-10
Gastronomia;C;3;Koetje Kaat;;;;NIE ZNALEZIONO STRONY W DANYCH;;;;;;NIEUSTALONE (wymaga zdjęć lub wizji lokalnej);;;;;;Do sprawdzenia;strony nie ma w danych mapy (do sprawdzenia);"jeśli faktycznie brak: strona WWW; witryna/szyld, druk (menu, ulotki), odzież dla personelu (do sprawdzenia na miejscu)";nie kontaktowano;OpenStreetMap (amenity=ice_cream, way/557114994);2026-10-10
Gastronomia;C;3;Koffie'M;Eindhoven;Meerzand 118 5658LJ;https://www.koffiem-eindhoven.nl/;OK;tak;tak;;;;NIEUSTALONE (wymaga zdjęć lub wizji lokalnej);;;;;;Częściowe braki;nie znaleziono social media na stronie;"materiały do social media; witryna/szyld, druk (menu, ulotki), odzież dla personelu (do sprawdzenia na miejscu)";nie kontaktowano;OpenStreetMap (amenity=cafe, node/2729759695);2026-10-10
Gastronomia;C;3;Koffieboetiek;Helmond;Kromme Steenweg 33 5707CB;https://www.koffieboetiekhelmond.nl;OK;tak;tak;;WordPress;Facebook, Instagram;NIEUSTALONE (wymaga zdjęć lub wizji lokalnej);rekrutuje;;;;;Podstawy online OK;;"witryna/szyld, druk (menu, ulotki), odzież dla personelu (do sprawdzenia na miejscu); odzież/oklejenie dla nowych ludzi i aut";nie kontaktowano;OpenStreetMap (amenity=cafe, node/12337553353);2026-10-10
Gastronomia;C;3;komagene;;;;NIE ZNALEZIONO STRONY W DANYCH;;;;;;NIEUSTALONE (wymaga zdjęć lub wizji lokalnej);;;;;;Do sprawdzenia;strony nie ma w danych mapy (do sprawdzenia);"jeśli faktycznie brak: strona WWW; witryna/szyld, druk (menu, ulotki), odzież dla personelu (do sprawdzenia na miejscu)";nie kontaktowano;OpenStreetMap (amenity=fast_food, node/12047719463);2026-10-10
Gastronomia;C;3;Komeet;;;;NIE ZNALEZIONO STRONY W DANYCH;;;;;;NIEUSTALONE (wymaga zdjęć lub wizji lokalnej);;;;;;Do sprawdzenia;strony nie ma w danych mapy (do sprawdzenia);"jeśli faktycznie brak: strona WWW; witryna/szyld, druk (menu, ulotki), odzież dla personelu (do sprawdzenia na miejscu)";nie kontaktowano;OpenStreetMap (amenity=restaurant, node/12192369839);2026-10-10
Gastronomia;C;3;Koren Lunchroom;Best;Hoofdstraat 9 5683AA;;NIE ZNALEZIONO STRONY W DANYCH;;;;;;NIEUSTALONE (wymaga zdjęć lub wizji lokalnej);;;;;;Do sprawdzenia;strony nie ma w danych mapy (do sprawdzenia);"jeśli faktycznie brak: strona WWW; witryna/szyld, druk (menu, ulotki), odzież dla personelu (do sprawdzenia na miejscu)";nie kontaktowano;OpenStreetMap (amenity=restaurant, node/1566979989);2026-10-10
Gastronomia;C;3;Kota Radia;Helmond;Markt 28 5701RK;;NIE ZNALEZIONO STRONY W DANYCH;;;;;;NIEUSTALONE (wymaga zdjęć lub wizji lokalnej);;;;;;Do sprawdzenia;strony nie ma w danych mapy (do sprawdzenia);"jeśli faktycznie brak: strona WWW; witryna/szyld, druk (menu, ulotki), odzież dla personelu (do sprawdzenia na miejscu)";nie kontaktowano;OpenStreetMap (amenity=restaurant, node/2903871555);2026-10-10
Gastronomia;C;3;Krakenburg;Nuenen;Olen 50 5674PJ;https://krakenburg.nl;OK;tak;tak;;WordPress;;NIEUSTALONE (wymaga zdjęć lub wizji lokalnej);;;;;;Częściowe braki;nie znaleziono social media na stronie;"materiały do social media; witryna/szyld, druk (menu, ulotki), odzież dla personelu (do sprawdzenia na miejscu)";nie kontaktowano;OpenStreetMap (amenity=cafe, node/6624660642);2026-10-10
Gastronomia;C;3;Kreeftenbar;Eindhoven;Kleine Berg 21 5611JS;https://www.kreeftenbar.nl/;OK;tak;tak;;WordPress;Facebook, Instagram;NIEUSTALONE (wymaga zdjęć lub wizji lokalnej);rekrutuje;;;;;Podstawy online OK;;"witryna/szyld, druk (menu, ulotki), odzież dla personelu (do sprawdzenia na miejscu); odzież/oklejenie dla nowych ludzi i aut";nie kontaktowano;OpenStreetMap (amenity=bar, node/2764374214);2026-10-10
Gastronomia;C;3;Kuiperke;;;;NIE ZNALEZIONO STRONY W DANYCH;;;;;;NIEUSTALONE (wymaga zdjęć lub wizji lokalnej);;;;;;Do sprawdzenia;strony nie ma w danych mapy (do sprawdzenia);"jeśli faktycznie brak: strona WWW; witryna/szyld, druk (menu, ulotki), odzież dla personelu (do sprawdzenia na miejscu)";nie kontaktowano;OpenStreetMap (amenity=fast_food, node/2612950293);2026-10-10
Gastronomia;C;3;L'Avenue Vin & Cuisine;Eindhoven;Kleine Berg 23 5611JS;https://www.lavenue-eindhoven.nl;OK;tak;tak;;WordPress;;NIEUSTALONE (wymaga zdjęć lub wizji lokalnej);;;;;;Częściowe braki;nie znaleziono social media na stronie;"materiały do social media; witryna/szyld, druk (menu, ulotki), odzież dla personelu (do sprawdzenia na miejscu)";nie kontaktowano;OpenStreetMap (amenity=bar, node/674691937);2026-10-10
Gastronomia;C;3;L'Azzurro;Eindhoven;Dommelstraat 12 5611CK;https://www.lazzurroeindhoven.nl;OK;tak;tak;;Webnode;;NIEUSTALONE (wymaga zdjęć lub wizji lokalnej);;;;;;Częściowe braki;nie znaleziono social media na stronie;"materiały do social media; witryna/szyld, druk (menu, ulotki), odzież dla personelu (do sprawdzenia na miejscu)";nie kontaktowano;OpenStreetMap (amenity=restaurant, node/2765158659);2026-10-10
Gastronomia;C;3;La Bocca Grande;Helmond;Kerkstraat 41 5701PL;https://laboccagrande.nl/;OK;tak;tak;2026;;Facebook, Instagram;NIEUSTALONE (wymaga zdjęć lub wizji lokalnej);rekrutuje;;;;;Podstawy online OK;;"witryna/szyld, druk (menu, ulotki), odzież dla personelu (do sprawdzenia na miejscu); odzież/oklejenie dla nowych ludzi i aut";nie kontaktowano;OpenStreetMap (amenity=restaurant, node/2903873525);2026-10-10
Gastronomia;C;3;La Cantina;Eindhoven;Vestdijk 39 5611CA;;NIE ZNALEZIONO STRONY W DANYCH;;;;;;NIEUSTALONE (wymaga zdjęć lub wizji lokalnej);;;;;;Do sprawdzenia;strony nie ma w danych mapy (do sprawdzenia);"jeśli faktycznie brak: strona WWW; witryna/szyld, druk (menu, ulotki), odzież dla personelu (do sprawdzenia na miejscu)";nie kontaktowano;OpenStreetMap (amenity=restaurant, node/2765159952);2026-10-10
Gastronomia;C;3;La Casera;Eindhoven;Keizersgracht 22 5611GD;;NIE ZNALEZIONO STRONY W DANYCH;;;;;;NIEUSTALONE (wymaga zdjęć lub wizji lokalnej);;;;;;Do sprawdzenia;strony nie ma w danych mapy (do sprawdzenia);"jeśli faktycznie brak: strona WWW; witryna/szyld, druk (menu, ulotki), odzież dla personelu (do sprawdzenia na miejscu)";nie kontaktowano;OpenStreetMap (amenity=bar, node/2764374320);2026-10-10
Gastronomia;C;3;La Dolce Vita;Eindhoven;Dommelstraat 24 5611CL;;NIE ZNALEZIONO STRONY W DANYCH;;;;;;NIEUSTALONE (wymaga zdjęć lub wizji lokalnej);;;;;;Do sprawdzenia;strony nie ma w danych mapy (do sprawdzenia);"jeśli faktycznie brak: strona WWW; witryna/szyld, druk (menu, ulotki), odzież dla personelu (do sprawdzenia na miejscu)";nie kontaktowano;OpenStreetMap (amenity=restaurant, node/2765159215);2026-10-10
Gastronomia;C;3;La Fleurie;Oirschot;Rijkesluisstraat 4 5688ED;https://www.lafleurie.nl/;OK;tak;tak;;WordPress;Facebook, Instagram;NIEUSTALONE (wymaga zdjęć lub wizji lokalnej);rekrutuje;;;;;Podstawy online OK;;"witryna/szyld, druk (menu, ulotki), odzież dla personelu (do sprawdzenia na miejscu); odzież/oklejenie dla nowych ludzi i aut";nie kontaktowano;OpenStreetMap (amenity=restaurant, node/2825997060);2026-10-10
Gastronomia;C;3;La Folie;Eindhoven;Vrijstraat 40 5611AW;https://www.lafolie.nl;OK;tak;tak;;;;NIEUSTALONE (wymaga zdjęć lub wizji lokalnej);;;;;;Częściowe braki;nie znaleziono social media na stronie;"materiały do social media; witryna/szyld, druk (menu, ulotki), odzież dla personelu (do sprawdzenia na miejscu)";nie kontaktowano;OpenStreetMap (amenity=pub, node/3446864583);2026-10-10
Gastronomia;C;3;La Gondola;Gemert;Binderseind 49 5421CH;;NIE ZNALEZIONO STRONY W DANYCH;;;;;;NIEUSTALONE (wymaga zdjęć lub wizji lokalnej);;;;;;Do sprawdzenia;strony nie ma w danych mapy (do sprawdzenia);"jeśli faktycznie brak: strona WWW; witryna/szyld, druk (menu, ulotki), odzież dla personelu (do sprawdzenia na miejscu)";nie kontaktowano;OpenStreetMap (amenity=fast_food, node/3005553143);2026-10-10
Gastronomia;C;3;La Place;Eindhoven;Piazza 62 5611AE;https://www.laplace.com/;OK;tak;tak;2026;;Facebook, Instagram, TikTok, YouTube;NIEUSTALONE (wymaga zdjęć lub wizji lokalnej);rekrutuje;;;;;Podstawy online OK;;"witryna/szyld, druk (menu, ulotki), odzież dla personelu (do sprawdzenia na miejscu); odzież/oklejenie dla nowych ludzi i aut";nie kontaktowano;OpenStreetMap (amenity=restaurant, node/2092447938) + wyszukiwarka;2026-10-10
Gastronomia;C;3;La Place Express;Eindhoven;Heuvel Galerie 135 5611DK;;NIE ZNALEZIONO STRONY W DANYCH;;;;;;NIEUSTALONE (wymaga zdjęć lub wizji lokalnej);;;;;;Do sprawdzenia;strony nie ma w danych mapy (do sprawdzenia);"jeśli faktycznie brak: strona WWW; witryna/szyld, druk (menu, ulotki), odzież dla personelu (do sprawdzenia na miejscu)";nie kontaktowano;OpenStreetMap (amenity=fast_food, node/2765367289);2026-10-10
Gastronomia;C;3;La Route;Eindhoven;Stratumseind 45 5611EP;;NIE ZNALEZIONO STRONY W DANYCH;;;;;;NIEUSTALONE (wymaga zdjęć lub wizji lokalnej);;;;;;Do sprawdzenia;strony nie ma w danych mapy (do sprawdzenia);"jeśli faktycznie brak: strona WWW; witryna/szyld, druk (menu, ulotki), odzież dla personelu (do sprawdzenia na miejscu)";nie kontaktowano;OpenStreetMap (amenity=pub, node/2765282690);2026-10-10
Gastronomia;C;3;La Strada;Bladel;Bleijenhoek 6A 5531BM;;NIE ZNALEZIONO STRONY W DANYCH;;;;;;NIEUSTALONE (wymaga zdjęć lub wizji lokalnej);;;;;;Do sprawdzenia;strony nie ma w danych mapy (do sprawdzenia);"jeśli faktycznie brak: strona WWW; witryna/szyld, druk (menu, ulotki), odzież dla personelu (do sprawdzenia na miejscu)";nie kontaktowano;OpenStreetMap (amenity=fast_food, node/2827069561);2026-10-10
Gastronomia;C;3;La Toscana Veldhoven;;;;NIE ZNALEZIONO STRONY W DANYCH;;;;;;NIEUSTALONE (wymaga zdjęć lub wizji lokalnej);;;;;;Do sprawdzenia;strony nie ma w danych mapy (do sprawdzenia);"jeśli faktycznie brak: strona WWW; witryna/szyld, druk (menu, ulotki), odzież dla personelu (do sprawdzenia na miejscu)";nie kontaktowano;OpenStreetMap (amenity=cafe, node/1417378690);2026-10-10
Gastronomia;C;3;La venezia;Helmond;Steenweg 28 5707CG;;NIE ZNALEZIONO STRONY W DANYCH;;;;;;NIEUSTALONE (wymaga zdjęć lub wizji lokalnej);;;;;;Do sprawdzenia;strony nie ma w danych mapy (do sprawdzenia);"jeśli faktycznie brak: strona WWW; witryna/szyld, druk (menu, ulotki), odzież dla personelu (do sprawdzenia na miejscu)";nie kontaktowano;OpenStreetMap (amenity=fast_food, node/2902886571);2026-10-10
Gastronomia;C;3;Lavash;Eindhoven;Winkelcentrum Woensel 2 5625AA;;NIE ZNALEZIONO STRONY W DANYCH;;;;;;NIEUSTALONE (wymaga zdjęć lub wizji lokalnej);;;;;;Do sprawdzenia;strony nie ma w danych mapy (do sprawdzenia);"jeśli faktycznie brak: strona WWW; witryna/szyld, druk (menu, ulotki), odzież dla personelu (do sprawdzenia na miejscu)";nie kontaktowano;OpenStreetMap (amenity=fast_food, node/2751968830);2026-10-10
Gastronomia;C;3;Le Cozy;Eindhoven;Kleine Berg 18 5611JV;https://lecozy.nl/;OK;tak;tak;2025;WordPress;Facebook, Instagram;NIEUSTALONE (wymaga zdjęć lub wizji lokalnej);rekrutuje;;;;;Podstawy online OK;;"witryna/szyld, druk (menu, ulotki), odzież dla personelu (do sprawdzenia na miejscu); odzież/oklejenie dla nowych ludzi i aut";nie kontaktowano;OpenStreetMap (amenity=bar, node/2764373425);2026-10-10
Gastronomia;C;3;Le Patat;Aarle-Rixtel;Dorpsstraat 62 5735EE;;NIE ZNALEZIONO STRONY W DANYCH;;;;;;NIEUSTALONE (wymaga zdjęć lub wizji lokalnej);;;;;;Do sprawdzenia;strony nie ma w danych mapy (do sprawdzenia);"jeśli faktycznie brak: strona WWW; witryna/szyld, druk (menu, ulotki), odzież dla personelu (do sprawdzenia na miejscu)";nie kontaktowano;OpenStreetMap (amenity=fast_food, node/2901025157);2026-10-10
Gastronomia;C;3;Le Souris;Nuenen;Berg 16 5671CC;;NIE ZNALEZIONO STRONY W DANYCH;;;;;;NIEUSTALONE (wymaga zdjęć lub wizji lokalnej);;;;;;Do sprawdzenia;strony nie ma w danych mapy (do sprawdzenia);"jeśli faktycznie brak: strona WWW; witryna/szyld, druk (menu, ulotki), odzież dla personelu (do sprawdzenia na miejscu)";nie kontaktowano;OpenStreetMap (amenity=restaurant, node/2994051760);2026-10-10
Gastronomia;C;3;Lekker India;Eindhoven;Hoogstraat 49 5615PA;;NIE ZNALEZIONO STRONY W DANYCH;;;;;;NIEUSTALONE (wymaga zdjęć lub wizji lokalnej);;;;;;Do sprawdzenia;strony nie ma w danych mapy (do sprawdzenia);"jeśli faktycznie brak: strona WWW; witryna/szyld, druk (menu, ulotki), odzież dla personelu (do sprawdzenia na miejscu)";nie kontaktowano;OpenStreetMap (amenity=restaurant, node/2748519247);2026-10-10
Gastronomia;C;3;Liberty Foodbar;Bladel;Markt 2A 5531BA;https://www.liberty-foodbar.nl;OK;tak;tak;;WordPress;Facebook, Instagram;NIEUSTALONE (wymaga zdjęć lub wizji lokalnej);rekrutuje;;;;;Podstawy online OK;;"witryna/szyld, druk (menu, ulotki), odzież dla personelu (do sprawdzenia na miejscu); odzież/oklejenie dla nowych ludzi i aut";nie kontaktowano;OpenStreetMap (amenity=pub, node/2827062452);2026-10-10
Gastronomia;C;3;Lichtstad;Eindhoven;Leenderweg 283 5643AJ;;NIE ZNALEZIONO STRONY W DANYCH;;;;;;NIEUSTALONE (wymaga zdjęć lub wizji lokalnej);;;;;;Do sprawdzenia;strony nie ma w danych mapy (do sprawdzenia);"jeśli faktycznie brak: strona WWW; witryna/szyld, druk (menu, ulotki), odzież dla personelu (do sprawdzenia na miejscu)";nie kontaktowano;OpenStreetMap (amenity=cafe, node/3396690568);2026-10-10
Gastronomia;C;3;Lieve;;;;NIE ZNALEZIONO STRONY W DANYCH;;;;;;NIEUSTALONE (wymaga zdjęć lub wizji lokalnej);;;;;;Do sprawdzenia;strony nie ma w danych mapy (do sprawdzenia);"jeśli faktycznie brak: strona WWW; witryna/szyld, druk (menu, ulotki), odzież dla personelu (do sprawdzenia na miejscu)";nie kontaktowano;OpenStreetMap (amenity=restaurant, node/12181907514);2026-10-10
Gastronomia;C;3;Lis Foods & Goods;Veldhoven;Kromstraat 40A 5504BD;https://www.lunchbylis.nl/;OK;tak;tak;2026;WordPress;Facebook, Instagram, LinkedIn;NIEUSTALONE (wymaga zdjęć lub wizji lokalnej);rekrutuje;;;;;Podstawy online OK;;"witryna/szyld, druk (menu, ulotki), odzież dla personelu (do sprawdzenia na miejscu); odzież/oklejenie dla nowych ludzi i aut";nie kontaktowano;OpenStreetMap (amenity=restaurant, node/2833147461);2026-10-10
Gastronomia;C;3;Loaded;;;https://www.loaded-eindhoven.nl/;OK;tak;tak;;;;NIEUSTALONE (wymaga zdjęć lub wizji lokalnej);;;;;;Częściowe braki;nie znaleziono social media na stronie;"materiały do social media; witryna/szyld, druk (menu, ulotki), odzież dla personelu (do sprawdzenia na miejscu)";nie kontaktowano;OpenStreetMap (amenity=fast_food, node/12702442447);2026-10-10
Gastronomia;C;3;Lorenza;Veldhoven;Mariaplein 8 5503DA;;NIE ZNALEZIONO STRONY W DANYCH;;;;;;NIEUSTALONE (wymaga zdjęć lub wizji lokalnej);;;;;;Do sprawdzenia;strony nie ma w danych mapy (do sprawdzenia);"jeśli faktycznie brak: strona WWW; witryna/szyld, druk (menu, ulotki), odzież dla personelu (do sprawdzenia na miejscu)";nie kontaktowano;OpenStreetMap (amenity=restaurant, node/2833219827);2026-10-10
Gastronomia;C;3;Loro Blonyo;Helmond;Markt 44 5701RL;;NIE ZNALEZIONO STRONY W DANYCH;;;;;;NIEUSTALONE (wymaga zdjęć lub wizji lokalnej);;;;;;Do sprawdzenia;strony nie ma w danych mapy (do sprawdzenia);"jeśli faktycznie brak: strona WWW; witryna/szyld, druk (menu, ulotki), odzież dla personelu (do sprawdzenia na miejscu)";nie kontaktowano;OpenStreetMap (amenity=restaurant, node/2903873661);2026-10-10
Gastronomia;C;3;Lotus;Veldhoven;Kapelstraat-Zuid 20A 5503CW;https://lotusveldhoven.nl/;OK;tak;tak;2022;;;NIEUSTALONE (wymaga zdjęć lub wizji lokalnej);;;;;;Częściowe braki;nie znaleziono social media na stronie;"materiały do social media; witryna/szyld, druk (menu, ulotki), odzież dla personelu (do sprawdzenia na miejscu)";nie kontaktowano;OpenStreetMap (amenity=restaurant, node/2833217980);2026-10-10
Gastronomia;C;3;Lotus Garden;Waalre;Hortensialaan 10 5582CL;https://www.lotusgardenwaalre.nl/;OK;tak;tak;;;;NIEUSTALONE (wymaga zdjęć lub wizji lokalnej);;;;;;Częściowe braki;nie znaleziono social media na stronie;"materiały do social media; witryna/szyld, druk (menu, ulotki), odzież dla personelu (do sprawdzenia na miejscu)";nie kontaktowano;OpenStreetMap (amenity=restaurant, node/2575760977);2026-10-10
Gastronomia;C;3;Lovano;Veldhoven;Oude Kerkstraat 9 5507LA;https://lovano.nl;OK;tak;tak;;WordPress;Facebook, Instagram, LinkedIn, TikTok;NIEUSTALONE (wymaga zdjęć lub wizji lokalnej);rekrutuje;;;;;Podstawy online OK;;"witryna/szyld, druk (menu, ulotki), odzież dla personelu (do sprawdzenia na miejscu); odzież/oklejenie dla nowych ludzi i aut";nie kontaktowano;OpenStreetMap (amenity=restaurant, node/616364288);2026-10-10
Gastronomia;C;3;Lucifer Coffee Roasters KP;Eindhoven;Kennedyplein 103 5611ZS;https://lucifercoffee.com/;OK;tak;tak;2026;;Facebook, Instagram, LinkedIn;NIEUSTALONE (wymaga zdjęć lub wizji lokalnej);rekrutuje;;;;;Podstawy online OK;;"witryna/szyld, druk (menu, ulotki), odzież dla personelu (do sprawdzenia na miejscu); odzież/oklejenie dla nowych ludzi i aut";nie kontaktowano;OpenStreetMap (amenity=cafe, node/10599919151);2026-10-10
Gastronomia;C;3;Lugar;Waalre;Gestelsestraat 2 5582HH;https://www.lugar.nl/;OK;tak;tak;;Wix;Facebook, LinkedIn;NIEUSTALONE (wymaga zdjęć lub wizji lokalnej);rekrutuje;;;;;Podstawy online OK;;"witryna/szyld, druk (menu, ulotki), odzież dla personelu (do sprawdzenia na miejscu); odzież/oklejenie dla nowych ludzi i aut";nie kontaktowano;OpenStreetMap (amenity=restaurant, node/2929821370);2026-10-10
Gastronomia;C;3;Lunch café Crème de la creme;Veldhoven;Meiveld 164 5501KH;;NIE ZNALEZIONO STRONY W DANYCH;;;;;;NIEUSTALONE (wymaga zdjęć lub wizji lokalnej);;;;;;Do sprawdzenia;strony nie ma w danych mapy (do sprawdzenia);"jeśli faktycznie brak: strona WWW; witryna/szyld, druk (menu, ulotki), odzież dla personelu (do sprawdzenia na miejscu)";nie kontaktowano;OpenStreetMap (amenity=cafe, node/1834086334);2026-10-10
Gastronomia;C;3;Lunchcafe De Kemphaan;Valkenswaard;Passage 3 5554AH;;NIE ZNALEZIONO STRONY W DANYCH;;;;;;NIEUSTALONE (wymaga zdjęć lub wizji lokalnej);;;;;;Do sprawdzenia;strony nie ma w danych mapy (do sprawdzenia);"jeśli faktycznie brak: strona WWW; witryna/szyld, druk (menu, ulotki), odzież dla personelu (do sprawdzenia na miejscu)";nie kontaktowano;OpenStreetMap (amenity=restaurant, node/2828954442);2026-10-10
Gastronomia;C;3;Lunchroom Den Hof;Waalre;Den Hof 7 5582JZ;;NIE ZNALEZIONO STRONY W DANYCH;;;;;;NIEUSTALONE (wymaga zdjęć lub wizji lokalnej);;;;;;Do sprawdzenia;strony nie ma w danych mapy (do sprawdzenia);"jeśli faktycznie brak: strona WWW; witryna/szyld, druk (menu, ulotki), odzież dla personelu (do sprawdzenia na miejscu)";nie kontaktowano;OpenStreetMap (amenity=restaurant, node/2929829590);2026-10-10
Gastronomia;C;3;Lunchroom Fons van Dinther;Geldrop;Heuvel 77 5664HN;;NIE ZNALEZIONO STRONY W DANYCH;;;;;;NIEUSTALONE (wymaga zdjęć lub wizji lokalnej);;;;;;Do sprawdzenia;strony nie ma w danych mapy (do sprawdzenia);"jeśli faktycznie brak: strona WWW; witryna/szyld, druk (menu, ulotki), odzież dla personelu (do sprawdzenia na miejscu)";nie kontaktowano;OpenStreetMap (amenity=cafe, node/2872360089);2026-10-10
Gastronomia;C;3;Lunchroom Meesterlijk;Oost West en Middelbeers;Willibrordstraat 1 5091CC;https://www.lunchroommeesterlijk.nl/;OK;tak;tak;2026;;Facebook, Instagram;NIEUSTALONE (wymaga zdjęć lub wizji lokalnej);rekrutuje;;;;;Podstawy online OK;;"witryna/szyld, druk (menu, ulotki), odzież dla personelu (do sprawdzenia na miejscu); odzież/oklejenie dla nowych ludzi i aut";nie kontaktowano;OpenStreetMap (amenity=restaurant, node/2825993925);2026-10-10
Gastronomia;C;3;Lunchroom The Post;Veldhoven;Bree 119 5501JC;;NIE ZNALEZIONO STRONY W DANYCH;;;;;;NIEUSTALONE (wymaga zdjęć lub wizji lokalnej);;;;;;Do sprawdzenia;strony nie ma w danych mapy (do sprawdzenia);"jeśli faktycznie brak: strona WWW; witryna/szyld, druk (menu, ulotki), odzież dla personelu (do sprawdzenia na miejscu)";nie kontaktowano;OpenStreetMap (amenity=restaurant, node/2833272678);2026-10-10
Gastronomia;C;3;Lux Döner Eethuis;Helmond;Nieuwveld 37 5702HW;;NIE ZNALEZIONO STRONY W DANYCH;;;;;;NIEUSTALONE (wymaga zdjęć lub wizji lokalnej);;;;;;Do sprawdzenia;strony nie ma w danych mapy (do sprawdzenia);"jeśli faktycznie brak: strona WWW; witryna/szyld, druk (menu, ulotki), odzież dla personelu (do sprawdzenia na miejscu)";nie kontaktowano;OpenStreetMap (amenity=fast_food, node/2903265419);2026-10-10
Gastronomia;C;3;Luzt;Eindhoven;Markt 19 5611EC;https://www.luzt.nl;OK;tak;tak;2026;WordPress;Facebook, Instagram;NIEUSTALONE (wymaga zdjęć lub wizji lokalnej);rekrutuje;;;;;Podstawy online OK;;"witryna/szyld, druk (menu, ulotki), odzież dla personelu (do sprawdzenia na miejscu); odzież/oklejenie dla nowych ludzi i aut";nie kontaktowano;OpenStreetMap (amenity=restaurant, node/2765367919);2026-10-10
Gastronomia;C;3;M Coffee Club;Eindhoven;Woenselse Markt 63 5612CS;;NIE ZNALEZIONO STRONY W DANYCH;;;;;;NIEUSTALONE (wymaga zdjęć lub wizji lokalnej);;;;;;Do sprawdzenia;strony nie ma w danych mapy (do sprawdzenia);"jeśli faktycznie brak: strona WWW; witryna/szyld, druk (menu, ulotki), odzież dla personelu (do sprawdzenia na miejscu)";nie kontaktowano;OpenStreetMap (amenity=cafe, node/2778246830);2026-10-10
Gastronomia;C;3;Ma-nee tasty bytes;Eindhoven;Heezerweg 347B 5643KG;https://www.ma-nee-tastybytes-eindhoven.nl;OK;tak;tak;;;Facebook, Instagram, LinkedIn;NIEUSTALONE (wymaga zdjęć lub wizji lokalnej);sklep online;;;;;Podstawy online OK;;witryna/szyld, druk (menu, ulotki), odzież dla personelu (do sprawdzenia na miejscu);nie kontaktowano;OpenStreetMap (amenity=fast_food, node/2742839873);2026-10-10
Gastronomia;C;3;Maan Lee;Helmond;Mierloseweg 35 5707AB;;NIE ZNALEZIONO STRONY W DANYCH;;;;;;NIEUSTALONE (wymaga zdjęć lub wizji lokalnej);;;;;;Do sprawdzenia;strony nie ma w danych mapy (do sprawdzenia);"jeśli faktycznie brak: strona WWW; witryna/szyld, druk (menu, ulotki), odzież dla personelu (do sprawdzenia na miejscu)";nie kontaktowano;OpenStreetMap (amenity=fast_food, node/613802243);2026-10-10
Gastronomia;C;3;Mangerie Biarritz;Eindhoven;Biarritzplein 15 5627LE;https://www.mangeriebiarritz.nl/;OK;tak;tak;;;;NIEUSTALONE (wymaga zdjęć lub wizji lokalnej);;;;;;Częściowe braki;nie znaleziono social media na stronie;"materiały do social media; witryna/szyld, druk (menu, ulotki), odzież dla personelu (do sprawdzenia na miejscu)";nie kontaktowano;OpenStreetMap (amenity=restaurant, node/2747619104);2026-10-10
Gastronomia;C;3;Manhattan;Veldhoven;Kruisstraat 2 5502JE;;NIE ZNALEZIONO STRONY W DANYCH;;;;;;NIEUSTALONE (wymaga zdjęć lub wizji lokalnej);;;;;;Do sprawdzenia;strony nie ma w danych mapy (do sprawdzenia);"jeśli faktycznie brak: strona WWW; witryna/szyld, druk (menu, ulotki), odzież dla personelu (do sprawdzenia na miejscu)";nie kontaktowano;OpenStreetMap (amenity=pub, node/2833323429);2026-10-10
Gastronomia;C;3;Markt 14;Valkenswaard;Markt 14 5554CC;https://www.markt14.nl/;OK;tak;tak;;;Facebook, Instagram;NIEUSTALONE (wymaga zdjęć lub wizji lokalnej);rekrutuje;;;;;Podstawy online OK;;"witryna/szyld, druk (menu, ulotki), odzież dla personelu (do sprawdzenia na miejscu); odzież/oklejenie dla nowych ludzi i aut";nie kontaktowano;OpenStreetMap (amenity=restaurant, node/2829224024);2026-10-10
Gastronomia;C;3;Markt 6;;;;NIE ZNALEZIONO STRONY W DANYCH;;;;;;NIEUSTALONE (wymaga zdjęć lub wizji lokalnej);;;;;;Do sprawdzenia;strony nie ma w danych mapy (do sprawdzenia);"jeśli faktycznie brak: strona WWW; witryna/szyld, druk (menu, ulotki), odzież dla personelu (do sprawdzenia na miejscu)";nie kontaktowano;OpenStreetMap (amenity=restaurant, node/2872222856);2026-10-10
Gastronomia;C;3;Marmaris;Bladel;Markt 33A 5531BC;https://www.marmarisbladel.nl/;OK;tak;tak;;;;NIEUSTALONE (wymaga zdjęć lub wizji lokalnej);;;;;;Częściowe braki;nie znaleziono social media na stronie;"materiały do social media; witryna/szyld, druk (menu, ulotki), odzież dla personelu (do sprawdzenia na miejscu)";nie kontaktowano;OpenStreetMap (amenity=fast_food, node/2827063719);2026-10-10
Gastronomia;C;3;Marmer Lunchroom;Eindhoven;Winkelcentrum Woensel 358 5625AG;;NIE ZNALEZIONO STRONY W DANYCH;;;;;;NIEUSTALONE (wymaga zdjęć lub wizji lokalnej);;;;;;Do sprawdzenia;strony nie ma w danych mapy (do sprawdzenia);"jeśli faktycznie brak: strona WWW; witryna/szyld, druk (menu, ulotki), odzież dla personelu (do sprawdzenia na miejscu)";nie kontaktowano;OpenStreetMap (amenity=cafe, node/2751969837);2026-10-10
Gastronomia;C;3;Mathilde;Eindhoven;Kleine Berg 26 5611JV;https://www.mathilde-eindhoven.nl/;OK;tak;tak;2026;WordPress;Facebook, Instagram;NIEUSTALONE (wymaga zdjęć lub wizji lokalnej);rekrutuje;;;;;Podstawy online OK;;"witryna/szyld, druk (menu, ulotki), odzież dla personelu (do sprawdzenia na miejscu); odzież/oklejenie dla nowych ludzi i aut";nie kontaktowano;OpenStreetMap (amenity=restaurant, node/2764374846);2026-10-10
Gastronomia;C;3;Meat & Chips;Eindhoven;Piazza 75 5611AE;;NIE ZNALEZIONO STRONY W DANYCH;;;;;;NIEUSTALONE (wymaga zdjęć lub wizji lokalnej);;;;;;Do sprawdzenia;strony nie ma w danych mapy (do sprawdzenia);"jeśli faktycznie brak: strona WWW; witryna/szyld, druk (menu, ulotki), odzież dla personelu (do sprawdzenia na miejscu)";nie kontaktowano;OpenStreetMap (amenity=restaurant, node/3446865799);2026-10-10
Gastronomia;C;3;Mei Wah;Eindhoven;Leenderweg 84 5615AB;https://www.meiwaheindhoven.nl;OK;tak;tak;;WordPress;Facebook, Instagram;NIEUSTALONE (wymaga zdjęć lub wizji lokalnej);rekrutuje;;;;;Podstawy online OK;;"witryna/szyld, druk (menu, ulotki), odzież dla personelu (do sprawdzenia na miejscu); odzież/oklejenie dla nowych ludzi i aut";nie kontaktowano;OpenStreetMap (amenity=restaurant, node/2758411533);2026-10-10
Gastronomia;C;3;Mei Wah;Veldhoven;Burgemeester van Hooffln 83 5503BK;https://meiwahveldhoven.nl/;OK;tak;tak;2024;WordPress;Facebook, Instagram;NIEUSTALONE (wymaga zdjęć lub wizji lokalnej);nowa lokalizacja;;;;;Podstawy online OK;;"witryna/szyld, druk (menu, ulotki), odzież dla personelu (do sprawdzenia na miejscu); oznakowanie nowej lokalizacji / start marki";nie kontaktowano;OpenStreetMap (amenity=restaurant, node/2832683363);2026-10-10
Gastronomia;C;3;Meneer van Eijck;Oisterwijk;Rosepdreef 4 5062TB;;NIE ZNALEZIONO STRONY W DANYCH;;;;;;NIEUSTALONE (wymaga zdjęć lub wizji lokalnej);;;;;;Do sprawdzenia;strony nie ma w danych mapy (do sprawdzenia);"jeśli faktycznie brak: strona WWW; witryna/szyld, druk (menu, ulotki), odzież dla personelu (do sprawdzenia na miejscu)";nie kontaktowano;OpenStreetMap (amenity=restaurant, way/555928200);2026-10-10
Gastronomia;C;3;Merhaba!;Eindhoven;Tongelresestraat 282 5613DV;;NIE ZNALEZIONO STRONY W DANYCH;;;;;;NIEUSTALONE (wymaga zdjęć lub wizji lokalnej);;;;;;Do sprawdzenia;strony nie ma w danych mapy (do sprawdzenia);"jeśli faktycznie brak: strona WWW; witryna/szyld, druk (menu, ulotki), odzież dla personelu (do sprawdzenia na miejscu)";nie kontaktowano;OpenStreetMap (amenity=restaurant, node/2761967726);2026-10-10
Gastronomia;C;3;Mesi Sushi;Eindhoven;Kruisstraat 166 5612CN;https://mesisushi.nl/;OK;tak;tak;;WordPress;;NIEUSTALONE (wymaga zdjęć lub wizji lokalnej);;;;;;Częściowe braki;nie znaleziono social media na stronie;"materiały do social media; witryna/szyld, druk (menu, ulotki), odzież dla personelu (do sprawdzenia na miejscu)";nie kontaktowano;OpenStreetMap (amenity=restaurant, node/2778292231);2026-10-10
Gastronomia;C;3;Meteor;Eindhoven;Blauwe Loper 60 5612TA;https://meteorcommunity.cafe/;OK;tak;tak;;;;NIEUSTALONE (wymaga zdjęć lub wizji lokalnej);;;;;;Częściowe braki;nie znaleziono social media na stronie;"materiały do social media; witryna/szyld, druk (menu, ulotki), odzież dla personelu (do sprawdzenia na miejscu)";nie kontaktowano;OpenStreetMap (amenity=cafe, node/10919804375);2026-10-10
Gastronomia;C;3;Mevrouw van Lennep kiosk;Eindhoven;Oude Vensedijk 5B 5652RT;;NIE ZNALEZIONO STRONY W DANYCH;;;;;Facebook;NIEUSTALONE (wymaga zdjęć lub wizji lokalnej);;;;;;Do sprawdzenia;strony nie ma w danych mapy (do sprawdzenia);"jeśli faktycznie brak: strona WWW; witryna/szyld, druk (menu, ulotki), odzież dla personelu (do sprawdzenia na miejscu)";nie kontaktowano;OpenStreetMap (amenity=cafe, node/591978705);2026-10-10
Gastronomia;C;3;Mex Rico;;;;NIE ZNALEZIONO STRONY W DANYCH;;;;;;NIEUSTALONE (wymaga zdjęć lub wizji lokalnej);;;;;;Do sprawdzenia;strony nie ma w danych mapy (do sprawdzenia);"jeśli faktycznie brak: strona WWW; witryna/szyld, druk (menu, ulotki), odzież dla personelu (do sprawdzenia na miejscu)";nie kontaktowano;OpenStreetMap (amenity=restaurant, node/12702442449);2026-10-10
Gastronomia;C;3;MexicAza;Eindhoven;Generaal Coenderslaan 45 5623LV;https://www.mexicaza-eindhoven.nl/;OK;tak;tak;;;;NIEUSTALONE (wymaga zdjęć lub wizji lokalnej);;;;;;Częściowe braki;nie znaleziono social media na stronie;"materiały do social media; witryna/szyld, druk (menu, ulotki), odzież dla personelu (do sprawdzenia na miejscu)";nie kontaktowano;OpenStreetMap (amenity=restaurant, node/2770055674);2026-10-10
Gastronomia;C;3;Meydan;;;;NIE ZNALEZIONO STRONY W DANYCH;;;;;;NIEUSTALONE (wymaga zdjęć lub wizji lokalnej);;;;;;Do sprawdzenia;strony nie ma w danych mapy (do sprawdzenia);"jeśli faktycznie brak: strona WWW; witryna/szyld, druk (menu, ulotki), odzież dla personelu (do sprawdzenia na miejscu)";nie kontaktowano;OpenStreetMap (amenity=fast_food, node/9144874062);2026-10-10
Gastronomia;C;3;Miller Time;Eindhoven;Stratumseind 51 5611EP;;NIE ZNALEZIONO STRONY W DANYCH;;;;;;NIEUSTALONE (wymaga zdjęć lub wizji lokalnej);;;;;;Do sprawdzenia;strony nie ma w danych mapy (do sprawdzenia);"jeśli faktycznie brak: strona WWW; witryna/szyld, druk (menu, ulotki), odzież dla personelu (do sprawdzenia na miejscu)";nie kontaktowano;OpenStreetMap (amenity=pub, node/2765282953);2026-10-10
Gastronomia;C;3;Minos Kitchen;;;;NIE ZNALEZIONO STRONY W DANYCH;;;;;;NIEUSTALONE (wymaga zdjęć lub wizji lokalnej);;;;;;Do sprawdzenia;strony nie ma w danych mapy (do sprawdzenia);"jeśli faktycznie brak: strona WWW; witryna/szyld, druk (menu, ulotki), odzież dla personelu (do sprawdzenia na miejscu)";nie kontaktowano;OpenStreetMap (amenity=restaurant, node/9112896305);2026-10-10
Gastronomia;C;3;Mint;Eindhoven;Markt 9 5611EB;https://www.restaurantmint.nl;OK;tak;tak;;WordPress;;NIEUSTALONE (wymaga zdjęć lub wizji lokalnej);;;;;;Częściowe braki;nie znaleziono social media na stronie;"materiały do social media; witryna/szyld, druk (menu, ulotki), odzież dla personelu (do sprawdzenia na miejscu)";nie kontaktowano;OpenStreetMap (amenity=restaurant, node/3446865796);2026-10-10
Gastronomia;C;3;MIO DIO;Veldhoven;Dorpstraat 10 5504HH;https://www.miodio.nl/;OK;tak;tak;2026;Shopify;Facebook, Instagram, TikTok;NIEUSTALONE (wymaga zdjęć lub wizji lokalnej);sklep online;;;;;Podstawy online OK;;witryna/szyld, druk (menu, ulotki), odzież dla personelu (do sprawdzenia na miejscu);nie kontaktowano;OpenStreetMap (amenity=restaurant, node/2833140496);2026-10-10
Gastronomia;C;3;Miss Temaki;;;;NIE ZNALEZIONO STRONY W DANYCH;;;;;;NIEUSTALONE (wymaga zdjęć lub wizji lokalnej);;;;;;Do sprawdzenia;strony nie ma w danych mapy (do sprawdzenia);"jeśli faktycznie brak: strona WWW; witryna/szyld, druk (menu, ulotki), odzież dla personelu (do sprawdzenia na miejscu)";nie kontaktowano;OpenStreetMap (amenity=fast_food, node/9112896301);2026-10-10
Gastronomia;C;3;Mizumi Sushi;Eindhoven;Hoogstraat 363 5654NC;https://www.mizumisushi.nl;OK;tak;tak;2026;;Facebook, Instagram;NIEUSTALONE (wymaga zdjęć lub wizji lokalnej);nowa lokalizacja;;;;;Podstawy online OK;;"witryna/szyld, druk (menu, ulotki), odzież dla personelu (do sprawdzenia na miejscu); oznakowanie nowej lokalizacji / start marki";nie kontaktowano;OpenStreetMap (amenity=restaurant, node/2725909770);2026-10-10
Gastronomia;C;3;Mo's IJssalon;Eindhoven;Drebbelstraat 28;;NIE ZNALEZIONO STRONY W DANYCH;;;;;;NIEUSTALONE (wymaga zdjęć lub wizji lokalnej);;;;;;Do sprawdzenia;strony nie ma w danych mapy (do sprawdzenia);"jeśli faktycznie brak: strona WWW; witryna/szyld, druk (menu, ulotki), odzież dla personelu (do sprawdzenia na miejscu)";nie kontaktowano;OpenStreetMap (amenity=ice_cream, node/10246524062);2026-10-10
Gastronomia;C;3;Momoyama;Eindhoven;Geldropseweg 17 5611SC;https://momoyama.nl/;OK;tak;tak;;;Facebook, Instagram;NIEUSTALONE (wymaga zdjęć lub wizji lokalnej);sklep online;;;;;Podstawy online OK;;witryna/szyld, druk (menu, ulotki), odzież dla personelu (do sprawdzenia na miejscu);nie kontaktowano;OpenStreetMap (amenity=restaurant, node/2759557217);2026-10-10
Gastronomia;C;3;Mood;Eindhoven;Keizersgracht 6 5611GD;https://mood.nl/eindhoven/;OK;tak;tak;;Wix;Instagram;NIEUSTALONE (wymaga zdjęć lub wizji lokalnej);rekrutuje;;;;;Podstawy online OK;;"witryna/szyld, druk (menu, ulotki), odzież dla personelu (do sprawdzenia na miejscu); odzież/oklejenie dla nowych ludzi i aut";nie kontaktowano;OpenStreetMap (amenity=restaurant, node/516797256) + wyszukiwarka;2026-10-10
Gastronomia;C;3;Moons by Bakery Moeskops;Veldhoven;Meerstraat 4 5509RA;https://www.moonsveldhoven.com;OK;tak;tak;;Wix;;NIEUSTALONE (wymaga zdjęć lub wizji lokalnej);;;;;;Częściowe braki;nie znaleziono social media na stronie;"materiały do social media; witryna/szyld, druk (menu, ulotki), odzież dla personelu (do sprawdzenia na miejscu)";nie kontaktowano;OpenStreetMap (amenity=fast_food, node/7928593092);2026-10-10
Gastronomia;C;3;Movies;;;;NIE ZNALEZIONO STRONY W DANYCH;;;;;;NIEUSTALONE (wymaga zdjęć lub wizji lokalnej);;;;;;Do sprawdzenia;strony nie ma w danych mapy (do sprawdzenia);"jeśli faktycznie brak: strona WWW; witryna/szyld, druk (menu, ulotki), odzież dla personelu (do sprawdzenia na miejscu)";nie kontaktowano;OpenStreetMap (amenity=pub, node/662613233);2026-10-10
Gastronomia;C;3;Mr Long Fries;;;;NIE ZNALEZIONO STRONY W DANYCH;;;;;;NIEUSTALONE (wymaga zdjęć lub wizji lokalnej);;;;;;Do sprawdzenia;strony nie ma w danych mapy (do sprawdzenia);"jeśli faktycznie brak: strona WWW; witryna/szyld, druk (menu, ulotki), odzież dla personelu (do sprawdzenia na miejscu)";nie kontaktowano;OpenStreetMap (amenity=fast_food, node/14240381701);2026-10-10
Gastronomia;C;3;Mr.Chang;Waalre;Den Hof 150 5582JZ;https://www.mrchang.nl/;OK;tak;tak;2024;Wix;Facebook, Instagram;NIEUSTALONE (wymaga zdjęć lub wizji lokalnej);rekrutuje;;;;;Podstawy online OK;;"witryna/szyld, druk (menu, ulotki), odzież dla personelu (do sprawdzenia na miejscu); odzież/oklejenie dla nowych ludzi i aut";nie kontaktowano;OpenStreetMap (amenity=restaurant, node/2929820231);2026-10-10
Gastronomia;C;3;Muziekcafé Helmond;Helmond;Zuid Koninginnewal 39 5701NS;;NIE ZNALEZIONO STRONY W DANYCH;;;;;;NIEUSTALONE (wymaga zdjęć lub wizji lokalnej);;;;;;Do sprawdzenia;strony nie ma w danych mapy (do sprawdzenia);"jeśli faktycznie brak: strona WWW; witryna/szyld, druk (menu, ulotki), odzież dla personelu (do sprawdzenia na miejscu)";nie kontaktowano;OpenStreetMap (amenity=pub, node/2903873325);2026-10-10
Gastronomia;C;3;Mykonos;Son en Breugel;Nieuwstraat 17a 5691AA;https://www.mykonos-son.nl;OK;tak;tak;;WordPress;;NIEUSTALONE (wymaga zdjęć lub wizji lokalnej);;;;;;Częściowe braki;nie znaleziono social media na stronie;"materiały do social media; witryna/szyld, druk (menu, ulotki), odzież dla personelu (do sprawdzenia na miejscu)";nie kontaktowano;OpenStreetMap (amenity=restaurant, node/2792747421);2026-10-10
Gastronomia;C;3;NEV;Eindhoven;Stratumseind 87 5611ER;https://nevrestaurant.nl/;OK;tak;tak;;;;NIEUSTALONE (wymaga zdjęć lub wizji lokalnej);;;;;;Częściowe braki;nie znaleziono social media na stronie;"materiały do social media; witryna/szyld, druk (menu, ulotki), odzież dla personelu (do sprawdzenia na miejscu)";nie kontaktowano;OpenStreetMap (amenity=restaurant, node/2765284483);2026-10-10
Gastronomia;C;3;Nieuw Chyi Fong;Eindhoven;Orionstraat 145 5632DC;https://www.nieuwchyifong.nl;OK;tak;tak;;WordPress;;NIEUSTALONE (wymaga zdjęć lub wizji lokalnej);;;;;;Częściowe braki;nie znaleziono social media na stronie;"materiały do social media; witryna/szyld, druk (menu, ulotki), odzież dla personelu (do sprawdzenia na miejscu)";nie kontaktowano;OpenStreetMap (amenity=restaurant, node/2752601796);2026-10-10
Gastronomia;C;3;Nieuw Peking;Eindhoven;Woenselse Markt 27 5612CR;https://www.peking-eindhoven.nl/;OK;tak;tak;;;;NIEUSTALONE (wymaga zdjęć lub wizji lokalnej);;;;;;Częściowe braki;nie znaleziono social media na stronie;"materiały do social media; witryna/szyld, druk (menu, ulotki), odzież dla personelu (do sprawdzenia na miejscu)";nie kontaktowano;OpenStreetMap (amenity=restaurant, node/3623056430);2026-10-10
Gastronomia;C;3;Nonna's;;;;NIE ZNALEZIONO STRONY W DANYCH;;;;;;NIEUSTALONE (wymaga zdjęć lub wizji lokalnej);;;;;;Do sprawdzenia;strony nie ma w danych mapy (do sprawdzenia);"jeśli faktycznie brak: strona WWW; witryna/szyld, druk (menu, ulotki), odzież dla personelu (do sprawdzenia na miejscu)";nie kontaktowano;OpenStreetMap (amenity=restaurant, node/13424101073);2026-10-10
Gastronomia;C;3;O'Mearas;Helmond;Havenweg 8 5701RS;https://www.gjdbv.nl/omearas-irish-pub-helmond;OK;tak;tak;2026;WordPress;Facebook, Instagram;NIEUSTALONE (wymaga zdjęć lub wizji lokalnej);rekrutuje;;;;;Podstawy online OK;;"witryna/szyld, druk (menu, ulotki), odzież dla personelu (do sprawdzenia na miejscu); odzież/oklejenie dla nowych ludzi i aut";nie kontaktowano;OpenStreetMap (amenity=pub, node/2903878051);2026-10-10
Gastronomia;C;3;Oakwood Grill Restaurant;Veldhoven;Dorpstraat 11 5504HA;https://www.oakwoodgrill.nl/;OK;tak;tak;;Squarespace;Facebook, Instagram, LinkedIn;NIEUSTALONE (wymaga zdjęć lub wizji lokalnej);rekrutuje;;;;;Podstawy online OK;;"witryna/szyld, druk (menu, ulotki), odzież dla personelu (do sprawdzenia na miejscu); odzież/oklejenie dla nowych ludzi i aut";nie kontaktowano;OpenStreetMap (amenity=restaurant, node/2400637260);2026-10-10
Gastronomia;C;3;OBA;Eindhoven;Kruisstraat 96 5612CL;;NIE ZNALEZIONO STRONY W DANYCH;;;;;;NIEUSTALONE (wymaga zdjęć lub wizji lokalnej);;;;;;Do sprawdzenia;strony nie ma w danych mapy (do sprawdzenia);"jeśli faktycznie brak: strona WWW; witryna/szyld, druk (menu, ulotki), odzież dla personelu (do sprawdzenia na miejscu)";nie kontaktowano;OpenStreetMap (amenity=fast_food, node/2778295240);2026-10-10
Gastronomia;C;3;Olijf;Nuenen;Heuvel 1 5674RR;;NIE ZNALEZIONO STRONY W DANYCH;;;;;;NIEUSTALONE (wymaga zdjęć lub wizji lokalnej);;;;;;Do sprawdzenia;strony nie ma w danych mapy (do sprawdzenia);"jeśli faktycznie brak: strona WWW; witryna/szyld, druk (menu, ulotki), odzież dla personelu (do sprawdzenia na miejscu)";nie kontaktowano;OpenStreetMap (amenity=restaurant, node/2994409020);2026-10-10
Gastronomia;C;3;Olio;Nuenen;Moorvensedijk 2 5674XC;https://www.restaurantolio.nl;OK;tak;tak;2026;;;NIEUSTALONE (wymaga zdjęć lub wizji lokalnej);;;;;;Częściowe braki;nie znaleziono social media na stronie;"materiały do social media; witryna/szyld, druk (menu, ulotki), odzież dla personelu (do sprawdzenia na miejscu)";nie kontaktowano;OpenStreetMap (amenity=restaurant, node/2994410379);2026-10-10
Gastronomia;C;3;Olympia;Best;Oirschotseweg 21 5684NE;https://www.olympiabest.nl/;OK;tak;tak;2026;WordPress;;NIEUSTALONE (wymaga zdjęć lub wizji lokalnej);;;;;;Częściowe braki;nie znaleziono social media na stronie;"materiały do social media; witryna/szyld, druk (menu, ulotki), odzież dla personelu (do sprawdzenia na miejscu)";nie kontaktowano;OpenStreetMap (amenity=restaurant, node/2724050874);2026-10-10
Gastronomia;C;3;Oma's Appel fabriek;;;;NIE ZNALEZIONO STRONY W DANYCH;;;;;;NIEUSTALONE (wymaga zdjęć lub wizji lokalnej);;;;;;Do sprawdzenia;strony nie ma w danych mapy (do sprawdzenia);"jeśli faktycznie brak: strona WWW; witryna/szyld, druk (menu, ulotki), odzież dla personelu (do sprawdzenia na miejscu)";nie kontaktowano;OpenStreetMap (amenity=cafe, node/11834498677);2026-10-10
Gastronomia;C;3;Ome Jan;Oisterwijk;Vennelaan 2 5062SR;https://www.brasserieomejan.nl/;OK;tak;tak;;WordPress;Facebook, Instagram, TikTok;NIEUSTALONE (wymaga zdjęć lub wizji lokalnej);rekrutuje;;;;;Podstawy online OK;;"witryna/szyld, druk (menu, ulotki), odzież dla personelu (do sprawdzenia na miejscu); odzież/oklejenie dla nowych ludzi i aut";nie kontaktowano;OpenStreetMap (amenity=restaurant, node/2823992422);2026-10-10
Gastronomia;C;3;Ons Cafe;Someren;Wilhelminaplein 5 5711EK;http://www.onscafe-someren.nl;OK;tak;tak;2026;;;NIEUSTALONE (wymaga zdjęć lub wizji lokalnej);;;;;;Częściowe braki;nie znaleziono social media na stronie;"materiały do social media; witryna/szyld, druk (menu, ulotki), odzież dla personelu (do sprawdzenia na miejscu)";nie kontaktowano;OpenStreetMap (amenity=cafe, node/610812346);2026-10-10
Gastronomia;C;3;Ons Hoekske;Eindhoven;Pastoriestraat 77 5612EJ;;NIE ZNALEZIONO STRONY W DANYCH;;;;;;NIEUSTALONE (wymaga zdjęć lub wizji lokalnej);;;;;;Do sprawdzenia;strony nie ma w danych mapy (do sprawdzenia);"jeśli faktycznie brak: strona WWW; witryna/szyld, druk (menu, ulotki), odzież dla personelu (do sprawdzenia na miejscu)";nie kontaktowano;OpenStreetMap (amenity=pub, node/2778294732);2026-10-10
Gastronomia;C;3;Ons Jantje;Ommel;Kluisstraat 1 5724AD;https://onsjantje.nl;OK;tak;tak;;WordPress;;NIEUSTALONE (wymaga zdjęć lub wizji lokalnej);;;;;;Częściowe braki;nie znaleziono social media na stronie;"materiały do social media; witryna/szyld, druk (menu, ulotki), odzież dla personelu (do sprawdzenia na miejscu)";nie kontaktowano;OpenStreetMap (amenity=cafe, node/2851546401);2026-10-10
Gastronomia;C;3;Ons Lieske;Maarheeze;Stationsstraat 4a 6026CV;;NIE ZNALEZIONO STRONY W DANYCH;;;;;;NIEUSTALONE (wymaga zdjęć lub wizji lokalnej);;;;;;Do sprawdzenia;strony nie ma w danych mapy (do sprawdzenia);"jeśli faktycznie brak: strona WWW; witryna/szyld, druk (menu, ulotki), odzież dla personelu (do sprawdzenia na miejscu)";nie kontaktowano;OpenStreetMap (amenity=bar, node/2839391133);2026-10-10
Gastronomia;C;3;Onsz;Nuenen;Beekstraat 2 5671CT;;NIE ZNALEZIONO STRONY W DANYCH;;;;;;NIEUSTALONE (wymaga zdjęć lub wizji lokalnej);;;;;;Do sprawdzenia;strony nie ma w danych mapy (do sprawdzenia);"jeśli faktycznie brak: strona WWW; witryna/szyld, druk (menu, ulotki), odzież dla personelu (do sprawdzenia na miejscu)";nie kontaktowano;OpenStreetMap (amenity=restaurant, node/2994050508);2026-10-10
Gastronomia;C;3;Oriental;Eindhoven;Nieuwstraat 9 5611DA;https://www.pizza-eten-bestellen.nl/oriental-pizzeria-shoarma-eindhoven;OK;tak;tak;;;;NIEUSTALONE (wymaga zdjęć lub wizji lokalnej);;;;;;Częściowe braki;nie znaleziono social media na stronie;"materiały do social media; witryna/szyld, druk (menu, ulotki), odzież dla personelu (do sprawdzenia na miejscu)";nie kontaktowano;OpenStreetMap (amenity=restaurant, node/2765369527);2026-10-10
Gastronomia;C;3;Otis;Eindhoven;Kerkstraat 7 5611GH;;NIE ZNALEZIONO STRONY W DANYCH;;;;;Instagram;NIEUSTALONE (wymaga zdjęć lub wizji lokalnej);;;;;;Do sprawdzenia;strony nie ma w danych mapy (do sprawdzenia);"jeśli faktycznie brak: strona WWW; witryna/szyld, druk (menu, ulotki), odzież dla personelu (do sprawdzenia na miejscu)";nie kontaktowano;OpenStreetMap (amenity=cafe, node/2765283808);2026-10-10
Gastronomia;C;3;Oud Brabant;Eersel;Markt 10 5521AL;;NIE ZNALEZIONO STRONY W DANYCH;;;;;;NIEUSTALONE (wymaga zdjęć lub wizji lokalnej);;;;;;Do sprawdzenia;strony nie ma w danych mapy (do sprawdzenia);"jeśli faktycznie brak: strona WWW; witryna/szyld, druk (menu, ulotki), odzież dla personelu (do sprawdzenia na miejscu)";nie kontaktowano;OpenStreetMap (amenity=pub, node/2828633260);2026-10-10
Gastronomia;C;3;Oud Nijnsel;;;;NIE ZNALEZIONO STRONY W DANYCH;;;;;;NIEUSTALONE (wymaga zdjęć lub wizji lokalnej);;;;;;Do sprawdzenia;strony nie ma w danych mapy (do sprawdzenia);"jeśli faktycznie brak: strona WWW; witryna/szyld, druk (menu, ulotki), odzież dla personelu (do sprawdzenia na miejscu)";nie kontaktowano;OpenStreetMap (amenity=cafe, node/471583290);2026-10-10
Gastronomia;C;3;Oude Rechtbank;Eindhoven;Stratumseind 32 5611ET;;NIE ZNALEZIONO STRONY W DANYCH;;;;;;NIEUSTALONE (wymaga zdjęć lub wizji lokalnej);;;;;;Do sprawdzenia;strony nie ma w danych mapy (do sprawdzenia);"jeśli faktycznie brak: strona WWW; witryna/szyld, druk (menu, ulotki), odzież dla personelu (do sprawdzenia na miejscu)";nie kontaktowano;OpenStreetMap (amenity=pub, node/2765282189);2026-10-10
Gastronomia;C;3;Pakdöner;;;;NIE ZNALEZIONO STRONY W DANYCH;;;;;;NIEUSTALONE (wymaga zdjęć lub wizji lokalnej);;;;;;Do sprawdzenia;strony nie ma w danych mapy (do sprawdzenia);"jeśli faktycznie brak: strona WWW; witryna/szyld, druk (menu, ulotki), odzież dla personelu (do sprawdzenia na miejscu)";nie kontaktowano;OpenStreetMap (amenity=fast_food, node/3446865802);2026-10-10
Gastronomia;C;3;Panda;Eindhoven;Bredalaan 165 5652JD;;NIE ZNALEZIONO STRONY W DANYCH;;;;;;NIEUSTALONE (wymaga zdjęć lub wizji lokalnej);;;;;;Do sprawdzenia;strony nie ma w danych mapy (do sprawdzenia);"jeśli faktycznie brak: strona WWW; witryna/szyld, druk (menu, ulotki), odzież dla personelu (do sprawdzenia na miejscu)";nie kontaktowano;OpenStreetMap (amenity=fast_food, node/2713937651);2026-10-10
Gastronomia;C;3;Pannenkoekenhuis De Ontdekking;Oisterwijk;Oirschotsebaan 12 5062TE;https://www.de-ontdekking.com/;OK;tak;tak;;WordPress;;NIEUSTALONE (wymaga zdjęć lub wizji lokalnej);;;;;;Częściowe braki;nie znaleziono social media na stronie;"materiały do social media; witryna/szyld, druk (menu, ulotki), odzież dla personelu (do sprawdzenia na miejscu)";nie kontaktowano;OpenStreetMap (amenity=restaurant, node/2823961344);2026-10-10
Gastronomia;C;3;Paradijs Sang Lee;Eindhoven;Kruisstraat 103 5612CE;;NIE ZNALEZIONO STRONY W DANYCH;;;;;;NIEUSTALONE (wymaga zdjęć lub wizji lokalnej);;;;;;Do sprawdzenia;strony nie ma w danych mapy (do sprawdzenia);"jeśli faktycznie brak: strona WWW; witryna/szyld, druk (menu, ulotki), odzież dla personelu (do sprawdzenia na miejscu)";nie kontaktowano;OpenStreetMap (amenity=restaurant, node/2777940358);2026-10-10
Gastronomia;C;3;Parkpaviljoen Philips de Jongh;Eindhoven;Oirschotsedijk 2 5651GC;https://www.parkpaviljoenpdj.nl;OK;tak;tak;2023;WordPress;Facebook, Instagram, TikTok;NIEUSTALONE (wymaga zdjęć lub wizji lokalnej);rekrutuje;;;;;Podstawy online OK;;"witryna/szyld, druk (menu, ulotki), odzież dla personelu (do sprawdzenia na miejscu); odzież/oklejenie dla nowych ludzi i aut";nie kontaktowano;OpenStreetMap (amenity=cafe, node/6600199102);2026-10-10
Gastronomia;C;3;Party-Pub Veldhoven;Veldhoven;Mariaplein 12 5503DA;;NIE ZNALEZIONO STRONY W DANYCH;;;;;;NIEUSTALONE (wymaga zdjęć lub wizji lokalnej);;;;;;Do sprawdzenia;strony nie ma w danych mapy (do sprawdzenia);"jeśli faktycznie brak: strona WWW; witryna/szyld, druk (menu, ulotki), odzież dla personelu (do sprawdzenia na miejscu)";nie kontaktowano;OpenStreetMap (amenity=pub, node/2833217187);2026-10-10
Gastronomia;C;3;Partycentrum Café-zaal Sint Joris;Veldhoven;Heuvel 7 5502AJ;;NIE ZNALEZIONO STRONY W DANYCH;;;;;;NIEUSTALONE (wymaga zdjęć lub wizji lokalnej);;;;;;Do sprawdzenia;strony nie ma w danych mapy (do sprawdzenia);"jeśli faktycznie brak: strona WWW; witryna/szyld, druk (menu, ulotki), odzież dla personelu (do sprawdzenia na miejscu)";nie kontaktowano;OpenStreetMap (amenity=bar, node/2833326190);2026-10-10
Gastronomia;C;3;Patat & More;Eindhoven;Winkelcentrum Woensel 103 5625AE;;NIE ZNALEZIONO STRONY W DANYCH;;;;;Facebook;NIEUSTALONE (wymaga zdjęć lub wizji lokalnej);;;;;;Do sprawdzenia;strony nie ma w danych mapy (do sprawdzenia);"jeśli faktycznie brak: strona WWW; witryna/szyld, druk (menu, ulotki), odzież dla personelu (do sprawdzenia na miejscu)";nie kontaktowano;OpenStreetMap (amenity=restaurant, node/2751968281);2026-10-10
Gastronomia;C;3;Paviljoen Genneper Parken;Eindhoven;Antoon Coolenlaan 2A 5644RX;https://www.paviljoengenneperparken.nl/;OK;tak;tak;2026;WordPress;Facebook, Instagram;NIEUSTALONE (wymaga zdjęć lub wizji lokalnej);rekrutuje;;;;;Podstawy online OK;;"witryna/szyld, druk (menu, ulotki), odzież dla personelu (do sprawdzenia na miejscu); odzież/oklejenie dla nowych ludzi i aut";nie kontaktowano;OpenStreetMap (amenity=restaurant, node/2476341091);2026-10-10
Gastronomia;C;3;Peacock;Eindhoven;Stratumseind 73 5611ER;;NIE ZNALEZIONO STRONY W DANYCH;;;;;Facebook;NIEUSTALONE (wymaga zdjęć lub wizji lokalnej);;;;;;Do sprawdzenia;strony nie ma w danych mapy (do sprawdzenia);"jeśli faktycznie brak: strona WWW; witryna/szyld, druk (menu, ulotki), odzież dla personelu (do sprawdzenia na miejscu)";nie kontaktowano;OpenStreetMap (amenity=bar, node/2765283954);2026-10-10
Gastronomia;C;3;Peapod;;;;NIE ZNALEZIONO STRONY W DANYCH;;;;;;NIEUSTALONE (wymaga zdjęć lub wizji lokalnej);;;;;;Do sprawdzenia;strony nie ma w danych mapy (do sprawdzenia);"jeśli faktycznie brak: strona WWW; witryna/szyld, druk (menu, ulotki), odzież dla personelu (do sprawdzenia na miejscu)";nie kontaktowano;OpenStreetMap (amenity=pub, node/3579525477);2026-10-10
Gastronomia;C;3;Peijnenburg;Geldrop;Heuvel 1B 5664HJ;;NIE ZNALEZIONO STRONY W DANYCH;;;;;;NIEUSTALONE (wymaga zdjęć lub wizji lokalnej);;;;;;Do sprawdzenia;strony nie ma w danych mapy (do sprawdzenia);"jeśli faktycznie brak: strona WWW; witryna/szyld, druk (menu, ulotki), odzież dla personelu (do sprawdzenia na miejscu)";nie kontaktowano;OpenStreetMap (amenity=restaurant, node/1605916083);2026-10-10
Gastronomia;C;3;Peking Osaka;Valkenswaard;Markt 18 5554CC;https://www.pekingosaka.nl/;OK;tak;tak;2023;WordPress;;NIEUSTALONE (wymaga zdjęć lub wizji lokalnej);;;;;;Częściowe braki;nie znaleziono social media na stronie;"materiały do social media; witryna/szyld, druk (menu, ulotki), odzież dla personelu (do sprawdzenia na miejscu)";nie kontaktowano;OpenStreetMap (amenity=restaurant, node/1345799189);2026-10-10
Gastronomia;C;3;Pesos;;;;NIE ZNALEZIONO STRONY W DANYCH;;;;;;NIEUSTALONE (wymaga zdjęć lub wizji lokalnej);;;;;;Do sprawdzenia;strony nie ma w danych mapy (do sprawdzenia);"jeśli faktycznie brak: strona WWW; witryna/szyld, druk (menu, ulotki), odzież dla personelu (do sprawdzenia na miejscu)";nie kontaktowano;OpenStreetMap (amenity=cafe, node/11773962270);2026-10-10
Gastronomia;C;3;Petite;Sint-Oedenrode;Markt 9 5492AA;https://petite-ensuite.nl;OK;tak;tak;;;;NIEUSTALONE (wymaga zdjęć lub wizji lokalnej);;;;;;Częściowe braki;nie znaleziono social media na stronie;"materiały do social media; witryna/szyld, druk (menu, ulotki), odzież dla personelu (do sprawdzenia na miejscu)";nie kontaktowano;OpenStreetMap (amenity=restaurant, node/2796129884);2026-10-10
Gastronomia;C;3;Pieperz;Eindhoven;Jan van Hooffstraat 3 5611ED;;NIE ZNALEZIONO STRONY W DANYCH;;;;;;NIEUSTALONE (wymaga zdjęć lub wizji lokalnej);;;;;;Do sprawdzenia;strony nie ma w danych mapy (do sprawdzenia);"jeśli faktycznie brak: strona WWW; witryna/szyld, druk (menu, ulotki), odzież dla personelu (do sprawdzenia na miejscu)";nie kontaktowano;OpenStreetMap (amenity=fast_food, node/2765368550);2026-10-10
Gastronomia;C;3;Pietza;;;;NIE ZNALEZIONO STRONY W DANYCH;;;;;;NIEUSTALONE (wymaga zdjęć lub wizji lokalnej);;;;;;Do sprawdzenia;strony nie ma w danych mapy (do sprawdzenia);"jeśli faktycznie brak: strona WWW; witryna/szyld, druk (menu, ulotki), odzież dla personelu (do sprawdzenia na miejscu)";nie kontaktowano;OpenStreetMap (amenity=fast_food, node/9061737967);2026-10-10
Gastronomia;C;3;Pikaar;Riethoven;Dorpsstraat 9 5561AS;https://www.restaurantpikaar.nl;OK;tak;tak;2025;Wix;Instagram;NIEUSTALONE (wymaga zdjęć lub wizji lokalnej);rekrutuje;;;;;Podstawy online OK;;"witryna/szyld, druk (menu, ulotki), odzież dla personelu (do sprawdzenia na miejscu); odzież/oklejenie dla nowych ludzi i aut";nie kontaktowano;OpenStreetMap (amenity=restaurant, node/2829024286);2026-10-10
Gastronomia;C;3;Pim's Potatoes;;;;NIE ZNALEZIONO STRONY W DANYCH;;;;;;NIEUSTALONE (wymaga zdjęć lub wizji lokalnej);;;;;;Do sprawdzenia;strony nie ma w danych mapy (do sprawdzenia);"jeśli faktycznie brak: strona WWW; witryna/szyld, druk (menu, ulotki), odzież dla personelu (do sprawdzenia na miejscu)";nie kontaktowano;OpenStreetMap (amenity=fast_food, node/9112896300);2026-10-10
Gastronomia;C;3;Pizza Punt;;;;NIE ZNALEZIONO STRONY W DANYCH;;;;;;NIEUSTALONE (wymaga zdjęć lub wizji lokalnej);;;;;;Do sprawdzenia;strony nie ma w danych mapy (do sprawdzenia);"jeśli faktycznie brak: strona WWW; witryna/szyld, druk (menu, ulotki), odzież dla personelu (do sprawdzenia na miejscu)";nie kontaktowano;OpenStreetMap (amenity=fast_food, node/3446865807);2026-10-10
Gastronomia;C;3;Pizzani;Geldrop;Korte Kerkstraat 1 5664HE;https://www.pizzani.nl;OK;tak;tak;;WordPress;Facebook, Instagram;NIEUSTALONE (wymaga zdjęć lub wizji lokalnej);rekrutuje;;;;;Podstawy online OK;;"witryna/szyld, druk (menu, ulotki), odzież dla personelu (do sprawdzenia na miejscu); odzież/oklejenie dla nowych ludzi i aut";nie kontaktowano;OpenStreetMap (amenity=fast_food, node/1788359183) + wyszukiwarka + wyszukiwarka + wyszukiwarka + wyszukiwarka + wyszukiwarka;2026-10-10
Gastronomia;C;3;PizzaNino;Helmond;Markt 205 5701RJ;https://www.pizzanino.nl/;OK;tak;tak;;Webnode;;NIEUSTALONE (wymaga zdjęć lub wizji lokalnej);;;;;;Częściowe braki;nie znaleziono social media na stronie;"materiały do social media; witryna/szyld, druk (menu, ulotki), odzież dla personelu (do sprawdzenia na miejscu)";nie kontaktowano;OpenStreetMap (amenity=restaurant, node/2903870427);2026-10-10
Gastronomia;C;3;Pizzeria Bella Nápoli;Best;Koningin Julianaweg 17 5684VA;https://www.bellanapolibest.nl/;OK;tak;tak;;;;NIEUSTALONE (wymaga zdjęć lub wizji lokalnej);;;;;;Częściowe braki;nie znaleziono social media na stronie;"materiały do social media; witryna/szyld, druk (menu, ulotki), odzież dla personelu (do sprawdzenia na miejscu)";nie kontaktowano;OpenStreetMap (amenity=restaurant, node/3816436588);2026-10-10
Gastronomia;C;3;Pizzeria Napoli;Best;Hoofdstraat 30 5683AE;https://www.napolibest.nl/;OK;tak;tak;;;;NIEUSTALONE (wymaga zdjęć lub wizji lokalnej);;;;;;Częściowe braki;nie znaleziono social media na stronie;"materiały do social media; witryna/szyld, druk (menu, ulotki), odzież dla personelu (do sprawdzenia na miejscu)";nie kontaktowano;OpenStreetMap (amenity=restaurant, node/3490041505);2026-10-10
Gastronomia;C;3;Pizzeria Santa Maria;Son en Breugel;van Gentlaan 12 5694SC;https://www.santamariabreugel.nl;OK;tak;tak;2026;;;NIEUSTALONE (wymaga zdjęć lub wizji lokalnej);;;;;;Częściowe braki;nie znaleziono social media na stronie;"materiały do social media; witryna/szyld, druk (menu, ulotki), odzież dla personelu (do sprawdzenia na miejscu)";nie kontaktowano;OpenStreetMap (amenity=fast_food, node/2798577209);2026-10-10
Gastronomia;C;3;Pizzeria Sint Larissa;Sint-Oedenrode;Heuvel 4 5492AD;;NIE ZNALEZIONO STRONY W DANYCH;;;;;;NIEUSTALONE (wymaga zdjęć lub wizji lokalnej);;;;;;Do sprawdzenia;strony nie ma w danych mapy (do sprawdzenia);"jeśli faktycznie brak: strona WWW; witryna/szyld, druk (menu, ulotki), odzież dla personelu (do sprawdzenia na miejscu)";nie kontaktowano;OpenStreetMap (amenity=restaurant, node/2796121806);2026-10-10
Gastronomia;C;3;Plan B Horeca;Helmond;Havenweg 18 5701RS;;NIE ZNALEZIONO STRONY W DANYCH;;;;;;NIEUSTALONE (wymaga zdjęć lub wizji lokalnej);;;;;;Do sprawdzenia;strony nie ma w danych mapy (do sprawdzenia);"jeśli faktycznie brak: strona WWW; witryna/szyld, druk (menu, ulotki), odzież dla personelu (do sprawdzenia na miejscu)";nie kontaktowano;OpenStreetMap (amenity=bar, node/2903869726);2026-10-10
Gastronomia;C;3;PopEi;Eindhoven;Klokgebouw 300 5617AD;https://www.popei.nl/nld/eetcafe;OK;tak;tak;2026;;Facebook, Instagram;NIEUSTALONE (wymaga zdjęć lub wizji lokalnej);rekrutuje;;;;;Podstawy online OK;;"witryna/szyld, druk (menu, ulotki), odzież dla personelu (do sprawdzenia na miejscu); odzież/oklejenie dla nowych ludzi i aut";nie kontaktowano;OpenStreetMap (amenity=pub, node/446907490);2026-10-10
Gastronomia;C;3;Porto Marina;Lieshout;Dorpsstraat 17b 5737GA;https://www.porto-marina.nl/;OK;tak;tak;;;;NIEUSTALONE (wymaga zdjęć lub wizji lokalnej);;;;;;Częściowe braki;nie znaleziono social media na stronie;"materiały do social media; witryna/szyld, druk (menu, ulotki), odzież dla personelu (do sprawdzenia na miejscu)";nie kontaktowano;OpenStreetMap (amenity=restaurant, node/2898996245);2026-10-10
Gastronomia;C;3;Portugal Mar;Helmond;Markt 199 5701RJ;https://www.portugalmar.nl/;OK;tak;tak;;;;NIEUSTALONE (wymaga zdjęć lub wizji lokalnej);;;;;;Częściowe braki;nie znaleziono social media na stronie;"materiały do social media; witryna/szyld, druk (menu, ulotki), odzież dla personelu (do sprawdzenia na miejscu)";nie kontaktowano;OpenStreetMap (amenity=restaurant, node/2903870202);2026-10-10
Gastronomia;C;3;Prinsejagt De Smickel;Eindhoven;Gerretsonplein 86 5624JP;https://bestellen.prinsejagtdesmickel.nl/;OK;tak;tak;2026;;;NIEUSTALONE (wymaga zdjęć lub wizji lokalnej);;;;;;Częściowe braki;nie znaleziono social media na stronie;"materiały do social media; witryna/szyld, druk (menu, ulotki), odzież dla personelu (do sprawdzenia na miejscu)";nie kontaktowano;OpenStreetMap (amenity=restaurant, node/2751803886);2026-10-10
Gastronomia;C;3;Proast;Eindhoven;Kleine Berg 60 5611JW;https://www.barproast.nl/;OK;tak;tak;2023;WordPress;Facebook, Instagram, TikTok;NIEUSTALONE (wymaga zdjęć lub wizji lokalnej);rekrutuje;;;;;Podstawy online OK;;"witryna/szyld, druk (menu, ulotki), odzież dla personelu (do sprawdzenia na miejscu); odzież/oklejenie dla nowych ludzi i aut";nie kontaktowano;OpenStreetMap (amenity=bar, node/4411547178);2026-10-10
Gastronomia;C;3;Promessa;Eersel;Markt 3 5521AJ;https://www.promessa.nl;OK;tak;tak;;Wix;Facebook, Instagram;NIEUSTALONE (wymaga zdjęć lub wizji lokalnej);rekrutuje;;;;;Podstawy online OK;;"witryna/szyld, druk (menu, ulotki), odzież dla personelu (do sprawdzenia na miejscu); odzież/oklejenie dla nowych ludzi i aut";nie kontaktowano;OpenStreetMap (amenity=restaurant, node/2828641824);2026-10-10
Gastronomia;C;3;Pummarò Pizze e Pasta;Eindhoven;St Trudoplein 10 5616GZ;;NIE ZNALEZIONO STRONY W DANYCH;;;;;;NIEUSTALONE (wymaga zdjęć lub wizji lokalnej);;;;;;Do sprawdzenia;strony nie ma w danych mapy (do sprawdzenia);"jeśli faktycznie brak: strona WWW; witryna/szyld, druk (menu, ulotki), odzież dla personelu (do sprawdzenia na miejscu)";nie kontaktowano;OpenStreetMap (amenity=restaurant, node/2753906331);2026-10-10
Gastronomia;C;3;Quatre Bras;Best;Nieuwstraat 79 5683KB;https://www.quatrebras.nl/;OK;tak;tak;;;Facebook, Instagram, YouTube;NIEUSTALONE (wymaga zdjęć lub wizji lokalnej);rekrutuje;;;;;Podstawy online OK;;"witryna/szyld, druk (menu, ulotki), odzież dla personelu (do sprawdzenia na miejscu); odzież/oklejenie dla nowych ludzi i aut";nie kontaktowano;OpenStreetMap (amenity=restaurant, node/3490042720);2026-10-10
Gastronomia;C;3;Que Pasa;Eindhoven;Dommelstraat 19 5611CJ;https://qpasa.nl/;OK;tak;tak;2026;WordPress;;NIEUSTALONE (wymaga zdjęć lub wizji lokalnej);;;;;;Częściowe braki;nie znaleziono social media na stronie;"materiały do social media; witryna/szyld, druk (menu, ulotki), odzież dla personelu (do sprawdzenia na miejscu)";nie kontaktowano;OpenStreetMap (amenity=restaurant, node/2765159032);2026-10-10
Gastronomia;C;3;Queen;;;;NIE ZNALEZIONO STRONY W DANYCH;;;;;;NIEUSTALONE (wymaga zdjęć lub wizji lokalnej);;;;;;Do sprawdzenia;strony nie ma w danych mapy (do sprawdzenia);"jeśli faktycznie brak: strona WWW; witryna/szyld, druk (menu, ulotki), odzież dla personelu (do sprawdzenia na miejscu)";nie kontaktowano;OpenStreetMap (amenity=restaurant, node/1886063314);2026-10-10
Gastronomia;C;3;Queen Plaza;Someren;Wilhelminaplein 28a 5711EL;;NIE ZNALEZIONO STRONY W DANYCH;;;;;;NIEUSTALONE (wymaga zdjęć lub wizji lokalnej);;;;;;Do sprawdzenia;strony nie ma w danych mapy (do sprawdzenia);"jeśli faktycznie brak: strona WWW; witryna/szyld, druk (menu, ulotki), odzież dla personelu (do sprawdzenia na miejscu)";nie kontaktowano;OpenStreetMap (amenity=restaurant, node/2852577281);2026-10-10
Gastronomia;C;3;Rabauw Craft Beer;Eindhoven;Torenallee 55 5617BA;https://www.rabauw.org/;OK;tak;tak;2026;WordPress;Facebook, Instagram, LinkedIn, YouTube;NIEUSTALONE (wymaga zdjęć lub wizji lokalnej);rekrutuje;;;;;Podstawy online OK;;"witryna/szyld, druk (menu, ulotki), odzież dla personelu (do sprawdzenia na miejscu); odzież/oklejenie dla nowych ludzi i aut";nie kontaktowano;OpenStreetMap (amenity=pub, node/4598615284);2026-10-10
Gastronomia;C;3;Radio Royaal;Eindhoven;Ketelhuisplein 10 5617AE;https://www.radioroyaal.be;OK;tak;tak;;;;NIEUSTALONE (wymaga zdjęć lub wizji lokalnej);;;;;;Częściowe braki;nie znaleziono social media na stronie;"materiały do social media; witryna/szyld, druk (menu, ulotki), odzież dla personelu (do sprawdzenia na miejscu)";nie kontaktowano;OpenStreetMap (amenity=restaurant, node/2754996975);2026-10-10
Gastronomia;C;3;Rafael;Eindhoven;Heezerweg 306 5643KN;https://www.restaurant-rafael.nl;OK;tak;tak;;;;NIEUSTALONE (wymaga zdjęć lub wizji lokalnej);;;;;;Częściowe braki;nie znaleziono social media na stronie;"materiały do social media; witryna/szyld, druk (menu, ulotki), odzież dla personelu (do sprawdzenia na miejscu)";nie kontaktowano;OpenStreetMap (amenity=restaurant, node/2740342238);2026-10-10
Gastronomia;C;3;Rebelgian Pub;Eindhoven;Stratumseind 97 5611ER;;NIE ZNALEZIONO STRONY W DANYCH;;;;;;NIEUSTALONE (wymaga zdjęć lub wizji lokalnej);;;;;;Do sprawdzenia;strony nie ma w danych mapy (do sprawdzenia);"jeśli faktycznie brak: strona WWW; witryna/szyld, druk (menu, ulotki), odzież dla personelu (do sprawdzenia na miejscu)";nie kontaktowano;OpenStreetMap (amenity=bar, node/2765284856);2026-10-10
Gastronomia;C;3;Remix;Eindhoven;Stratumseind 57A 5611EP;;NIE ZNALEZIONO STRONY W DANYCH;;;;;;NIEUSTALONE (wymaga zdjęć lub wizji lokalnej);;;;;;Do sprawdzenia;strony nie ma w danych mapy (do sprawdzenia);"jeśli faktycznie brak: strona WWW; witryna/szyld, druk (menu, ulotki), odzież dla personelu (do sprawdzenia na miejscu)";nie kontaktowano;OpenStreetMap (amenity=bar, node/3446865813);2026-10-10
Gastronomia;C;3;Restaria An'an;Eindhoven;St Philomenastraat 1 5622CG;;NIE ZNALEZIONO STRONY W DANYCH;;;;;;NIEUSTALONE (wymaga zdjęć lub wizji lokalnej);;;;;;Do sprawdzenia;strony nie ma w danych mapy (do sprawdzenia);"jeśli faktycznie brak: strona WWW; witryna/szyld, druk (menu, ulotki), odzież dla personelu (do sprawdzenia na miejscu)";nie kontaktowano;OpenStreetMap (amenity=fast_food, node/2784005275);2026-10-10
Gastronomia;C;3;Restaria D'n Belhamel;Bakel;Dorpsstraat 44 5761BN;;NIE ZNALEZIONO STRONY W DANYCH;;;;;;NIEUSTALONE (wymaga zdjęć lub wizji lokalnej);;;;;;Do sprawdzenia;strony nie ma w danych mapy (do sprawdzenia);"jeśli faktycznie brak: strona WWW; witryna/szyld, druk (menu, ulotki), odzież dla personelu (do sprawdzenia na miejscu)";nie kontaktowano;OpenStreetMap (amenity=fast_food, node/3014839951);2026-10-10
Gastronomia;C;3;Restaria De Coevering;Geldrop;Winkelcentrum Coevering 29 5665GA;;NIE ZNALEZIONO STRONY W DANYCH;;;;;;NIEUSTALONE (wymaga zdjęć lub wizji lokalnej);;;;;;Do sprawdzenia;strony nie ma w danych mapy (do sprawdzenia);"jeśli faktycznie brak: strona WWW; witryna/szyld, druk (menu, ulotki), odzież dla personelu (do sprawdzenia na miejscu)";nie kontaktowano;OpenStreetMap (amenity=fast_food, node/4523186007);2026-10-10
Gastronomia;C;3;Restaria De Tempel;Eindhoven;Antwerpenlaan 26 5628XE;;NIE ZNALEZIONO STRONY W DANYCH;;;;;;NIEUSTALONE (wymaga zdjęć lub wizji lokalnej);;;;;;Do sprawdzenia;strony nie ma w danych mapy (do sprawdzenia);"jeśli faktycznie brak: strona WWW; witryna/szyld, druk (menu, ulotki), odzież dla personelu (do sprawdzenia na miejscu)";nie kontaktowano;OpenStreetMap (amenity=fast_food, node/2735186406);2026-10-10
Gastronomia;C;3;Restaurant An Fong;Best;Nieuwstraat 68-70 5683KD;https://anfongbest.nl/;OK;tak;tak;;;;NIEUSTALONE (wymaga zdjęć lub wizji lokalnej);;;;;;Częściowe braki;nie znaleziono social media na stronie;"materiały do social media; witryna/szyld, druk (menu, ulotki), odzież dla personelu (do sprawdzenia na miejscu)";nie kontaktowano;OpenStreetMap (amenity=restaurant, node/2720624415);2026-10-10
Gastronomia;C;3;Restaurant Bomas;Sint-Oedenrode;Hertog Hendrikstraat 1C 5492BA;https://restaurantbomas.nl/;OK;tak;tak;2026;WordPress;Facebook, Instagram;NIEUSTALONE (wymaga zdjęć lub wizji lokalnej);rekrutuje;;;;;Podstawy online OK;;"witryna/szyld, druk (menu, ulotki), odzież dla personelu (do sprawdzenia na miejscu); odzież/oklejenie dla nowych ludzi i aut";nie kontaktowano;OpenStreetMap (amenity=restaurant, node/12084934375);2026-10-10
Gastronomia;C;3;Restaurant Charlie Eindhoven;Eindhoven;Sumatralaan 3 5631AA;https://restaurantcharlie.nl/eindhoven/;OK;tak;tak;2024;WordPress;Facebook, Instagram;NIEUSTALONE (wymaga zdjęć lub wizji lokalnej);rekrutuje;;;;;Podstawy online OK;;"witryna/szyld, druk (menu, ulotki), odzież dla personelu (do sprawdzenia na miejscu); odzież/oklejenie dla nowych ludzi i aut";nie kontaktowano;OpenStreetMap (amenity=restaurant, node/2774758051);2026-10-10
Gastronomia;C;3;Restaurant Crijns;Bladel;Sniederslaan 121 5531EK;https://www.restaurantcrijns.nl;OK;tak;tak;;;;NIEUSTALONE (wymaga zdjęć lub wizji lokalnej);;;;;;Częściowe braki;nie znaleziono social media na stronie;"materiały do social media; witryna/szyld, druk (menu, ulotki), odzież dla personelu (do sprawdzenia na miejscu)";nie kontaktowano;OpenStreetMap (amenity=restaurant, node/2827053561);2026-10-10
Gastronomia;C;3;Restaurant de Zwaan;Geldrop;Stationsstraat 1 5664AP;https://www.dezwaan-geldrop.nl/;OK;tak;tak;2023;WordPress;Facebook, Instagram;NIEUSTALONE (wymaga zdjęć lub wizji lokalnej);rekrutuje;;;;;Podstawy online OK;;"witryna/szyld, druk (menu, ulotki), odzież dla personelu (do sprawdzenia na miejscu); odzież/oklejenie dla nowych ludzi i aut";nie kontaktowano;OpenStreetMap (amenity=restaurant, node/2872250059);2026-10-10
Gastronomia;C;3;Restaurant Sphinx Maarheeze;Maarheeze;Stationsstraat 6 6026CV;;NIE ZNALEZIONO STRONY W DANYCH;;;;;;NIEUSTALONE (wymaga zdjęć lub wizji lokalnej);;;;;;Do sprawdzenia;strony nie ma w danych mapy (do sprawdzenia);"jeśli faktycznie brak: strona WWW; witryna/szyld, druk (menu, ulotki), odzież dla personelu (do sprawdzenia na miejscu)";nie kontaktowano;OpenStreetMap (amenity=restaurant, node/2839392433);2026-10-10
Gastronomia;C;3;Restaurant Stranders;Best;Ekkersweijer 5 5681RZ;;NIE ZNALEZIONO STRONY W DANYCH;;;;;;NIEUSTALONE (wymaga zdjęć lub wizji lokalnej);;;;;;Do sprawdzenia;strony nie ma w danych mapy (do sprawdzenia);"jeśli faktycznie brak: strona WWW; witryna/szyld, druk (menu, ulotki), odzież dla personelu (do sprawdzenia na miejscu)";nie kontaktowano;OpenStreetMap (amenity=restaurant, node/690141785);2026-10-10
Gastronomia;C;3;Restaurant Traverse;Helmond;Steenweg 19 5707CD;;NIE ZNALEZIONO STRONY W DANYCH;;;;;;NIEUSTALONE (wymaga zdjęć lub wizji lokalnej);;;;;;Do sprawdzenia;strony nie ma w danych mapy (do sprawdzenia);"jeśli faktycznie brak: strona WWW; witryna/szyld, druk (menu, ulotki), odzież dla personelu (do sprawdzenia na miejscu)";nie kontaktowano;OpenStreetMap (amenity=restaurant, node/2902886249);2026-10-10
Gastronomia;C;3;Restaurant Vandeijck;Riethoven;Dorpsplein 4 5561AV;https://www.restaurantvandeijck.nl/;OK;tak;tak;2026;WordPress;Facebook, Instagram;NIEUSTALONE (wymaga zdjęć lub wizji lokalnej);rekrutuje;;;;;Podstawy online OK;;"witryna/szyld, druk (menu, ulotki), odzież dla personelu (do sprawdzenia na miejscu); odzież/oklejenie dla nowych ludzi i aut";nie kontaktowano;OpenStreetMap (amenity=restaurant, node/2829024008);2026-10-10
Gastronomia;C;3;Restaurant-Boscafé Molenvelden;Veldhoven;Banstraat 25 5506LA;https://www.boscafemolenvelden.nl/;OK;tak;tak;2026;Wix;Facebook, Instagram, LinkedIn;NIEUSTALONE (wymaga zdjęć lub wizji lokalnej);rekrutuje;;;;;Podstawy online OK;;"witryna/szyld, druk (menu, ulotki), odzież dla personelu (do sprawdzenia na miejscu); odzież/oklejenie dla nowych ludzi i aut";nie kontaktowano;OpenStreetMap (amenity=restaurant, node/2721607703);2026-10-10
Gastronomia;C;3;Resto Quick;Eindhoven;Vrijstraat 4 5611AV;;NIE ZNALEZIONO STRONY W DANYCH;;;;;;NIEUSTALONE (wymaga zdjęć lub wizji lokalnej);;;;;;Do sprawdzenia;strony nie ma w danych mapy (do sprawdzenia);"jeśli faktycznie brak: strona WWW; witryna/szyld, druk (menu, ulotki), odzież dla personelu (do sprawdzenia na miejscu)";nie kontaktowano;OpenStreetMap (amenity=fast_food, node/2765448486);2026-10-10
Gastronomia;C;3;Rodeo;Eindhoven;Dommelstraat 23 5611CJ;https://eindhoven.restaurant-rodeo.nl/;OK;tak;tak;;WordPress;Facebook, Instagram;NIEUSTALONE (wymaga zdjęć lub wizji lokalnej);rekrutuje;;;;;Podstawy online OK;;"witryna/szyld, druk (menu, ulotki), odzież dla personelu (do sprawdzenia na miejscu); odzież/oklejenie dla nowych ludzi i aut";nie kontaktowano;OpenStreetMap (amenity=restaurant, node/2765159193);2026-10-10
Gastronomia;C;3;Rooi's Friethuis;Sint-Oedenrode;Markt 23 5492AA;https://www.rooisfriethuis.nl/;OK;tak;tak;2026;;;NIEUSTALONE (wymaga zdjęć lub wizji lokalnej);;;;;;Częściowe braki;nie znaleziono social media na stronie;"materiały do social media; witryna/szyld, druk (menu, ulotki), odzież dla personelu (do sprawdzenia na miejscu)";nie kontaktowano;OpenStreetMap (amenity=fast_food, node/12086006890);2026-10-10
Gastronomia;C;3;Rose Event Center;;;;NIE ZNALEZIONO STRONY W DANYCH;;;;;;NIEUSTALONE (wymaga zdjęć lub wizji lokalnej);;;;;;Do sprawdzenia;strony nie ma w danych mapy (do sprawdzenia);"jeśli faktycznie brak: strona WWW; witryna/szyld, druk (menu, ulotki), odzież dla personelu (do sprawdzenia na miejscu)";nie kontaktowano;OpenStreetMap (amenity=restaurant, node/1496637781);2026-10-10
Gastronomia;C;3;Rumah Makan;Waalre;Eindhovenseweg 50 5582HT;https://rumahmakan.eu;OK;tak;tak;;;;NIEUSTALONE (wymaga zdjęć lub wizji lokalnej);;;;;;Częściowe braki;nie znaleziono social media na stronie;"materiały do social media; witryna/szyld, druk (menu, ulotki), odzież dla personelu (do sprawdzenia na miejscu)";nie kontaktowano;OpenStreetMap (amenity=restaurant, node/2929768973);2026-10-10
Gastronomia;C;3;Ryan Foodshop;Helmond;Hoofdstraat 43C-9 5706AJ;https://ryanfoodshop.nl/;OK;tak;tak;2025;WordPress;Facebook, Instagram;NIEUSTALONE (wymaga zdjęć lub wizji lokalnej);sklep online;;;;;Podstawy online OK;;witryna/szyld, druk (menu, ulotki), odzież dla personelu (do sprawdzenia na miejscu);nie kontaktowano;OpenStreetMap (amenity=restaurant, node/2901718151);2026-10-10
Gastronomia;C;3;Sabero;Leende;Zevenhuizen 6 5595XE;https://www.sabero.nl;OK;tak;tak;2026;;Facebook, Instagram;NIEUSTALONE (wymaga zdjęć lub wizji lokalnej);rekrutuje;;;;;Podstawy online OK;;"witryna/szyld, druk (menu, ulotki), odzież dla personelu (do sprawdzenia na miejscu); odzież/oklejenie dla nowych ludzi i aut";nie kontaktowano;OpenStreetMap (amenity=restaurant, node/6974620413);2026-10-10
Gastronomia;C;3;Sabor;;;;NIE ZNALEZIONO STRONY W DANYCH;;;;;;NIEUSTALONE (wymaga zdjęć lub wizji lokalnej);;;;;;Do sprawdzenia;strony nie ma w danych mapy (do sprawdzenia);"jeśli faktycznie brak: strona WWW; witryna/szyld, druk (menu, ulotki), odzież dla personelu (do sprawdzenia na miejscu)";nie kontaktowano;OpenStreetMap (amenity=fast_food, node/9112896282);2026-10-10
Gastronomia;C;3;Salt & Pepper;Eindhoven;Boschdijk 261 5612HD;https://www.saltenpepperrestaurant.nl/;OK;tak;tak;2026;WordPress;Facebook, Instagram;NIEUSTALONE (wymaga zdjęć lub wizji lokalnej);rekrutuje;;;;;Podstawy online OK;;"witryna/szyld, druk (menu, ulotki), odzież dla personelu (do sprawdzenia na miejscu); odzież/oklejenie dla nowych ludzi i aut";nie kontaktowano;OpenStreetMap (amenity=restaurant, node/2774931115);2026-10-10
Gastronomia;C;3;Sam's Grillroom;Gemert;Ridderplein 39 5421CX;https://www.samsgrill.nl/;OK;tak;tak;2022;WordPress;Facebook, Instagram;NIEUSTALONE (wymaga zdjęć lub wizji lokalnej);rekrutuje;;;;;Podstawy online OK;;"witryna/szyld, druk (menu, ulotki), odzież dla personelu (do sprawdzenia na miejscu); odzież/oklejenie dla nowych ludzi i aut";nie kontaktowano;OpenStreetMap (amenity=fast_food, node/3005548370);2026-10-10
Gastronomia;C;3;Samen Eten & Drinken;Eindhoven;Klein Tongelrepad 4 5613KL;;NIE ZNALEZIONO STRONY W DANYCH;;;;;;NIEUSTALONE (wymaga zdjęć lub wizji lokalnej);;;;;;Do sprawdzenia;strony nie ma w danych mapy (do sprawdzenia);"jeśli faktycznie brak: strona WWW; witryna/szyld, druk (menu, ulotki), odzież dla personelu (do sprawdzenia na miejscu)";nie kontaktowano;OpenStreetMap (amenity=restaurant, node/2761968400);2026-10-10
Gastronomia;C;3;Samos;Veldhoven;Zittardsestraat 5 5507LV;;NIE ZNALEZIONO STRONY W DANYCH;;;;;;NIEUSTALONE (wymaga zdjęć lub wizji lokalnej);;;;;;Do sprawdzenia;strony nie ma w danych mapy (do sprawdzenia);"jeśli faktycznie brak: strona WWW; witryna/szyld, druk (menu, ulotki), odzież dla personelu (do sprawdzenia na miejscu)";nie kontaktowano;OpenStreetMap (amenity=restaurant, node/1547267792);2026-10-10
Gastronomia;C;3;Sands;Eindhoven;Stratumseind 29 5611EN;;NIE ZNALEZIONO STRONY W DANYCH;;;;;;NIEUSTALONE (wymaga zdjęć lub wizji lokalnej);;;;;;Do sprawdzenia;strony nie ma w danych mapy (do sprawdzenia);"jeśli faktycznie brak: strona WWW; witryna/szyld, druk (menu, ulotki), odzież dla personelu (do sprawdzenia na miejscu)";nie kontaktowano;OpenStreetMap (amenity=pub, node/2765282014);2026-10-10
Gastronomia;C;3;Sang Lee Rotishop;Eindhoven;Kruisstraat 106 5612CL;https://www.sanglee-rotishop.nl/;OK;tak;tak;2026;WordPress;Facebook;NIEUSTALONE (wymaga zdjęć lub wizji lokalnej);rekrutuje;;;;;Podstawy online OK;;"witryna/szyld, druk (menu, ulotki), odzież dla personelu (do sprawdzenia na miejscu); odzież/oklejenie dla nowych ludzi i aut";nie kontaktowano;OpenStreetMap (amenity=fast_food, node/1898876092);2026-10-10
Gastronomia;C;3;Schafrath;Nuenen;Park 35 5671GB;;NIE ZNALEZIONO STRONY W DANYCH;;;;;;NIEUSTALONE (wymaga zdjęć lub wizji lokalnej);;;;;;Do sprawdzenia;strony nie ma w danych mapy (do sprawdzenia);"jeśli faktycznie brak: strona WWW; witryna/szyld, druk (menu, ulotki), odzież dla personelu (do sprawdzenia na miejscu)";nie kontaktowano;OpenStreetMap (amenity=cafe, node/52037631);2026-10-10
Gastronomia;C;3;SchippersStop;;;;NIE ZNALEZIONO STRONY W DANYCH;;;;;;NIEUSTALONE (wymaga zdjęć lub wizji lokalnej);;;;;;Do sprawdzenia;strony nie ma w danych mapy (do sprawdzenia);"jeśli faktycznie brak: strona WWW; witryna/szyld, druk (menu, ulotki), odzież dla personelu (do sprawdzenia na miejscu)";nie kontaktowano;OpenStreetMap (amenity=cafe, node/3011954430);2026-10-10
Gastronomia;C;3;Schonmoeder;Geldrop;Linze 13A 5667AH;;NIE ZNALEZIONO STRONY W DANYCH;;;;;;NIEUSTALONE (wymaga zdjęć lub wizji lokalnej);;;;;;Do sprawdzenia;strony nie ma w danych mapy (do sprawdzenia);"jeśli faktycznie brak: strona WWW; witryna/szyld, druk (menu, ulotki), odzież dla personelu (do sprawdzenia na miejscu)";nie kontaktowano;OpenStreetMap (amenity=cafe, node/2872680785);2026-10-10
Gastronomia;C;3;Scoopies;Helmond;Ameidestraat 1A 5701NN;https://www.scoopies.nl/;OK;tak;tak;;Wix;;NIEUSTALONE (wymaga zdjęć lub wizji lokalnej);;;;;;Częściowe braki;nie znaleziono social media na stronie;"materiały do social media; witryna/szyld, druk (menu, ulotki), odzież dla personelu (do sprawdzenia na miejscu)";nie kontaktowano;OpenStreetMap (amenity=cafe, node/2903870205);2026-10-10
Gastronomia;C;3;Seasons;Eindhoven;Catharinaplein 37 5611DE;https://www.restaurantseasons.nl;OK;tak;tak;2025;WordPress;Facebook, Instagram, YouTube;NIEUSTALONE (wymaga zdjęć lub wizji lokalnej);rekrutuje;;;;;Podstawy online OK;;"witryna/szyld, druk (menu, ulotki), odzież dla personelu (do sprawdzenia na miejscu); odzież/oklejenie dla nowych ludzi i aut";nie kontaktowano;OpenStreetMap (amenity=restaurant, node/3446864574);2026-10-10
Gastronomia;C;3;Senkaya;Eindhoven;Marconilaan 23B 5612HM;;NIE ZNALEZIONO STRONY W DANYCH;;;;;;NIEUSTALONE (wymaga zdjęć lub wizji lokalnej);;;;;;Do sprawdzenia;strony nie ma w danych mapy (do sprawdzenia);"jeśli faktycznie brak: strona WWW; witryna/szyld, druk (menu, ulotki), odzież dla personelu (do sprawdzenia na miejscu)";nie kontaktowano;OpenStreetMap (amenity=fast_food, node/2774930720);2026-10-10
Gastronomia;C;3;"Shoarma Pizza ""Ramses""";Eindhoven;Bennekelstraat 23 5654DB;;NIE ZNALEZIONO STRONY W DANYCH;;;;;;NIEUSTALONE (wymaga zdjęć lub wizji lokalnej);;;;;;Do sprawdzenia;strony nie ma w danych mapy (do sprawdzenia);"jeśli faktycznie brak: strona WWW; witryna/szyld, druk (menu, ulotki), odzież dla personelu (do sprawdzenia na miejscu)";nie kontaktowano;OpenStreetMap (amenity=restaurant, node/2725929039);2026-10-10
Gastronomia;C;3;Sicilia;Helmond;Steenweg 7 5707CD;https://ristorante-sicilia.nl/;OK;tak;tak;;WordPress;Facebook, Instagram;NIEUSTALONE (wymaga zdjęć lub wizji lokalnej);rekrutuje;;;;;Podstawy online OK;;"witryna/szyld, druk (menu, ulotki), odzież dla personelu (do sprawdzenia na miejscu); odzież/oklejenie dla nowych ludzi i aut";nie kontaktowano;OpenStreetMap (amenity=restaurant, node/448648862);2026-10-10
Gastronomia;C;3;Sicilia;Eindhoven;Dommelstraat 15 5611CJ;https://www.sicilia-eindhoven.nl;OK;tak;tak;;WordPress;Instagram, TikTok;NIEUSTALONE (wymaga zdjęć lub wizji lokalnej);rekrutuje;;;;;Podstawy online OK;;"witryna/szyld, druk (menu, ulotki), odzież dla personelu (do sprawdzenia na miejscu); odzież/oklejenie dla nowych ludzi i aut";nie kontaktowano;OpenStreetMap (amenity=restaurant, node/2765158923);2026-10-10
Gastronomia;C;3;Sindsdien;Eersel;Kerkstraat 42 5521JL;https://cafesindsdien.nl/;OK;tak;tak;;WordPress;;NIEUSTALONE (wymaga zdjęć lub wizji lokalnej);;;;;;Częściowe braki;nie znaleziono social media na stronie;"materiały do social media; witryna/szyld, druk (menu, ulotki), odzież dla personelu (do sprawdzenia na miejscu)";nie kontaktowano;OpenStreetMap (amenity=pub, node/2828644087);2026-10-10
Gastronomia;C;3;Sizzling Restaurant;Eindhoven;Stationsplein 3A 5611AB;https://www.restaurantsizzling.nl;OK;tak;tak;2026;;Facebook, Instagram;NIEUSTALONE (wymaga zdjęć lub wizji lokalnej);rekrutuje;;;;;Podstawy online OK;;"witryna/szyld, druk (menu, ulotki), odzież dla personelu (do sprawdzenia na miejscu); odzież/oklejenie dla nowych ludzi i aut";nie kontaktowano;OpenStreetMap (amenity=restaurant, node/4763562524);2026-10-10
Gastronomia;C;3;Sjimmie's;Riethoven;Dorpsplein 9 5561AV;;NIE ZNALEZIONO STRONY W DANYCH;;;;;;NIEUSTALONE (wymaga zdjęć lub wizji lokalnej);;;;;;Do sprawdzenia;strony nie ma w danych mapy (do sprawdzenia);"jeśli faktycznie brak: strona WWW; witryna/szyld, druk (menu, ulotki), odzież dla personelu (do sprawdzenia na miejscu)";nie kontaktowano;OpenStreetMap (amenity=pub, node/2829024285);2026-10-10
Gastronomia;C;3;Slegers;Lieshout;Dorpsstraat 64 5737GD;;NIE ZNALEZIONO STRONY W DANYCH;;;;;;NIEUSTALONE (wymaga zdjęć lub wizji lokalnej);;;;;;Do sprawdzenia;strony nie ma w danych mapy (do sprawdzenia);"jeśli faktycznie brak: strona WWW; witryna/szyld, druk (menu, ulotki), odzież dla personelu (do sprawdzenia na miejscu)";nie kontaktowano;OpenStreetMap (amenity=fast_food, node/2898997794);2026-10-10
Gastronomia;C;3;Smaek;Geldrop;Nieuwendijk 17 5664HA;;NIE ZNALEZIONO STRONY W DANYCH;;;;;;NIEUSTALONE (wymaga zdjęć lub wizji lokalnej);;;;;;Do sprawdzenia;strony nie ma w danych mapy (do sprawdzenia);"jeśli faktycznie brak: strona WWW; witryna/szyld, druk (menu, ulotki), odzież dla personelu (do sprawdzenia na miejscu)";nie kontaktowano;OpenStreetMap (amenity=restaurant, node/2872252645);2026-10-10
Gastronomia;C;3;Smakelijk Gemert;Gemert;Commandeur 2 5421LK;https://smakelijkgemert.sitedish.shop;OK;tak;tak;2026;;;NIEUSTALONE (wymaga zdjęć lub wizji lokalnej);;;;;;Częściowe braki;nie znaleziono social media na stronie;"materiały do social media; witryna/szyld, druk (menu, ulotki), odzież dla personelu (do sprawdzenia na miejscu)";nie kontaktowano;OpenStreetMap (amenity=restaurant, node/3005542184);2026-10-10
Gastronomia;C;3;Smeagol;Eindhoven;Kerkstraat 10 5611GJ;https://www.smeagol.nl;OK;tak;tak;;WordPress;;NIEUSTALONE (wymaga zdjęć lub wizji lokalnej);;;;;;Częściowe braki;nie znaleziono social media na stronie;"materiały do social media; witryna/szyld, druk (menu, ulotki), odzież dla personelu (do sprawdzenia na miejscu)";nie kontaktowano;OpenStreetMap (amenity=restaurant, node/2765366924);2026-10-10
Gastronomia;C;3;Smokey Blinders;Veldhoven;Rapportstraat 3 5504BN;;NIE ZNALEZIONO STRONY W DANYCH;;;;;;NIEUSTALONE (wymaga zdjęć lub wizji lokalnej);;;;;;Do sprawdzenia;strony nie ma w danych mapy (do sprawdzenia);"jeśli faktycznie brak: strona WWW; witryna/szyld, druk (menu, ulotki), odzież dla personelu (do sprawdzenia na miejscu)";nie kontaktowano;OpenStreetMap (amenity=restaurant, node/2833146527);2026-10-10
Gastronomia;C;3;Smulrijk;;;;NIE ZNALEZIONO STRONY W DANYCH;;;;;;NIEUSTALONE (wymaga zdjęć lub wizji lokalnej);;;;;;Do sprawdzenia;strony nie ma w danych mapy (do sprawdzenia);"jeśli faktycznie brak: strona WWW; witryna/szyld, druk (menu, ulotki), odzież dla personelu (do sprawdzenia na miejscu)";nie kontaktowano;OpenStreetMap (amenity=cafe, node/1601823953);2026-10-10
Gastronomia;C;3;Snack bar;;;;NIE ZNALEZIONO STRONY W DANYCH;;;;;;NIEUSTALONE (wymaga zdjęć lub wizji lokalnej);;;;;;Do sprawdzenia;strony nie ma w danych mapy (do sprawdzenia);"jeśli faktycznie brak: strona WWW; witryna/szyld, druk (menu, ulotki), odzież dla personelu (do sprawdzenia na miejscu)";nie kontaktowano;OpenStreetMap (amenity=cafe, node/10969323856);2026-10-10
Gastronomia;C;3;Snack Corner;;;;NIE ZNALEZIONO STRONY W DANYCH;;;;;;NIEUSTALONE (wymaga zdjęć lub wizji lokalnej);;;;;;Do sprawdzenia;strony nie ma w danych mapy (do sprawdzenia);"jeśli faktycznie brak: strona WWW; witryna/szyld, druk (menu, ulotki), odzież dla personelu (do sprawdzenia na miejscu)";nie kontaktowano;OpenStreetMap (amenity=fast_food, node/491047871);2026-10-10
Gastronomia;C;3;Snack Plein;;;;NIE ZNALEZIONO STRONY W DANYCH;;;;;;NIEUSTALONE (wymaga zdjęć lub wizji lokalnej);;;;;;Do sprawdzenia;strony nie ma w danych mapy (do sprawdzenia);"jeśli faktycznie brak: strona WWW; witryna/szyld, druk (menu, ulotki), odzież dla personelu (do sprawdzenia na miejscu)";nie kontaktowano;OpenStreetMap (amenity=fast_food, node/3446865823);2026-10-10
Gastronomia;C;3;Snackbar 'City';;;;NIE ZNALEZIONO STRONY W DANYCH;;;;;;NIEUSTALONE (wymaga zdjęć lub wizji lokalnej);;;;;;Do sprawdzenia;strony nie ma w danych mapy (do sprawdzenia);"jeśli faktycznie brak: strona WWW; witryna/szyld, druk (menu, ulotki), odzież dla personelu (do sprawdzenia na miejscu)";nie kontaktowano;OpenStreetMap (amenity=fast_food, node/1722316633);2026-10-10
Gastronomia;C;3;Snackbar City;;;;NIE ZNALEZIONO STRONY W DANYCH;;;;;;NIEUSTALONE (wymaga zdjęć lub wizji lokalnej);;;;;;Do sprawdzenia;strony nie ma w danych mapy (do sprawdzenia);"jeśli faktycznie brak: strona WWW; witryna/szyld, druk (menu, ulotki), odzież dla personelu (do sprawdzenia na miejscu)";nie kontaktowano;OpenStreetMap (amenity=fast_food, node/39557960);2026-10-10
Gastronomia;C;3;Snackbar De Limbeek;Eindhoven;Lijmbeekstraat 137 5612NB;https://www.snackbardelimbeek-eindhoven.nl/;OK;tak;tak;;;;NIEUSTALONE (wymaga zdjęć lub wizji lokalnej);;;;;;Częściowe braki;nie znaleziono social media na stronie;"materiały do social media; witryna/szyld, druk (menu, ulotki), odzież dla personelu (do sprawdzenia na miejscu)";nie kontaktowano;OpenStreetMap (amenity=fast_food, node/2774929241);2026-10-10
Gastronomia;C;3;Snackbar De Smickel;;;;NIE ZNALEZIONO STRONY W DANYCH;;;;;;NIEUSTALONE (wymaga zdjęć lub wizji lokalnej);;;;;;Do sprawdzenia;strony nie ma w danych mapy (do sprawdzenia);"jeśli faktycznie brak: strona WWW; witryna/szyld, druk (menu, ulotki), odzież dla personelu (do sprawdzenia na miejscu)";nie kontaktowano;OpenStreetMap (amenity=fast_food, node/1720941831);2026-10-10
Gastronomia;C;3;Snackbar Flora;Eindhoven;Floralaan West 250 5644BM;;NIE ZNALEZIONO STRONY W DANYCH;;;;;;NIEUSTALONE (wymaga zdjęć lub wizji lokalnej);;;;;;Do sprawdzenia;strony nie ma w danych mapy (do sprawdzenia);"jeśli faktycznie brak: strona WWW; witryna/szyld, druk (menu, ulotki), odzież dla personelu (do sprawdzenia na miejscu)";nie kontaktowano;OpenStreetMap (amenity=fast_food, node/1700082322);2026-10-10
Gastronomia;C;3;Snackbar Happy Eater;;;;NIE ZNALEZIONO STRONY W DANYCH;;;;;;NIEUSTALONE (wymaga zdjęć lub wizji lokalnej);;;;;;Do sprawdzenia;strony nie ma w danych mapy (do sprawdzenia);"jeśli faktycznie brak: strona WWW; witryna/szyld, druk (menu, ulotki), odzież dla personelu (do sprawdzenia na miejscu)";nie kontaktowano;OpenStreetMap (amenity=fast_food, node/726521708);2026-10-10
Gastronomia;C;3;Snackbar Johnnie;Eindhoven;Hagenkampweg Noord 38 5616TA;;NIE ZNALEZIONO STRONY W DANYCH;;;;;;NIEUSTALONE (wymaga zdjęć lub wizji lokalnej);;;;;;Do sprawdzenia;strony nie ma w danych mapy (do sprawdzenia);"jeśli faktycznie brak: strona WWW; witryna/szyld, druk (menu, ulotki), odzież dla personelu (do sprawdzenia na miejscu)";nie kontaktowano;OpenStreetMap (amenity=fast_food, node/2753802923);2026-10-10
Gastronomia;C;3;Snackbar van der Heijden;Waalre;Den Hof 142 5582JZ;;NIE ZNALEZIONO STRONY W DANYCH;;;;;;NIEUSTALONE (wymaga zdjęć lub wizji lokalnej);;;;;;Do sprawdzenia;strony nie ma w danych mapy (do sprawdzenia);"jeśli faktycznie brak: strona WWW; witryna/szyld, druk (menu, ulotki), odzież dla personelu (do sprawdzenia na miejscu)";nie kontaktowano;OpenStreetMap (amenity=fast_food, node/4988243338);2026-10-10
Gastronomia;C;3;Snackbar Woenselse Heide;;;;NIE ZNALEZIONO STRONY W DANYCH;;;;;;NIEUSTALONE (wymaga zdjęć lub wizji lokalnej);;;;;;Do sprawdzenia;strony nie ma w danych mapy (do sprawdzenia);"jeśli faktycznie brak: strona WWW; witryna/szyld, druk (menu, ulotki), odzież dla personelu (do sprawdzenia na miejscu)";nie kontaktowano;OpenStreetMap (amenity=fast_food, node/1893475355);2026-10-10
Gastronomia;C;3;Snackcenter;Eindhoven;Leenderweg 61 5614HL;https://www.snackcenter-eindhoven.nl;OK;tak;tak;;WordPress;;NIEUSTALONE (wymaga zdjęć lub wizji lokalnej);;;;;;Częściowe braki;nie znaleziono social media na stronie;"materiały do social media; witryna/szyld, druk (menu, ulotki), odzież dla personelu (do sprawdzenia na miejscu)";nie kontaktowano;OpenStreetMap (amenity=fast_food, node/2758435023);2026-10-10
Gastronomia;C;3;Snackpoint;;;;NIE ZNALEZIONO STRONY W DANYCH;;;;;;NIEUSTALONE (wymaga zdjęć lub wizji lokalnej);;;;;;Do sprawdzenia;strony nie ma w danych mapy (do sprawdzenia);"jeśli faktycznie brak: strona WWW; witryna/szyld, druk (menu, ulotki), odzież dla personelu (do sprawdzenia na miejscu)";nie kontaktowano;OpenStreetMap (amenity=fast_food, way/3094600656);2026-10-10
Gastronomia;C;3;Snackpoint Kerver;Someren;Nieuwendijk 21 5712EJ;https://www.snackpointkerver.nl/;OK;tak;tak;2026;;;NIEUSTALONE (wymaga zdjęć lub wizji lokalnej);;;;;;Częściowe braki;nie znaleziono social media na stronie;"materiały do social media; witryna/szyld, druk (menu, ulotki), odzież dla personelu (do sprawdzenia na miejscu)";nie kontaktowano;OpenStreetMap (amenity=fast_food, node/2851429655);2026-10-10
Gastronomia;C;3;Snacks en drank;;;;NIE ZNALEZIONO STRONY W DANYCH;;;;;;NIEUSTALONE (wymaga zdjęć lub wizji lokalnej);;;;;;Do sprawdzenia;strony nie ma w danych mapy (do sprawdzenia);"jeśli faktycznie brak: strona WWW; witryna/szyld, druk (menu, ulotki), odzież dla personelu (do sprawdzenia na miejscu)";nie kontaktowano;OpenStreetMap (amenity=fast_food, node/3132098797);2026-10-10
Gastronomia;C;3;Snooker & Poolcentrum Woensel;Eindhoven;Winkelcentrum Woensel 84D 5625AE;https://spcwoensel.nl;OK;tak;tak;;WordPress;;NIEUSTALONE (wymaga zdjęć lub wizji lokalnej);;;;;;Częściowe braki;nie znaleziono social media na stronie;"materiały do social media; witryna/szyld, druk (menu, ulotki), odzież dla personelu (do sprawdzenia na miejscu)";nie kontaktowano;OpenStreetMap (amenity=bar, node/2751971200);2026-10-10
Gastronomia;C;3;Sofra;Bergeijk;Hof 7 5571CA;;NIE ZNALEZIONO STRONY W DANYCH;;;;;;NIEUSTALONE (wymaga zdjęć lub wizji lokalnej);;;;;;Do sprawdzenia;strony nie ma w danych mapy (do sprawdzenia);"jeśli faktycznie brak: strona WWW; witryna/szyld, druk (menu, ulotki), odzież dla personelu (do sprawdzenia na miejscu)";nie kontaktowano;OpenStreetMap (amenity=restaurant, node/2828721822);2026-10-10
Gastronomia;C;3;Soon Lee;Helmond;Heistraat 6B 5701HN;https://www.soonleehelmond.nl/;OK;tak;tak;;;;NIEUSTALONE (wymaga zdjęć lub wizji lokalnej);;;;;;Częściowe braki;nie znaleziono social media na stronie;"materiały do social media; witryna/szyld, druk (menu, ulotki), odzież dla personelu (do sprawdzenia na miejscu)";nie kontaktowano;OpenStreetMap (amenity=restaurant, node/2903875690);2026-10-10
Gastronomia;C;3;Sopranos;Eindhoven;Stationsplein 9 5611AB;https://www.sopranos-eindhoven.nl;OK;tak;tak;;WordPress;Facebook, Instagram, YouTube;NIEUSTALONE (wymaga zdjęć lub wizji lokalnej);rekrutuje;;;;;Podstawy online OK;;"witryna/szyld, druk (menu, ulotki), odzież dla personelu (do sprawdzenia na miejscu); odzież/oklejenie dla nowych ludzi i aut";nie kontaktowano;OpenStreetMap (amenity=restaurant, node/2765161362);2026-10-10
Gastronomia;C;3;Sphinx;Mierlo;Marktstraat 39 5731HS;https://sphinx-mierlo.nl/;OK;tak;tak;2026;;;NIEUSTALONE (wymaga zdjęć lub wizji lokalnej);;;;;;Częściowe braki;nie znaleziono social media na stronie;"materiały do social media; witryna/szyld, druk (menu, ulotki), odzież dla personelu (do sprawdzenia na miejscu)";nie kontaktowano;OpenStreetMap (amenity=restaurant, node/2876570904);2026-10-10
Gastronomia;C;3;Spice Up;Eindhoven;Stratumseind 91 5611ER;https://www.spiceup-thaifood.nl/;OK;tak;tak;2026;WordPress;;NIEUSTALONE (wymaga zdjęć lub wizji lokalnej);;;;;;Częściowe braki;nie znaleziono social media na stronie;"materiały do social media; witryna/szyld, druk (menu, ulotki), odzież dla personelu (do sprawdzenia na miejscu)";nie kontaktowano;OpenStreetMap (amenity=restaurant, node/2765284669);2026-10-10
Gastronomia;C;3;Spijker;Eindhoven;Stratumseind 19 5611EN;;NIE ZNALEZIONO STRONY W DANYCH;;;;;;NIEUSTALONE (wymaga zdjęć lub wizji lokalnej);;;;;;Do sprawdzenia;strony nie ma w danych mapy (do sprawdzenia);"jeśli faktycznie brak: strona WWW; witryna/szyld, druk (menu, ulotki), odzież dla personelu (do sprawdzenia na miejscu)";nie kontaktowano;OpenStreetMap (amenity=pub, node/1931472219);2026-10-10
Gastronomia;C;3;Sport Café;;;;NIE ZNALEZIONO STRONY W DANYCH;;;;;;NIEUSTALONE (wymaga zdjęć lub wizji lokalnej);;;;;;Do sprawdzenia;strony nie ma w danych mapy (do sprawdzenia);"jeśli faktycznie brak: strona WWW; witryna/szyld, druk (menu, ulotki), odzież dla personelu (do sprawdzenia na miejscu)";nie kontaktowano;OpenStreetMap (amenity=bar, node/668976278);2026-10-10
Gastronomia;C;3;Sprout Koffiebranders;Eindhoven;Gasfabriek 5 5613CP;https://sproutcoffeeroasters.art;OK;tak;tak;;Shopify;Instagram;NIEUSTALONE (wymaga zdjęć lub wizji lokalnej);sklep online;;;;;Podstawy online OK;;witryna/szyld, druk (menu, ulotki), odzież dla personelu (do sprawdzenia na miejscu);nie kontaktowano;OpenStreetMap (amenity=cafe, node/11813580984);2026-10-10
Gastronomia;C;3;Square;Geldrop;Heuvel 93 5664HN;;NIE ZNALEZIONO STRONY W DANYCH;;;;;;NIEUSTALONE (wymaga zdjęć lub wizji lokalnej);;;;;;Do sprawdzenia;strony nie ma w danych mapy (do sprawdzenia);"jeśli faktycznie brak: strona WWW; witryna/szyld, druk (menu, ulotki), odzież dla personelu (do sprawdzenia na miejscu)";nie kontaktowano;OpenStreetMap (amenity=restaurant, node/1605916070);2026-10-10
Gastronomia;C;3;Stads Bar&Food;Eindhoven;Paradijslaan 48 5611KP;https://www.stads.nl;OK;tak;tak;2026;;Instagram;NIEUSTALONE (wymaga zdjęć lub wizji lokalnej);rekrutuje;;;;;Podstawy online OK;;"witryna/szyld, druk (menu, ulotki), odzież dla personelu (do sprawdzenia na miejscu); odzież/oklejenie dla nowych ludzi i aut";nie kontaktowano;OpenStreetMap (amenity=restaurant, node/2764286337);2026-10-10
Gastronomia;C;3;Stadsbrouwerij Deftige Aap;Helmond;Markt 14 5701RK;;NIE ZNALEZIONO STRONY W DANYCH;;;;;;NIEUSTALONE (wymaga zdjęć lub wizji lokalnej);;;;;;Do sprawdzenia;strony nie ma w danych mapy (do sprawdzenia);"jeśli faktycznie brak: strona WWW; witryna/szyld, druk (menu, ulotki), odzież dla personelu (do sprawdzenia na miejscu)";nie kontaktowano;OpenStreetMap (amenity=pub, node/2903866213);2026-10-10
Gastronomia;C;3;Stadspaviljoen;Eindhoven;Alberdingk Thijmlaan 1 5615EB;https://www.stadspaviljoen.nl;OK;tak;tak;;Wix;Instagram;NIEUSTALONE (wymaga zdjęć lub wizji lokalnej);rekrutuje;;;;;Podstawy online OK;;"witryna/szyld, druk (menu, ulotki), odzież dla personelu (do sprawdzenia na miejscu); odzież/oklejenie dla nowych ludzi i aut";nie kontaktowano;OpenStreetMap (amenity=cafe, node/2755103706);2026-10-10
Gastronomia;C;3;Stage Music Cafe;Eindhoven;Stratumseind 25 5611EN;https://stagemusiccafe.nl/;OK;tak;tak;;;Facebook, Instagram;NIEUSTALONE (wymaga zdjęć lub wizji lokalnej);rekrutuje;;;;;Podstawy online OK;;"witryna/szyld, druk (menu, ulotki), odzież dla personelu (do sprawdzenia na miejscu); odzież/oklejenie dla nowych ludzi i aut";nie kontaktowano;OpenStreetMap (amenity=bar, node/2765281685);2026-10-10
Gastronomia;C;3;Stap Us In;Eindhoven;Geldropseweg 51 5611SC;;NIE ZNALEZIONO STRONY W DANYCH;;;;;;NIEUSTALONE (wymaga zdjęć lub wizji lokalnej);;;;;;Do sprawdzenia;strony nie ma w danych mapy (do sprawdzenia);"jeśli faktycznie brak: strona WWW; witryna/szyld, druk (menu, ulotki), odzież dla personelu (do sprawdzenia na miejscu)";nie kontaktowano;OpenStreetMap (amenity=fast_food, node/2759646408);2026-10-10
Gastronomia;C;3;stenen brug hoeve ijs;;;;NIE ZNALEZIONO STRONY W DANYCH;;;;;;NIEUSTALONE (wymaga zdjęć lub wizji lokalnej);;;;;;Do sprawdzenia;strony nie ma w danych mapy (do sprawdzenia);"jeśli faktycznie brak: strona WWW; witryna/szyld, druk (menu, ulotki), odzież dla personelu (do sprawdzenia na miejscu)";nie kontaktowano;OpenStreetMap (amenity=ice_cream, node/1975112683);2026-10-10
Gastronomia;C;3;Stout;Aarle-Rixtel;Dorpsstraat 86 5735EG;https://www.stoutetenendrinken.nl;OK;tak;tak;2026;WordPress;Facebook, Instagram;NIEUSTALONE (wymaga zdjęć lub wizji lokalnej);sklep online;;;;;Podstawy online OK;;witryna/szyld, druk (menu, ulotki), odzież dla personelu (do sprawdzenia na miejscu);nie kontaktowano;OpenStreetMap (amenity=restaurant, node/2901026627);2026-10-10
Gastronomia;C;3;Str'eat;;;https://www.streat.nu/;OK;tak;tak;;WordPress;Facebook, Instagram, LinkedIn;NIEUSTALONE (wymaga zdjęć lub wizji lokalnej);rekrutuje;;;;;Podstawy online OK;;"witryna/szyld, druk (menu, ulotki), odzież dla personelu (do sprawdzenia na miejscu); odzież/oklejenie dla nowych ludzi i aut";nie kontaktowano;OpenStreetMap (amenity=bar, node/12702402065);2026-10-10
Gastronomia;C;3;Strandpaviljoen De Wijde Blick;Eersel;Boksheidsedijk 30 5521PR;;NIE ZNALEZIONO STRONY W DANYCH;;;;;;NIEUSTALONE (wymaga zdjęć lub wizji lokalnej);;;;;;Do sprawdzenia;strony nie ma w danych mapy (do sprawdzenia);"jeśli faktycznie brak: strona WWW; witryna/szyld, druk (menu, ulotki), odzież dla personelu (do sprawdzenia na miejscu)";nie kontaktowano;OpenStreetMap (amenity=restaurant, node/2828538557);2026-10-10
Gastronomia;C;3;Stripe-S;;;;NIE ZNALEZIONO STRONY W DANYCH;;;;;;NIEUSTALONE (wymaga zdjęć lub wizji lokalnej);;;;;;Do sprawdzenia;strony nie ma w danych mapy (do sprawdzenia);"jeśli faktycznie brak: strona WWW; witryna/szyld, druk (menu, ulotki), odzież dla personelu (do sprawdzenia na miejscu)";nie kontaktowano;OpenStreetMap (amenity=fast_food, node/13447806225);2026-10-10
Gastronomia;C;3;Sun On;Eindhoven;Elckerlyclaan 71 5625EP;;NIE ZNALEZIONO STRONY W DANYCH;;;;;;NIEUSTALONE (wymaga zdjęć lub wizji lokalnej);;;;;;Do sprawdzenia;strony nie ma w danych mapy (do sprawdzenia);"jeśli faktycznie brak: strona WWW; witryna/szyld, druk (menu, ulotki), odzież dla personelu (do sprawdzenia na miejscu)";nie kontaktowano;OpenStreetMap (amenity=restaurant, node/736217951);2026-10-10
Gastronomia;C;3;Suprème;;;;NIE ZNALEZIONO STRONY W DANYCH;;;;;;NIEUSTALONE (wymaga zdjęć lub wizji lokalnej);;;;;;Do sprawdzenia;strony nie ma w danych mapy (do sprawdzenia);"jeśli faktycznie brak: strona WWW; witryna/szyld, druk (menu, ulotki), odzież dla personelu (do sprawdzenia na miejscu)";nie kontaktowano;OpenStreetMap (amenity=cafe, node/3446865829);2026-10-10
Gastronomia;C;3;Sushi Express;Eindhoven;Schootsestraat 136A 5616RH;;NIE ZNALEZIONO STRONY W DANYCH;;;;;;NIEUSTALONE (wymaga zdjęć lub wizji lokalnej);;;;;;Do sprawdzenia;strony nie ma w danych mapy (do sprawdzenia);"jeśli faktycznie brak: strona WWW; witryna/szyld, druk (menu, ulotki), odzież dla personelu (do sprawdzenia na miejscu)";nie kontaktowano;OpenStreetMap (amenity=fast_food, node/2754885466);2026-10-10
Gastronomia;C;3;Sushi Sado;Valkenswaard;Eindhovenseweg 67 5554AB;;NIE ZNALEZIONO STRONY W DANYCH;;;;;;NIEUSTALONE (wymaga zdjęć lub wizji lokalnej);;;;;;Do sprawdzenia;strony nie ma w danych mapy (do sprawdzenia);"jeśli faktycznie brak: strona WWW; witryna/szyld, druk (menu, ulotki), odzież dla personelu (do sprawdzenia na miejscu)";nie kontaktowano;OpenStreetMap (amenity=restaurant, node/2828957603);2026-10-10
Gastronomia;C;3;Sushi2go;;;;NIE ZNALEZIONO STRONY W DANYCH;;;;;;NIEUSTALONE (wymaga zdjęć lub wizji lokalnej);;;;;;Do sprawdzenia;strony nie ma w danych mapy (do sprawdzenia);"jeśli faktycznie brak: strona WWW; witryna/szyld, druk (menu, ulotki), odzież dla personelu (do sprawdzenia na miejscu)";nie kontaktowano;OpenStreetMap (amenity=fast_food, node/12401135702);2026-10-10
Gastronomia;C;3;Takumi;Eindhoven;Kerkstraat 26 5611GJ;https://www.takumiramennoodles.com/nl/eindhoven-kerkstraat/;OK;tak;tak;2026;WordPress;Facebook, Instagram;NIEUSTALONE (wymaga zdjęć lub wizji lokalnej);sklep online;;;;;Podstawy online OK;;witryna/szyld, druk (menu, ulotki), odzież dla personelu (do sprawdzenia na miejscu);nie kontaktowano;OpenStreetMap (amenity=restaurant, node/2765368407) + wyszukiwarka;2026-10-10
Gastronomia;C;3;Tapperij de Bierelier;Eindhoven;Geldropseweg 6 5611SH;;NIE ZNALEZIONO STRONY W DANYCH;;;;;;NIEUSTALONE (wymaga zdjęć lub wizji lokalnej);;;;;;Do sprawdzenia;strony nie ma w danych mapy (do sprawdzenia);"jeśli faktycznie brak: strona WWW; witryna/szyld, druk (menu, ulotki), odzież dla personelu (do sprawdzenia na miejscu)";nie kontaktowano;OpenStreetMap (amenity=bar, node/2759558626);2026-10-10
Gastronomia;C;3;Tapperij De Zwaan;Heeze;Kapelstraat 23 5591HC;;NIE ZNALEZIONO STRONY W DANYCH;;;;;;NIEUSTALONE (wymaga zdjęć lub wizji lokalnej);;;;;;Do sprawdzenia;strony nie ma w danych mapy (do sprawdzenia);"jeśli faktycznie brak: strona WWW; witryna/szyld, druk (menu, ulotki), odzież dla personelu (do sprawdzenia na miejscu)";nie kontaktowano;OpenStreetMap (amenity=pub, node/2829541149);2026-10-10
Gastronomia;C;3;Taster - Foodie Delivery Food;Eindhoven;Keizersgracht 26 5611GD;;NIE ZNALEZIONO STRONY W DANYCH;;;;;;NIEUSTALONE (wymaga zdjęć lub wizji lokalnej);;;;;;Do sprawdzenia;strony nie ma w danych mapy (do sprawdzenia);"jeśli faktycznie brak: strona WWW; witryna/szyld, druk (menu, ulotki), odzież dla personelu (do sprawdzenia na miejscu)";nie kontaktowano;OpenStreetMap (amenity=restaurant, node/4826023382);2026-10-10
Gastronomia;C;3;Tatli City;Eindhoven;Kruisstraat 174 5612CN;;NIE ZNALEZIONO STRONY W DANYCH;;;;;;NIEUSTALONE (wymaga zdjęć lub wizji lokalnej);;;;;;Do sprawdzenia;strony nie ma w danych mapy (do sprawdzenia);"jeśli faktycznie brak: strona WWW; witryna/szyld, druk (menu, ulotki), odzież dla personelu (do sprawdzenia na miejscu)";nie kontaktowano;OpenStreetMap (amenity=fast_food, node/2778292321);2026-10-10
Gastronomia;C;3;Taverna Nikos;Mierlo;Dorpsstraat 71 5731JG;;NIE ZNALEZIONO STRONY W DANYCH;;;;;;NIEUSTALONE (wymaga zdjęć lub wizji lokalnej);;;;;;Do sprawdzenia;strony nie ma w danych mapy (do sprawdzenia);"jeśli faktycznie brak: strona WWW; witryna/szyld, druk (menu, ulotki), odzież dla personelu (do sprawdzenia na miejscu)";nie kontaktowano;OpenStreetMap (amenity=restaurant, node/2876516142);2026-10-10
Gastronomia;C;3;Taverne 't Hof;Maarheeze;Oranje Nassaulaan 1 6026BW;https://tavernehethof.nl/;OK;tak;tak;2026;Shopify;Facebook, Instagram, YouTube;NIEUSTALONE (wymaga zdjęć lub wizji lokalnej);sklep online;;;;;Podstawy online OK;;witryna/szyld, druk (menu, ulotki), odzież dla personelu (do sprawdzenia na miejscu);nie kontaktowano;OpenStreetMap (amenity=restaurant, node/2839387537);2026-10-10
Gastronomia;C;3;Taverne De Posthoorn;Oisterwijk;Posthoornseweg 8 5062SZ;;NIE ZNALEZIONO STRONY W DANYCH;;;;;Facebook;NIEUSTALONE (wymaga zdjęć lub wizji lokalnej);;;;;;Do sprawdzenia;strony nie ma w danych mapy (do sprawdzenia);"jeśli faktycznie brak: strona WWW; witryna/szyld, druk (menu, ulotki), odzież dla personelu (do sprawdzenia na miejscu)";nie kontaktowano;OpenStreetMap (amenity=restaurant, node/376906205);2026-10-10
Gastronomia;C;3;Tea at Hamtingh;;;;NIE ZNALEZIONO STRONY W DANYCH;;;;;;NIEUSTALONE (wymaga zdjęć lub wizji lokalnej);;;;;;Do sprawdzenia;strony nie ma w danych mapy (do sprawdzenia);"jeśli faktycznie brak: strona WWW; witryna/szyld, druk (menu, ulotki), odzież dla personelu (do sprawdzenia na miejscu)";nie kontaktowano;OpenStreetMap (amenity=cafe, node/426941544);2026-10-10
Gastronomia;C;3;Tea Stories;Eindhoven;Leidingstraat 203 5617AJ;https://goodteastories.com;OK;tak;tak;2026;Shopify;Facebook, Instagram, TikTok;NIEUSTALONE (wymaga zdjęć lub wizji lokalnej);sklep online;;;;;Podstawy online OK;;witryna/szyld, druk (menu, ulotki), odzież dla personelu (do sprawdzenia na miejscu);nie kontaktowano;OpenStreetMap (amenity=cafe, node/7188370510);2026-10-10
Gastronomia;C;3;TEDS;;;;NIE ZNALEZIONO STRONY W DANYCH;;;;;;NIEUSTALONE (wymaga zdjęć lub wizji lokalnej);;;;;;Do sprawdzenia;strony nie ma w danych mapy (do sprawdzenia);"jeśli faktycznie brak: strona WWW; witryna/szyld, druk (menu, ulotki), odzież dla personelu (do sprawdzenia na miejscu)";nie kontaktowano;OpenStreetMap (amenity=cafe, node/12043284500);2026-10-10
Gastronomia;C;3;Tensai Ramen Eindhoven;Eindhoven;Kerkstraat 14 5611GJ;https://www.tensairameneindhoven.nl/;OK;tak;tak;;;;NIEUSTALONE (wymaga zdjęć lub wizji lokalnej);;;;;;Częściowe braki;nie znaleziono social media na stronie;"materiały do social media; witryna/szyld, druk (menu, ulotki), odzież dla personelu (do sprawdzenia na miejscu)";nie kontaktowano;OpenStreetMap (amenity=restaurant, node/2765367392);2026-10-10
Gastronomia;C;3;Terras Kasteelhoeve;;;;NIE ZNALEZIONO STRONY W DANYCH;;;;;;NIEUSTALONE (wymaga zdjęć lub wizji lokalnej);;;;;;Do sprawdzenia;strony nie ma w danych mapy (do sprawdzenia);"jeśli faktycznie brak: strona WWW; witryna/szyld, druk (menu, ulotki), odzież dla personelu (do sprawdzenia na miejscu)";nie kontaktowano;OpenStreetMap (amenity=restaurant, node/2106937314);2026-10-10
Gastronomia;C;3;Tesoro de Lucie;Eindhoven;Willemstraat 19 5611HB;https://tesorodelucie.nl/;OK;tak;tak;;WordPress;Facebook, Instagram;NIEUSTALONE (wymaga zdjęć lub wizji lokalnej);rekrutuje;;;;;Podstawy online OK;;"witryna/szyld, druk (menu, ulotki), odzież dla personelu (do sprawdzenia na miejscu); odzież/oklejenie dla nowych ludzi i aut";nie kontaktowano;OpenStreetMap (amenity=restaurant, node/12662472640);2026-10-10
Gastronomia;C;3;Thai kitchen;Eindhoven;Piazza 73 5611AE;;NIE ZNALEZIONO STRONY W DANYCH;;;;;;NIEUSTALONE (wymaga zdjęć lub wizji lokalnej);;;;;;Do sprawdzenia;strony nie ma w danych mapy (do sprawdzenia);"jeśli faktycznie brak: strona WWW; witryna/szyld, druk (menu, ulotki), odzież dla personelu (do sprawdzenia na miejscu)";nie kontaktowano;OpenStreetMap (amenity=restaurant, node/2765449574);2026-10-10
Gastronomia;C;3;Thai Phadee;Helmond;Mierloseweg 239 5707AH;https://www.thaiphadee.nl/;OK;tak;tak;;Jimdo;;NIEUSTALONE (wymaga zdjęć lub wizji lokalnej);;;;;;Częściowe braki;nie znaleziono social media na stronie;"materiały do social media; witryna/szyld, druk (menu, ulotki), odzież dla personelu (do sprawdzenia na miejscu)";nie kontaktowano;OpenStreetMap (amenity=restaurant, node/2902337875);2026-10-10
Gastronomia;C;3;Thai Tuk Tuk;Veldhoven;Pleintjes 255 5501EJ;https://thaituktuk.eu;OK;tak;tak;2026;;;NIEUSTALONE (wymaga zdjęć lub wizji lokalnej);;;;;;Częściowe braki;nie znaleziono social media na stronie;"materiały do social media; witryna/szyld, druk (menu, ulotki), odzież dla personelu (do sprawdzenia na miejscu)";nie kontaktowano;OpenStreetMap (amenity=restaurant, node/13103367067);2026-10-10
Gastronomia;C;3;The Bar by Bavaria;;;;NIE ZNALEZIONO STRONY W DANYCH;;;;;;NIEUSTALONE (wymaga zdjęć lub wizji lokalnej);;;;;;Do sprawdzenia;strony nie ma w danych mapy (do sprawdzenia);"jeśli faktycznie brak: strona WWW; witryna/szyld, druk (menu, ulotki), odzież dla personelu (do sprawdzenia na miejscu)";nie kontaktowano;OpenStreetMap (amenity=pub, node/11479216455);2026-10-10
Gastronomia;C;3;The Boulevard - Poké, Sandos & Mexican;Eindhoven;Willemstraat 58D 5616GE;;NIE ZNALEZIONO STRONY W DANYCH;;;;;;NIEUSTALONE (wymaga zdjęć lub wizji lokalnej);;;;;;Do sprawdzenia;strony nie ma w danych mapy (do sprawdzenia);"jeśli faktycznie brak: strona WWW; witryna/szyld, druk (menu, ulotki), odzież dla personelu (do sprawdzenia na miejscu)";nie kontaktowano;OpenStreetMap (amenity=fast_food, node/10151396526);2026-10-10
Gastronomia;C;3;The Cloud Club;;;;NIE ZNALEZIONO STRONY W DANYCH;;;;;;NIEUSTALONE (wymaga zdjęć lub wizji lokalnej);;;;;;Do sprawdzenia;strony nie ma w danych mapy (do sprawdzenia);"jeśli faktycznie brak: strona WWW; witryna/szyld, druk (menu, ulotki), odzież dla personelu (do sprawdzenia na miejscu)";nie kontaktowano;OpenStreetMap (amenity=fast_food, node/11479211919);2026-10-10
Gastronomia;C;3;The Corner by Yamani;Eindhoven;Grote Berg 22 5611KK;;NIE ZNALEZIONO STRONY W DANYCH;;;;;;NIEUSTALONE (wymaga zdjęć lub wizji lokalnej);;;;;;Do sprawdzenia;strony nie ma w danych mapy (do sprawdzenia);"jeśli faktycznie brak: strona WWW; witryna/szyld, druk (menu, ulotki), odzież dla personelu (do sprawdzenia na miejscu)";nie kontaktowano;OpenStreetMap (amenity=restaurant, node/5297635191);2026-10-10
Gastronomia;C;3;The deli Company;Valkenswaard;Van Bruhezedal 12 5551EW;;NIE ZNALEZIONO STRONY W DANYCH;;;;;;NIEUSTALONE (wymaga zdjęć lub wizji lokalnej);;;;;;Do sprawdzenia;strony nie ma w danych mapy (do sprawdzenia);"jeśli faktycznie brak: strona WWW; witryna/szyld, druk (menu, ulotki), odzież dla personelu (do sprawdzenia na miejscu)";nie kontaktowano;OpenStreetMap (amenity=restaurant, node/2829171135);2026-10-10
Gastronomia;C;3;The Food Corner;Eindhoven;van Kinsbergenstraat 1A 5612LK;;NIE ZNALEZIONO STRONY W DANYCH;;;;;;NIEUSTALONE (wymaga zdjęć lub wizji lokalnej);;;;;;Do sprawdzenia;strony nie ma w danych mapy (do sprawdzenia);"jeśli faktycznie brak: strona WWW; witryna/szyld, druk (menu, ulotki), odzież dla personelu (do sprawdzenia na miejscu)";nie kontaktowano;OpenStreetMap (amenity=fast_food, node/2777941381);2026-10-10
Gastronomia;C;3;The Gastro Club Someren;Someren;Wilhelminaplein 6 5711EK;https://gastroclub.nl/;OK;tak;tak;;WordPress;Facebook, Instagram;NIEUSTALONE (wymaga zdjęć lub wizji lokalnej);rekrutuje;;;;;Podstawy online OK;;"witryna/szyld, druk (menu, ulotki), odzież dla personelu (do sprawdzenia na miejscu); odzież/oklejenie dla nowych ludzi i aut";nie kontaktowano;OpenStreetMap (amenity=restaurant, node/2852582715);2026-10-10
Gastronomia;C;3;The Happiness Café;Eindhoven;Nieuwe Emmasingel 9 5611AM;https://www.thehappinesscafe.nl/;OK;tak;tak;;Wix;;NIEUSTALONE (wymaga zdjęć lub wizji lokalnej);;;;;;Częściowe braki;nie znaleziono social media na stronie;"materiały do social media; witryna/szyld, druk (menu, ulotki), odzież dla personelu (do sprawdzenia na miejscu)";nie kontaktowano;OpenStreetMap (amenity=cafe, node/12408207505);2026-10-10
Gastronomia;C;3;The Hub Eindhoven for Expats;Eindhoven;Vestdijk 25A 5611CA;;NIE ZNALEZIONO STRONY W DANYCH;;;;;;NIEUSTALONE (wymaga zdjęć lub wizji lokalnej);;;;;;Do sprawdzenia;strony nie ma w danych mapy (do sprawdzenia);"jeśli faktycznie brak: strona WWW; witryna/szyld, druk (menu, ulotki), odzież dla personelu (do sprawdzenia na miejscu)";nie kontaktowano;OpenStreetMap (amenity=pub, node/2765159239);2026-10-10
Gastronomia;C;3;The Jack;Eindhoven;Stratumseind 55 5611EP;;NIE ZNALEZIONO STRONY W DANYCH;;;;;;NIEUSTALONE (wymaga zdjęć lub wizji lokalnej);;;;;;Do sprawdzenia;strony nie ma w danych mapy (do sprawdzenia);"jeśli faktycznie brak: strona WWW; witryna/szyld, druk (menu, ulotki), odzież dla personelu (do sprawdzenia na miejscu)";nie kontaktowano;OpenStreetMap (amenity=pub, node/2765283097);2026-10-10
Gastronomia;C;3;The Little One Speakeasy Bar;Eindhoven;Jan van Lieshoutstraat 26 5611EE;;NIE ZNALEZIONO STRONY W DANYCH;;;;;;NIEUSTALONE (wymaga zdjęć lub wizji lokalnej);;;;;;Do sprawdzenia;strony nie ma w danych mapy (do sprawdzenia);"jeśli faktycznie brak: strona WWW; witryna/szyld, druk (menu, ulotki), odzież dla personelu (do sprawdzenia na miejscu)";nie kontaktowano;OpenStreetMap (amenity=bar, node/2765368403);2026-10-10
Gastronomia;C;3;The Longhorn;Oirschot;Eindhovensedijk 35 5688GN;https://www.longhorn.nl;OK;tak;tak;2026;WordPress;Facebook, Instagram;NIEUSTALONE (wymaga zdjęć lub wizji lokalnej);rekrutuje;;;;;Podstawy online OK;;"witryna/szyld, druk (menu, ulotki), odzież dla personelu (do sprawdzenia na miejscu); odzież/oklejenie dla nowych ludzi i aut";nie kontaktowano;OpenStreetMap (amenity=restaurant, node/666351593);2026-10-10
Gastronomia;C;3;The Ottoman;;;;NIE ZNALEZIONO STRONY W DANYCH;;;;;;NIEUSTALONE (wymaga zdjęć lub wizji lokalnej);;;;;;Do sprawdzenia;strony nie ma w danych mapy (do sprawdzenia);"jeśli faktycznie brak: strona WWW; witryna/szyld, druk (menu, ulotki), odzież dla personelu (do sprawdzenia na miejscu)";nie kontaktowano;OpenStreetMap (amenity=restaurant, node/1699874580);2026-10-10
Gastronomia;C;3;The Revellers;Eindhoven;Stratumseind 101 5611ER;;NIE ZNALEZIONO STRONY W DANYCH;;;;;;NIEUSTALONE (wymaga zdjęć lub wizji lokalnej);;;;;;Do sprawdzenia;strony nie ma w danych mapy (do sprawdzenia);"jeśli faktycznie brak: strona WWW; witryna/szyld, druk (menu, ulotki), odzież dla personelu (do sprawdzenia na miejscu)";nie kontaktowano;OpenStreetMap (amenity=bar, node/2765279683);2026-10-10
Gastronomia;C;3;The Roast Club;Eindhoven;Kleine Berg 83 5611JT;https://theroastclub.nl/;OK;tak;tak;2022;WordPress;Facebook, Instagram, TikTok;NIEUSTALONE (wymaga zdjęć lub wizji lokalnej);rekrutuje;;;;;Podstawy online OK;;"witryna/szyld, druk (menu, ulotki), odzież dla personelu (do sprawdzenia na miejscu); odzież/oklejenie dla nowych ludzi i aut";nie kontaktowano;OpenStreetMap (amenity=restaurant, node/2764378783);2026-10-10
Gastronomia;C;3;the WineBar;Helmond;Steenweg 13 5707CD;;NIE ZNALEZIONO STRONY W DANYCH;;;;;;NIEUSTALONE (wymaga zdjęć lub wizji lokalnej);;;;;;Do sprawdzenia;strony nie ma w danych mapy (do sprawdzenia);"jeśli faktycznie brak: strona WWW; witryna/szyld, druk (menu, ulotki), odzież dla personelu (do sprawdzenia na miejscu)";nie kontaktowano;OpenStreetMap (amenity=bar, node/2902885988);2026-10-10
Gastronomia;C;3;Theehuis 't Bakhuys;Boxtel;De Bocht 4 5281PE;;NIE ZNALEZIONO STRONY W DANYCH;;;;;;NIEUSTALONE (wymaga zdjęć lub wizji lokalnej);;;;;;Do sprawdzenia;strony nie ma w danych mapy (do sprawdzenia);"jeśli faktycznie brak: strona WWW; witryna/szyld, druk (menu, ulotki), odzież dla personelu (do sprawdzenia na miejscu)";nie kontaktowano;OpenStreetMap (amenity=cafe, node/2791946058);2026-10-10
Gastronomia;C;3;Theetuin De Reijt;;;;NIE ZNALEZIONO STRONY W DANYCH;;;;;;NIEUSTALONE (wymaga zdjęć lub wizji lokalnej);;;;;;Do sprawdzenia;strony nie ma w danych mapy (do sprawdzenia);"jeśli faktycznie brak: strona WWW; witryna/szyld, druk (menu, ulotki), odzież dla personelu (do sprawdzenia na miejscu)";nie kontaktowano;OpenStreetMap (amenity=cafe, node/4513444929);2026-10-10
Gastronomia;C;3;Thym;Eindhoven;Alberdingk Thijmlaan 18 5615EB;https://www.thym.nl;OK;tak;tak;;;Facebook, Instagram, LinkedIn;NIEUSTALONE (wymaga zdjęć lub wizji lokalnej);rekrutuje;;;;;Podstawy online OK;;"witryna/szyld, druk (menu, ulotki), odzież dla personelu (do sprawdzenia na miejscu); odzież/oklejenie dla nowych ludzi i aut";nie kontaktowano;OpenStreetMap (amenity=restaurant, node/1041149865);2026-10-10
Gastronomia;C;3;Time for Dinner Eindhoven;Eindhoven;Tongelresestraat 253-255 5642NA;https://www.timefordinnereindhoven.nl/;OK;tak;tak;;;;NIEUSTALONE (wymaga zdjęć lub wizji lokalnej);;;;;;Częściowe braki;nie znaleziono social media na stronie;"materiały do social media; witryna/szyld, druk (menu, ulotki), odzież dla personelu (do sprawdzenia na miejscu)";nie kontaktowano;OpenStreetMap (amenity=restaurant, node/525695763);2026-10-10
Gastronomia;C;3;Tiranga;Eindhoven;Geldropseweg 57 5611SC;https://www.tirangaeindhoven.nl;OK;tak;tak;;;;NIEUSTALONE (wymaga zdjęć lub wizji lokalnej);;;;;;Częściowe braki;nie znaleziono social media na stronie;"materiały do social media; witryna/szyld, druk (menu, ulotki), odzież dla personelu (do sprawdzenia na miejscu)";nie kontaktowano;OpenStreetMap (amenity=restaurant, node/2759646583);2026-10-10
Gastronomia;C;3;Today 040;Eindhoven;Frederik van Eedenplein 29 5611KT;https://today040.nl/;OK;tak;tak;2026;;;NIEUSTALONE (wymaga zdjęć lub wizji lokalnej);;;;;;Częściowe braki;nie znaleziono social media na stronie;"materiały do social media; witryna/szyld, druk (menu, ulotki), odzież dla personelu (do sprawdzenia na miejscu)";nie kontaktowano;OpenStreetMap (amenity=restaurant, node/4807321008);2026-10-10
Gastronomia;C;3;Toko 't Vogelnestje;Helmond;Markt 50 5701RL;;NIE ZNALEZIONO STRONY W DANYCH;;;;;;NIEUSTALONE (wymaga zdjęć lub wizji lokalnej);;;;;;Do sprawdzenia;strony nie ma w danych mapy (do sprawdzenia);"jeśli faktycznie brak: strona WWW; witryna/szyld, druk (menu, ulotki), odzież dla personelu (do sprawdzenia na miejscu)";nie kontaktowano;OpenStreetMap (amenity=restaurant, node/2903874279);2026-10-10
Gastronomia;C;3;Tony's Cafetaria;Vlierden;Vlierdenseweg 172 5756AC;;NIE ZNALEZIONO STRONY W DANYCH;;;;;Facebook;NIEUSTALONE (wymaga zdjęć lub wizji lokalnej);;;;;;Do sprawdzenia;strony nie ma w danych mapy (do sprawdzenia);"jeśli faktycznie brak: strona WWW; witryna/szyld, druk (menu, ulotki), odzież dla personelu (do sprawdzenia na miejscu)";nie kontaktowano;OpenStreetMap (amenity=fast_food, node/2853963432);2026-10-10
Gastronomia;C;3;Toohet;Helmond;Bakelsedijk 152 5703JE;;NIE ZNALEZIONO STRONY W DANYCH;;;;;;NIEUSTALONE (wymaga zdjęć lub wizji lokalnej);;;;;;Do sprawdzenia;strony nie ma w danych mapy (do sprawdzenia);"jeśli faktycznie brak: strona WWW; witryna/szyld, druk (menu, ulotki), odzież dla personelu (do sprawdzenia na miejscu)";nie kontaktowano;OpenStreetMap (amenity=fast_food, node/2903005451);2026-10-10
Gastronomia;C;3;Tortillas Eindhoven;Eindhoven;Dommelstraat 34 5611CL;https://www.tortillas.nl;OK;tak;tak;;WordPress;;NIEUSTALONE (wymaga zdjęć lub wizji lokalnej);;;;;;Częściowe braki;nie znaleziono social media na stronie;"materiały do social media; witryna/szyld, druk (menu, ulotki), odzież dla personelu (do sprawdzenia na miejscu)";nie kontaktowano;OpenStreetMap (amenity=restaurant, node/3446865836);2026-10-10
Gastronomia;C;3;Trefpunt P+R Meerhoven;Eindhoven;Noord Brabantlaan 301 5657GB;;NIE ZNALEZIONO STRONY W DANYCH;;;;;;NIEUSTALONE (wymaga zdjęć lub wizji lokalnej);;;;;;Do sprawdzenia;strony nie ma w danych mapy (do sprawdzenia);"jeśli faktycznie brak: strona WWW; witryna/szyld, druk (menu, ulotki), odzież dla personelu (do sprawdzenia na miejscu)";nie kontaktowano;OpenStreetMap (amenity=cafe, node/2092319964);2026-10-10
Gastronomia;C;3;Tribeca;Heeze;Jan Deckersstraat 7 5591HN;https://restaurant-tribeca.com;OK;tak;tak;;WordPress;Facebook, Instagram;NIEUSTALONE (wymaga zdjęć lub wizji lokalnej);rekrutuje;;;;;Podstawy online OK;;"witryna/szyld, druk (menu, ulotki), odzież dla personelu (do sprawdzenia na miejscu); odzież/oklejenie dla nowych ludzi i aut";nie kontaktowano;OpenStreetMap (amenity=restaurant, node/2829542836);2026-10-10
Gastronomia;C;3;Truck Inn Nobis;Asten;Nobisweg 3 5721VA;;NIE ZNALEZIONO STRONY W DANYCH;;;;;;NIEUSTALONE (wymaga zdjęć lub wizji lokalnej);;;;;;Do sprawdzenia;strony nie ma w danych mapy (do sprawdzenia);"jeśli faktycznie brak: strona WWW; witryna/szyld, druk (menu, ulotki), odzież dla personelu (do sprawdzenia na miejscu)";nie kontaktowano;OpenStreetMap (amenity=restaurant, node/692250195);2026-10-10
Gastronomia;C;3;Truckstop 8;Eindhoven;Het Schakelplein 30 5651GR;https://truckstop8.nl/restaurant/;OK;tak;tak;;WordPress;Facebook, LinkedIn, YouTube;NIEUSTALONE (wymaga zdjęć lub wizji lokalnej);rekrutuje;;;;;Podstawy online OK;;"witryna/szyld, druk (menu, ulotki), odzież dla personelu (do sprawdzenia na miejscu); odzież/oklejenie dla nowych ludzi i aut";nie kontaktowano;OpenStreetMap (amenity=fast_food, node/2737064863) + wyszukiwarka;2026-10-10
Gastronomia;C;3;Tweede Kamer;Eindhoven;Heuvel Galerie 208 5611DK;;NIE ZNALEZIONO STRONY W DANYCH;;;;;;NIEUSTALONE (wymaga zdjęć lub wizji lokalnej);;;;;;Do sprawdzenia;strony nie ma w danych mapy (do sprawdzenia);"jeśli faktycznie brak: strona WWW; witryna/szyld, druk (menu, ulotki), odzież dla personelu (do sprawdzenia na miejscu)";nie kontaktowano;OpenStreetMap (amenity=restaurant, node/2765368083);2026-10-10
Gastronomia;C;3;Tweede thuis;Nuenen;Berg 35 5671CA;;NIE ZNALEZIONO STRONY W DANYCH;;;;;;NIEUSTALONE (wymaga zdjęć lub wizji lokalnej);;;;;;Do sprawdzenia;strony nie ma w danych mapy (do sprawdzenia);"jeśli faktycznie brak: strona WWW; witryna/szyld, druk (menu, ulotki), odzież dla personelu (do sprawdzenia na miejscu)";nie kontaktowano;OpenStreetMap (amenity=restaurant, node/2993828355);2026-10-10
Gastronomia;C;3;Twins Sweet and Tasty;Eersel;Willibrorduslaan 59 5521KB;https://twinssweetandtasty.nl/;OK;tak;tak;2026;WordPress;Facebook, Instagram;NIEUSTALONE (wymaga zdjęć lub wizji lokalnej);nowa lokalizacja;;;;;Podstawy online OK;;"witryna/szyld, druk (menu, ulotki), odzież dla personelu (do sprawdzenia na miejscu); oznakowanie nowej lokalizacji / start marki";nie kontaktowano;OpenStreetMap (amenity=restaurant, node/2828644803);2026-10-10
Gastronomia;C;3;Two B;Eindhoven;Keizersgracht 9 5611GC;;NIE ZNALEZIONO STRONY W DANYCH;;;;;;NIEUSTALONE (wymaga zdjęć lub wizji lokalnej);;;;;;Do sprawdzenia;strony nie ma w danych mapy (do sprawdzenia);"jeśli faktycznie brak: strona WWW; witryna/szyld, druk (menu, ulotki), odzież dla personelu (do sprawdzenia na miejscu)";nie kontaktowano;OpenStreetMap (amenity=fast_food, node/2765369517);2026-10-10
Gastronomia;C;3;Two-B;Best;Koningin Julianaweg 19 5684VA;https://www.twobbymondie.nl;OK;tak;tak;2026;WordPress;Facebook, Instagram, TikTok;NIEUSTALONE (wymaga zdjęć lub wizji lokalnej);rekrutuje;;;;;Podstawy online OK;;"witryna/szyld, druk (menu, ulotki), odzież dla personelu (do sprawdzenia na miejscu); odzież/oklejenie dla nowych ludzi i aut";nie kontaktowano;OpenStreetMap (amenity=restaurant, node/3816436597) + wyszukiwarka;2026-10-10
Gastronomia;C;3;TWO-B Helmond;Helmond;Binnen Parallelweg 4 5701PH;;NIE ZNALEZIONO STRONY W DANYCH;;;;;;NIEUSTALONE (wymaga zdjęć lub wizji lokalnej);;;;;;Do sprawdzenia;strony nie ma w danych mapy (do sprawdzenia);"jeśli faktycznie brak: strona WWW; witryna/szyld, druk (menu, ulotki), odzież dla personelu (do sprawdzenia na miejscu)";nie kontaktowano;OpenStreetMap (amenity=fast_food, node/9164833794);2026-10-10
Gastronomia;C;3;Umami by Han;Eindhoven;Kleine Berg 57H 5611JT;https://umami-restaurant.com/nl/eindhoven/;OK;tak;tak;;WordPress;Facebook, Instagram;NIEUSTALONE (wymaga zdjęć lub wizji lokalnej);rekrutuje;;;;;Podstawy online OK;;"witryna/szyld, druk (menu, ulotki), odzież dla personelu (do sprawdzenia na miejscu); odzież/oklejenie dla nowych ludzi i aut";nie kontaktowano;OpenStreetMap (amenity=restaurant, node/4812293048);2026-10-10
Gastronomia;C;3;Unique;Eindhoven;Pastoor van Arsplein 2 5622CH;;NIE ZNALEZIONO STRONY W DANYCH;;;;;;NIEUSTALONE (wymaga zdjęć lub wizji lokalnej);;;;;;Do sprawdzenia;strony nie ma w danych mapy (do sprawdzenia);"jeśli faktycznie brak: strona WWW; witryna/szyld, druk (menu, ulotki), odzież dla personelu (do sprawdzenia na miejscu)";nie kontaktowano;OpenStreetMap (amenity=fast_food, node/2784006134);2026-10-10
Gastronomia;C;3;Valentino;Someren;Wilhelminaplein 32 5711EL;https://www.valentino-someren.nl/;OK;tak;tak;2026;Wix;Facebook;NIEUSTALONE (wymaga zdjęć lub wizji lokalnej);rekrutuje;;;;;Podstawy online OK;;"witryna/szyld, druk (menu, ulotki), odzież dla personelu (do sprawdzenia na miejscu); odzież/oklejenie dla nowych ludzi i aut";nie kontaktowano;OpenStreetMap (amenity=restaurant, node/610812347);2026-10-10
Gastronomia;C;3;Vandeijck;Riethoven;Dorpsplein 4 5561AV;;NIE ZNALEZIONO STRONY W DANYCH;;;;;;NIEUSTALONE (wymaga zdjęć lub wizji lokalnej);;;;;;Do sprawdzenia;strony nie ma w danych mapy (do sprawdzenia);"jeśli faktycznie brak: strona WWW; witryna/szyld, druk (menu, ulotki), odzież dla personelu (do sprawdzenia na miejscu)";nie kontaktowano;OpenStreetMap (amenity=bar, node/3064862033);2026-10-10
Gastronomia;C;3;Vane;Eindhoven;Vestdijk 5 5611CA;https://www.vane-eindhoven.nl/;OK;tak;tak;;;Facebook, Instagram;NIEUSTALONE (wymaga zdjęć lub wizji lokalnej);rekrutuje;;;;;Podstawy online OK;;"witryna/szyld, druk (menu, ulotki), odzież dla personelu (do sprawdzenia na miejscu); odzież/oklejenie dla nowych ludzi i aut";nie kontaktowano;OpenStreetMap (amenity=restaurant, node/9755233274) + wyszukiwarka;2026-10-10
Gastronomia;C;3;Veera;Eindhoven;Geldropseweg 8 5611SH;https://veera.nl;OK;tak;tak;;WordPress;Instagram;NIEUSTALONE (wymaga zdjęć lub wizji lokalnej);rekrutuje;;;;;Podstawy online OK;;"witryna/szyld, druk (menu, ulotki), odzież dla personelu (do sprawdzenia na miejscu); odzież/oklejenie dla nowych ludzi i aut";nie kontaktowano;OpenStreetMap (amenity=restaurant, node/2759558796);2026-10-10
Gastronomia;C;3;Velosoof;Eindhoven;St Antoniusstraat 7 5616RT;https://velosoof.com/;OK;tak;tak;;WordPress;Instagram, LinkedIn;NIEUSTALONE (wymaga zdjęć lub wizji lokalnej);rekrutuje;;;;;Podstawy online OK;;"witryna/szyld, druk (menu, ulotki), odzież dla personelu (do sprawdzenia na miejscu); odzież/oklejenie dla nowych ludzi i aut";nie kontaktowano;OpenStreetMap (amenity=fast_food, node/2754064297);2026-10-10
Gastronomia;C;3;Verona;Eindhoven;Kruisstraat 106 5612CL;;NIE ZNALEZIONO STRONY W DANYCH;;;;;;NIEUSTALONE (wymaga zdjęć lub wizji lokalnej);;;;;;Do sprawdzenia;strony nie ma w danych mapy (do sprawdzenia);"jeśli faktycznie brak: strona WWW; witryna/szyld, druk (menu, ulotki), odzież dla personelu (do sprawdzenia na miejscu)";nie kontaktowano;OpenStreetMap (amenity=cafe, node/1898876101);2026-10-10
Gastronomia;C;3;Versco;Veldhoven;Mariaplein 10 5503DA;;NIE ZNALEZIONO STRONY W DANYCH;;;;;;NIEUSTALONE (wymaga zdjęć lub wizji lokalnej);;;;;;Do sprawdzenia;strony nie ma w danych mapy (do sprawdzenia);"jeśli faktycznie brak: strona WWW; witryna/szyld, druk (menu, ulotki), odzież dla personelu (do sprawdzenia na miejscu)";nie kontaktowano;OpenStreetMap (amenity=fast_food, node/2833216773);2026-10-10
Gastronomia;C;3;VIC kitchen & bar;Eindhoven;Catharinaplein 17 5611DE;https://www.vickitchenbar.nl/;OK;tak;tak;2026;;Facebook, Instagram;NIEUSTALONE (wymaga zdjęć lub wizji lokalnej);rekrutuje;;;;;Podstawy online OK;;"witryna/szyld, druk (menu, ulotki), odzież dla personelu (do sprawdzenia na miejscu); odzież/oklejenie dla nowych ludzi i aut";nie kontaktowano;OpenStreetMap (amenity=restaurant, node/3446865827);2026-10-10
Gastronomia;C;3;Vicenza;Helmond;Nieuwveld 21 5702HW;;NIE ZNALEZIONO STRONY W DANYCH;;;;;;NIEUSTALONE (wymaga zdjęć lub wizji lokalnej);;;;;;Do sprawdzenia;strony nie ma w danych mapy (do sprawdzenia);"jeśli faktycznie brak: strona WWW; witryna/szyld, druk (menu, ulotki), odzież dla personelu (do sprawdzenia na miejscu)";nie kontaktowano;OpenStreetMap (amenity=restaurant, node/4327299734);2026-10-10
Gastronomia;C;3;Vietnamama;;;;NIE ZNALEZIONO STRONY W DANYCH;;;;;;NIEUSTALONE (wymaga zdjęć lub wizji lokalnej);;;;;;Do sprawdzenia;strony nie ma w danych mapy (do sprawdzenia);"jeśli faktycznie brak: strona WWW; witryna/szyld, druk (menu, ulotki), odzież dla personelu (do sprawdzenia na miejscu)";nie kontaktowano;OpenStreetMap (amenity=fast_food, node/9112896302);2026-10-10
Gastronomia;C;3;Villa Polder;Gemert;Heuvel 4 5421CN;https://villapolder.nl/;OK;tak;tak;;WordPress;Facebook, Instagram, LinkedIn, YouTube;NIEUSTALONE (wymaga zdjęć lub wizji lokalnej);rekrutuje;;;;;Podstawy online OK;;"witryna/szyld, druk (menu, ulotki), odzież dla personelu (do sprawdzenia na miejscu); odzież/oklejenie dla nowych ludzi i aut";nie kontaktowano;OpenStreetMap (amenity=restaurant, node/3005548426);2026-10-10
Gastronomia;C;3;Vino Victoria;Eindhoven;Victoriapark 15 5611BM;https://victoriavino.akeroh.nl;OK;tak;tak;;;;NIEUSTALONE (wymaga zdjęć lub wizji lokalnej);;;;;;Częściowe braki;nie znaleziono social media na stronie;"materiały do social media; witryna/szyld, druk (menu, ulotki), odzież dla personelu (do sprawdzenia na miejscu)";nie kontaktowano;OpenStreetMap (amenity=bar, node/4715684190);2026-10-10
Gastronomia;C;3;Vogelbuiten;;;;NIE ZNALEZIONO STRONY W DANYCH;;;;;;NIEUSTALONE (wymaga zdjęć lub wizji lokalnej);;;;;;Do sprawdzenia;strony nie ma w danych mapy (do sprawdzenia);"jeśli faktycznie brak: strona WWW; witryna/szyld, druk (menu, ulotki), odzież dla personelu (do sprawdzenia na miejscu)";nie kontaktowano;OpenStreetMap (amenity=cafe, node/1928945881);2026-10-10
Gastronomia;C;3;Volkslust;Eindhoven;Heuvel Galerie 120 5611DK;;NIE ZNALEZIONO STRONY W DANYCH;;;;;;NIEUSTALONE (wymaga zdjęć lub wizji lokalnej);;;;;;Do sprawdzenia;strony nie ma w danych mapy (do sprawdzenia);"jeśli faktycznie brak: strona WWW; witryna/szyld, druk (menu, ulotki), odzież dla personelu (do sprawdzenia na miejscu)";nie kontaktowano;OpenStreetMap (amenity=restaurant, node/2765367173);2026-10-10
Gastronomia;C;3;Vèssumse Hoeve;Vessem;Driehuizen 3 5512NA;https://vessumsehoeve.nl;OK;tak;tak;2024;WordPress;Facebook, Instagram;NIEUSTALONE (wymaga zdjęć lub wizji lokalnej);rekrutuje;;;;;Podstawy online OK;;"witryna/szyld, druk (menu, ulotki), odzież dla personelu (do sprawdzenia na miejscu); odzież/oklejenie dla nowych ludzi i aut";nie kontaktowano;OpenStreetMap (amenity=restaurant, node/2828468611);2026-10-10
Gastronomia;C;3;Wagyu Club;Eindhoven;Woenselse Markt 52 5612CS;;NIE ZNALEZIONO STRONY W DANYCH;;;;;;NIEUSTALONE (wymaga zdjęć lub wizji lokalnej);;;;;;Do sprawdzenia;strony nie ma w danych mapy (do sprawdzenia);"jeśli faktycznie brak: strona WWW; witryna/szyld, druk (menu, ulotki), odzież dla personelu (do sprawdzenia na miejscu)";nie kontaktowano;OpenStreetMap (amenity=restaurant, node/2778246480);2026-10-10
Gastronomia;C;3;Warszawa;;;;NIE ZNALEZIONO STRONY W DANYCH;;;;;;NIEUSTALONE (wymaga zdjęć lub wizji lokalnej);;;;;;Do sprawdzenia;strony nie ma w danych mapy (do sprawdzenia);"jeśli faktycznie brak: strona WWW; witryna/szyld, druk (menu, ulotki), odzież dla personelu (do sprawdzenia na miejscu)";nie kontaktowano;OpenStreetMap (amenity=bar, node/12741610006);2026-10-10
Gastronomia;C;3;Wasvenboerderij;;;https://wasven.nl;OK;tak;tak;;WordPress;Facebook, Instagram, LinkedIn;NIEUSTALONE (wymaga zdjęć lub wizji lokalnej);rekrutuje;;;;;Podstawy online OK;;"witryna/szyld, druk (menu, ulotki), odzież dla personelu (do sprawdzenia na miejscu); odzież/oklejenie dla nowych ludzi i aut";nie kontaktowano;OpenStreetMap (amenity=restaurant, node/2373740814) + wyszukiwarka;2026-10-10
Gastronomia;C;3;Watersport Cafe;;;;NIE ZNALEZIONO STRONY W DANYCH;;;;;;NIEUSTALONE (wymaga zdjęć lub wizji lokalnej);;;;;;Do sprawdzenia;strony nie ma w danych mapy (do sprawdzenia);"jeśli faktycznie brak: strona WWW; witryna/szyld, druk (menu, ulotki), odzież dla personelu (do sprawdzenia na miejscu)";nie kontaktowano;OpenStreetMap (amenity=cafe, node/676289345);2026-10-10
Gastronomia;C;3;Welkom Thuis;Helmond;Markt 24B 5701RK;https://welkomthuishelmond.nl/;OK;tak;tak;;WordPress;;NIEUSTALONE (wymaga zdjęć lub wizji lokalnej);;;;;;Częściowe braki;nie znaleziono social media na stronie;"materiały do social media; witryna/szyld, druk (menu, ulotki), odzież dla personelu (do sprawdzenia na miejscu)";nie kontaktowano;OpenStreetMap (amenity=restaurant, node/2903871167);2026-10-10
Gastronomia;C;3;Wereldrestaurant Mierlo;Mierlo;Marktstraat 79 5731HV;https://www.wereldrestaurantmierlo.nl/;OK;tak;tak;;;Facebook, Instagram;NIEUSTALONE (wymaga zdjęć lub wizji lokalnej);rekrutuje;;;;;Podstawy online OK;;"witryna/szyld, druk (menu, ulotki), odzież dla personelu (do sprawdzenia na miejscu); odzież/oklejenie dla nowych ludzi i aut";nie kontaktowano;OpenStreetMap (amenity=restaurant, node/2876570984);2026-10-10
Gastronomia;C;3;Wheely Bar;;;;NIE ZNALEZIONO STRONY W DANYCH;;;;;;NIEUSTALONE (wymaga zdjęć lub wizji lokalnej);;;;;;Do sprawdzenia;strony nie ma w danych mapy (do sprawdzenia);"jeśli faktycznie brak: strona WWW; witryna/szyld, druk (menu, ulotki), odzież dla personelu (do sprawdzenia na miejscu)";nie kontaktowano;OpenStreetMap (amenity=bar, node/5859231625);2026-10-10
Gastronomia;C;3;Wijkhuis 't Brandpunt;Helmond;Biezenlaan 29 5708ZD;;NIE ZNALEZIONO STRONY W DANYCH;;;;;;NIEUSTALONE (wymaga zdjęć lub wizji lokalnej);;;;;;Do sprawdzenia;strony nie ma w danych mapy (do sprawdzenia);"jeśli faktycznie brak: strona WWW; witryna/szyld, druk (menu, ulotki), odzież dla personelu (do sprawdzenia na miejscu)";nie kontaktowano;OpenStreetMap (amenity=pub, node/624279469);2026-10-10
Gastronomia;C;3;WijnCafe Prins Hendrik;Eindhoven;Wilhelminaplein 7 5611HE;;NIE ZNALEZIONO STRONY W DANYCH;;;;;Facebook;NIEUSTALONE (wymaga zdjęć lub wizji lokalnej);;;;;;Do sprawdzenia;strony nie ma w danych mapy (do sprawdzenia);"jeśli faktycznie brak: strona WWW; witryna/szyld, druk (menu, ulotki), odzież dla personelu (do sprawdzenia na miejscu)";nie kontaktowano;OpenStreetMap (amenity=bar, node/2764378210);2026-10-10
Gastronomia;C;3;Woensel wereld keuken;;;;NIE ZNALEZIONO STRONY W DANYCH;;;;;;NIEUSTALONE (wymaga zdjęć lub wizji lokalnej);;;;;;Do sprawdzenia;strony nie ma w danych mapy (do sprawdzenia);"jeśli faktycznie brak: strona WWW; witryna/szyld, druk (menu, ulotki), odzież dla personelu (do sprawdzenia na miejscu)";nie kontaktowano;OpenStreetMap (amenity=restaurant, node/9765284117);2026-10-10
Gastronomia;C;3;Woeste Burgers;;;;NIE ZNALEZIONO STRONY W DANYCH;;;;;;NIEUSTALONE (wymaga zdjęć lub wizji lokalnej);;;;;;Do sprawdzenia;strony nie ma w danych mapy (do sprawdzenia);"jeśli faktycznie brak: strona WWW; witryna/szyld, druk (menu, ulotki), odzież dla personelu (do sprawdzenia na miejscu)";nie kontaktowano;OpenStreetMap (amenity=fast_food, node/9112896309);2026-10-10
Gastronomia;C;3;Wok & Sushi & Thai;Veldhoven;Rapportstraat 8 5504BP;https://woksushithai.nl;OK;tak;tak;2026;Squarespace;;NIEUSTALONE (wymaga zdjęć lub wizji lokalnej);;;;;;Częściowe braki;nie znaleziono social media na stronie;"materiały do social media; witryna/szyld, druk (menu, ulotki), odzież dla personelu (do sprawdzenia na miejscu)";nie kontaktowano;OpenStreetMap (amenity=restaurant, node/2833148807);2026-10-10
Gastronomia;C;3;Wok 'n Go;Veldhoven;Meiveld 11 5501KA;;NIE ZNALEZIONO STRONY W DANYCH;;;;;;NIEUSTALONE (wymaga zdjęć lub wizji lokalnej);;;;;;Do sprawdzenia;strony nie ma w danych mapy (do sprawdzenia);"jeśli faktycznie brak: strona WWW; witryna/szyld, druk (menu, ulotki), odzież dla personelu (do sprawdzenia na miejscu)";nie kontaktowano;OpenStreetMap (amenity=restaurant, node/2833272619);2026-10-10
Gastronomia;C;3;World Kitchen by Shiran;Eindhoven;Stratumsedijk 23F 5611NA;;NIE ZNALEZIONO STRONY W DANYCH;;;;;;NIEUSTALONE (wymaga zdjęć lub wizji lokalnej);;;;;;Do sprawdzenia;strony nie ma w danych mapy (do sprawdzenia);"jeśli faktycznie brak: strona WWW; witryna/szyld, druk (menu, ulotki), odzież dla personelu (do sprawdzenia na miejscu)";nie kontaktowano;OpenStreetMap (amenity=restaurant, node/3579525479);2026-10-10
Gastronomia;C;3;Worldburger;Best;Nieuwstraat 71 5683KB;https://worldburger.nl/best;OK;tak;tak;2026;WordPress;Facebook, Instagram;NIEUSTALONE (wymaga zdjęć lub wizji lokalnej);rekrutuje;;;;;Podstawy online OK;;"witryna/szyld, druk (menu, ulotki), odzież dla personelu (do sprawdzenia na miejscu); odzież/oklejenie dla nowych ludzi i aut";nie kontaktowano;OpenStreetMap (amenity=fast_food, node/3490042388);2026-10-10
Gastronomia;C;3;Xu Noodle Bar;Eindhoven;Emmasingel 37 5611AZ;https://www.xunoodlebar.com;OK;tak;tak;;WordPress;;NIEUSTALONE (wymaga zdjęć lub wizji lokalnej);;;;;;Częściowe braki;nie znaleziono social media na stronie;"materiały do social media; witryna/szyld, druk (menu, ulotki), odzież dla personelu (do sprawdzenia na miejscu)";nie kontaktowano;OpenStreetMap (amenity=restaurant, node/2765448351);2026-10-10
Gastronomia;C;3;Yang Yang Sushi;Eindhoven;Wijnpeerstraat 19 5632ME;https://www.yangyangsushi.nl/;OK;tak;tak;2026;;;NIEUSTALONE (wymaga zdjęć lub wizji lokalnej);;;;;;Częściowe braki;nie znaleziono social media na stronie;"materiały do social media; witryna/szyld, druk (menu, ulotki), odzież dla personelu (do sprawdzenia na miejscu)";nie kontaktowano;OpenStreetMap (amenity=restaurant, node/2734156592);2026-10-10
Gastronomia;C;3;Yaya;Eersel;Hint 7b 5521AE;;NIE ZNALEZIONO STRONY W DANYCH;;;;;;NIEUSTALONE (wymaga zdjęć lub wizji lokalnej);;;;;;Do sprawdzenia;strony nie ma w danych mapy (do sprawdzenia);"jeśli faktycznie brak: strona WWW; witryna/szyld, druk (menu, ulotki), odzież dla personelu (do sprawdzenia na miejscu)";nie kontaktowano;OpenStreetMap (amenity=restaurant, node/2828645162);2026-10-10
Gastronomia;C;3;Yemeni Mandi;Eindhoven;Stratumsedijk 1A 5611NA;https://www.yemenimandi.nl;OK;tak;tak;2026;WordPress;Instagram, TikTok;NIEUSTALONE (wymaga zdjęć lub wizji lokalnej);sklep online;;;;;Podstawy online OK;;witryna/szyld, druk (menu, ulotki), odzież dla personelu (do sprawdzenia na miejscu);nie kontaktowano;OpenStreetMap (amenity=restaurant, node/2759556923);2026-10-10
Gastronomia;C;3;Yokohama;Eindhoven;Stationsplein 11 5611AB;;NIE ZNALEZIONO STRONY W DANYCH;;;;;;NIEUSTALONE (wymaga zdjęć lub wizji lokalnej);;;;;;Do sprawdzenia;strony nie ma w danych mapy (do sprawdzenia);"jeśli faktycznie brak: strona WWW; witryna/szyld, druk (menu, ulotki), odzież dla personelu (do sprawdzenia na miejscu)";nie kontaktowano;OpenStreetMap (amenity=restaurant, node/2765158642);2026-10-10
Gastronomia;C;3;Yunnan Food;Eindhoven;Strijpsestraat 81 5616GL;https://yunnan-food-eindhoven.nl;OK;tak;tak;2026;;;NIEUSTALONE (wymaga zdjęć lub wizji lokalnej);;;;;;Częściowe braki;nie znaleziono social media na stronie;"materiały do social media; witryna/szyld, druk (menu, ulotki), odzież dla personelu (do sprawdzenia na miejscu)";nie kontaktowano;OpenStreetMap (amenity=restaurant, node/2753884225);2026-10-10
Gastronomia;C;3;ZABZAB;Eindhoven;Leenderweg 42 5615AA;https://www.zabzab-eindhoven.nl/;OK;tak;tak;;;;NIEUSTALONE (wymaga zdjęć lub wizji lokalnej);;;;;;Częściowe braki;nie znaleziono social media na stronie;"materiały do social media; witryna/szyld, druk (menu, ulotki), odzież dla personelu (do sprawdzenia na miejscu)";nie kontaktowano;OpenStreetMap (amenity=restaurant, node/2758411137);2026-10-10
Gastronomia;C;3;Zien;Helmond;Markt 10 5701RK;https://www.zienetenendrinken.nl/;OK;tak;tak;;WordPress;Facebook, Instagram;NIEUSTALONE (wymaga zdjęć lub wizji lokalnej);rekrutuje;;;;;Podstawy online OK;;"witryna/szyld, druk (menu, ulotki), odzież dla personelu (do sprawdzenia na miejscu); odzież/oklejenie dla nowych ludzi i aut";nie kontaktowano;OpenStreetMap (amenity=restaurant, node/2903864915);2026-10-10
Gastronomia;C;3;Ziya's Taste;;;;NIE ZNALEZIONO STRONY W DANYCH;;;;;;NIEUSTALONE (wymaga zdjęć lub wizji lokalnej);;;;;;Do sprawdzenia;strony nie ma w danych mapy (do sprawdzenia);"jeśli faktycznie brak: strona WWW; witryna/szyld, druk (menu, ulotki), odzież dla personelu (do sprawdzenia na miejscu)";nie kontaktowano;OpenStreetMap (amenity=fast_food, node/9061737965);2026-10-10
Gastronomia;C;3;Zizo;Eindhoven;Kruisstraat 63 5612CD;;NIE ZNALEZIONO STRONY W DANYCH;;;;;Facebook;NIEUSTALONE (wymaga zdjęć lub wizji lokalnej);;;;;;Do sprawdzenia;strony nie ma w danych mapy (do sprawdzenia);"jeśli faktycznie brak: strona WWW; witryna/szyld, druk (menu, ulotki), odzież dla personelu (do sprawdzenia na miejscu)";nie kontaktowano;OpenStreetMap (amenity=restaurant, node/876479798);2026-10-10
Gastronomia;C;3;Zuid;;;;NIE ZNALEZIONO STRONY W DANYCH;;;;;;NIEUSTALONE (wymaga zdjęć lub wizji lokalnej);;;;;;Do sprawdzenia;strony nie ma w danych mapy (do sprawdzenia);"jeśli faktycznie brak: strona WWW; witryna/szyld, druk (menu, ulotki), odzież dla personelu (do sprawdzenia na miejscu)";nie kontaktowano;OpenStreetMap (amenity=restaurant, node/3579525484);2026-10-10
Gastronomia;C;3;愿茶 Moge Tee;Eindhoven;Jan van Lieshoutstraat 12A 5611EE;https://www.mogetee.nl/stores;OK;tak;tak;;Wix;Facebook, Instagram;NIEUSTALONE (wymaga zdjęć lub wizji lokalnej);nowa lokalizacja;;;;;Podstawy online OK;;"witryna/szyld, druk (menu, ulotki), odzież dla personelu (do sprawdzenia na miejscu); oznakowanie nowej lokalizacji / start marki";nie kontaktowano;OpenStreetMap (amenity=cafe, node/2765367212);2026-10-10
Gastronomia;C;2;'t Barrierke;Eindhoven;Waalstraat 4A 5626AT;https://www.barrierke.com/;OK;tak;tak;;;Facebook;NIEUSTALONE (wymaga zdjęć lub wizji lokalnej);;;;;;Podstawy online OK;;witryna/szyld, druk (menu, ulotki), odzież dla personelu (do sprawdzenia na miejscu);nie kontaktowano;OpenStreetMap (amenity=cafe, node/2749845515);2026-10-10
Gastronomia;C;2;'t Boothuiske;Eindhoven;Welschapsedijk 211 5657BA;https://www.boothuiske.nl/;NIEUSTALONE (brak połączenia z mojego środowiska);;;;;;NIEUSTALONE (wymaga zdjęć lub wizji lokalnej);;;;;;Nieustalone;;witryna/szyld, druk (menu, ulotki), odzież dla personelu (do sprawdzenia na miejscu);nie kontaktowano;OpenStreetMap (amenity=restaurant, node/2735252266);2026-10-10
Gastronomia;C;2;'t Kleijn Geluck;Son en Breugel;Raadhuisplein 20 5691AM;https://www.kleijngeluck.nl;OK;tak;tak;;WordPress;Facebook, Instagram;NIEUSTALONE (wymaga zdjęć lub wizji lokalnej);;;;;;Podstawy online OK;;witryna/szyld, druk (menu, ulotki), odzież dla personelu (do sprawdzenia na miejscu);nie kontaktowano;OpenStreetMap (amenity=restaurant, node/2792748048);2026-10-10
Gastronomia;C;2;'t Koffiehuisje;Eindhoven;de Jonghlaan 30 5616LB;https://koffiehuisjeeindhoven.nl;OK;tak;tak;;;Facebook, Instagram;NIEUSTALONE (wymaga zdjęć lub wizji lokalnej);;;;;;Podstawy online OK;;witryna/szyld, druk (menu, ulotki), odzież dla personelu (do sprawdzenia na miejscu);nie kontaktowano;OpenStreetMap (amenity=cafe, node/2329809551);2026-10-10
Gastronomia;C;2;'t Perron;Heeze;Schoolstraat 48 5591HM;https://www.tperron.nl/horeca;OK;tak;tak;;;Facebook;NIEUSTALONE (wymaga zdjęć lub wizji lokalnej);;;;;;Podstawy online OK;;witryna/szyld, druk (menu, ulotki), odzież dla personelu (do sprawdzenia na miejscu);nie kontaktowano;OpenStreetMap (amenity=restaurant, node/12999804018);2026-10-10
Gastronomia;C;2;'t Pleintje;Hapert;Kerkstraat 51 5527EE;http://www.cafe-pleintje.nl/;OK;tak;tak;;WordPress;Facebook, Instagram, TikTok;NIEUSTALONE (wymaga zdjęć lub wizji lokalnej);;;;;;Podstawy online OK;;witryna/szyld, druk (menu, ulotki), odzież dla personelu (do sprawdzenia na miejscu);nie kontaktowano;OpenStreetMap (amenity=bar, node/2827409002);2026-10-10
Gastronomia;C;2;'t Ridderhof;Gemert;Ridderplein 19 5421CW;https://www.ridderhof-gemert.nl/;NIEUSTALONE (brak połączenia z mojego środowiska);;;;;;NIEUSTALONE (wymaga zdjęć lub wizji lokalnej);;;;;;Nieustalone;;witryna/szyld, druk (menu, ulotki), odzież dla personelu (do sprawdzenia na miejscu);nie kontaktowano;OpenStreetMap (amenity=restaurant, node/3005542131);2026-10-10
Gastronomia;C;2;'t Rozenknopje;Eindhoven;Hoogstraat 59 5615PA;https://www.rozenknopje.nl/;OK;tak;tak;;Wix;Facebook, Instagram;NIEUSTALONE (wymaga zdjęć lub wizji lokalnej);;;;;;Podstawy online OK;;witryna/szyld, druk (menu, ulotki), odzież dla personelu (do sprawdzenia na miejscu);nie kontaktowano;OpenStreetMap (amenity=pub, node/2748519520);2026-10-10
Gastronomia;C;2;'t Sons Bakhuys;Son en Breugel;Nieuwstraat 22 5691AC;https://sonsbakhuys.jimdo.com/;NIEUSTALONE (brak połączenia z mojego środowiska);;;;;;NIEUSTALONE (wymaga zdjęć lub wizji lokalnej);;;;;;Nieustalone;;witryna/szyld, druk (menu, ulotki), odzież dla personelu (do sprawdzenia na miejscu);nie kontaktowano;OpenStreetMap (amenity=restaurant, node/2792748268);2026-10-10
Gastronomia;C;2;'t Stuupke;Veldhoven;Blaarthemseweg 9 5502JR;https://www.stuupke.nl/;OK;tak;tak;;WordPress;Facebook;NIEUSTALONE (wymaga zdjęć lub wizji lokalnej);;;;;;Podstawy online OK;;witryna/szyld, druk (menu, ulotki), odzież dla personelu (do sprawdzenia na miejscu);nie kontaktowano;OpenStreetMap (amenity=pub, node/2833326928);2026-10-10
Gastronomia;C;2;'t Zoomke;Oost West en Middelbeers;Kuikseindseweg 31B 5091TC;https://www.zoomke.nl/HOME/;NIEUSTALONE (brak połączenia z mojego środowiska);;;;;;NIEUSTALONE (wymaga zdjęć lub wizji lokalnej);;;;;;Nieustalone;;witryna/szyld, druk (menu, ulotki), odzież dla personelu (do sprawdzenia na miejscu);nie kontaktowano;OpenStreetMap (amenity=cafe, node/2825959488);2026-10-10
Gastronomia;C;2;'t Zunneke;Someren;Postelstraat 44 5711EN;https://www.zunneke.nl/;OK;tak;tak;2026;WordPress;Facebook, Instagram;NIEUSTALONE (wymaga zdjęć lub wizji lokalnej);;;;;;Podstawy online OK;;witryna/szyld, druk (menu, ulotki), odzież dla personelu (do sprawdzenia na miejscu);nie kontaktowano;OpenStreetMap (amenity=restaurant, node/2852580724);2026-10-10
Gastronomia;C;2;Al Malek;Eindhoven;Kruisstraat 47D 5612CC;https://menux.app/almalek-restaurant-8211-mtam-almlk/;NIEUSTALONE (blokada robotów);;;;;;NIEUSTALONE (wymaga zdjęć lub wizji lokalnej);;;;;;Nieustalone;;witryna/szyld, druk (menu, ulotki), odzież dla personelu (do sprawdzenia na miejscu);nie kontaktowano;OpenStreetMap (amenity=fast_food, node/5910134935);2026-10-10
Gastronomia;C;2;Al Vesuvio;Gemert;Binderseind 24 5421CJ;https://www.alvesuvio.nl/;OK;tak;tak;2023;WordPress;Facebook;NIEUSTALONE (wymaga zdjęć lub wizji lokalnej);;;;;;Podstawy online OK;;witryna/szyld, druk (menu, ulotki), odzież dla personelu (do sprawdzenia na miejscu);nie kontaktowano;OpenStreetMap (amenity=restaurant, node/3005543818);2026-10-10
Gastronomia;C;2;Antep Kebap Salonu;;;http://www.antepkebap.nl/;NIEUSTALONE (brak połączenia z mojego środowiska);;;;;;NIEUSTALONE (wymaga zdjęć lub wizji lokalnej);;;;;;Nieustalone;;witryna/szyld, druk (menu, ulotki), odzież dla personelu (do sprawdzenia na miejscu);nie kontaktowano;OpenStreetMap (amenity=fast_food, node/1898876140);2026-10-10
Gastronomia;C;2;Antonio's;Eindhoven;Dommelstraat 16 5611CK;https://antonios.nl;OK;tak;tak;;WordPress;Facebook, Instagram;NIEUSTALONE (wymaga zdjęć lub wizji lokalnej);;;;;;Podstawy online OK;;witryna/szyld, druk (menu, ulotki), odzież dla personelu (do sprawdzenia na miejscu);nie kontaktowano;OpenStreetMap (amenity=restaurant, node/3446864518);2026-10-10
Gastronomia;C;2;Arif;Eindhoven;Edisonstraat 146 5621HT;https://cafetaria-arif.nl;OK;tak;tak;2026;;Facebook, Instagram;NIEUSTALONE (wymaga zdjęć lub wizji lokalnej);;;;;;Podstawy online OK;;witryna/szyld, druk (menu, ulotki), odzież dla personelu (do sprawdzenia na miejscu);nie kontaktowano;OpenStreetMap (amenity=fast_food, node/2780309661);2026-10-10
Gastronomia;C;2;Aslan;Gemert;Heuvel 18 5421CN;https://www.aslan-gemert.nl/;OK;tak;tak;2026;WordPress;Facebook, YouTube;NIEUSTALONE (wymaga zdjęć lub wizji lokalnej);;;;;;Podstawy online OK;;witryna/szyld, druk (menu, ulotki), odzież dla personelu (do sprawdzenia na miejscu);nie kontaktowano;OpenStreetMap (amenity=fast_food, node/3005541990);2026-10-10
Gastronomia;C;2;Asmara;Eindhoven;Grote Berg 47 5611KH;https://asmara-eindhoven.nl/;OK;tak;tak;;;Facebook, Instagram, YouTube;NIEUSTALONE (wymaga zdjęć lub wizji lokalnej);;;;;;Podstawy online OK;;witryna/szyld, druk (menu, ulotki), odzież dla personelu (do sprawdzenia na miejscu);nie kontaktowano;OpenStreetMap (amenity=restaurant, node/2764286307);2026-10-10
Gastronomia;C;2;Aspendos;Helmond;Overloop 46A 5704EL;https://www.aspendoshelmond.nl;OK;tak;tak;2026;;Facebook;NIEUSTALONE (wymaga zdjęć lub wizji lokalnej);;;;;;Podstawy online OK;;witryna/szyld, druk (menu, ulotki), odzież dla personelu (do sprawdzenia na miejscu);nie kontaktowano;OpenStreetMap (amenity=fast_food, node/7636152583);2026-10-10
Gastronomia;C;2;Azie Geldrop;Geldrop;Heuvel 15 5664HK;https://www.azie-geldrop.nl/;NIEUSTALONE (brak połączenia z mojego środowiska);;;;;;NIEUSTALONE (wymaga zdjęć lub wizji lokalnej);;;;;;Nieustalone;;witryna/szyld, druk (menu, ulotki), odzież dla personelu (do sprawdzenia na miejscu);nie kontaktowano;OpenStreetMap (amenity=restaurant, node/2872354064);2026-10-10
Gastronomia;C;2;Bali;Eindhoven;Keizersgracht 13 5611GC;https://www.bali-eindhoven.nl;OK;tak;tak;2022;WordPress;Instagram, TikTok;NIEUSTALONE (wymaga zdjęć lub wizji lokalnej);;;;;;Podstawy online OK;;witryna/szyld, druk (menu, ulotki), odzież dla personelu (do sprawdzenia na miejscu);nie kontaktowano;OpenStreetMap (amenity=restaurant, node/5297635199);2026-10-10
Gastronomia;C;2;Bastani;Eindhoven;De Stadspoort 2 5611GZ;https://www.bastani.nl/;NIEUSTALONE (blokada robotów);;;;;;NIEUSTALONE (wymaga zdjęć lub wizji lokalnej);;;;;;Nieustalone;;witryna/szyld, druk (menu, ulotki), odzież dla personelu (do sprawdzenia na miejscu);nie kontaktowano;OpenStreetMap (amenity=ice_cream, node/674694560);2026-10-10
Gastronomia;C;2;Bastille;Best;Oirschotseweg 1 5684NE;https://www.restaurantbastille.nl;NIEUSTALONE (brak połączenia z mojego środowiska);;;;;;NIEUSTALONE (wymaga zdjęć lub wizji lokalnej);;;;;;Nieustalone;;witryna/szyld, druk (menu, ulotki), odzież dla personelu (do sprawdzenia na miejscu);nie kontaktowano;OpenStreetMap (amenity=restaurant, node/2724048874);2026-10-10
Gastronomia;C;2;Bent;Oisterwijk;Vennelaan 2-1 5062SR;https://hotelbent.com/;OK;tak;tak;;WordPress;Facebook, Instagram;NIEUSTALONE (wymaga zdjęć lub wizji lokalnej);;;;;;Podstawy online OK;;witryna/szyld, druk (menu, ulotki), odzież dla personelu (do sprawdzenia na miejscu);nie kontaktowano;OpenStreetMap (amenity=restaurant, node/11134981135);2026-10-10
Gastronomia;C;2;Bes & Boon;Eindhoven;Ouverture 224 5629PX;https://besenboon.nl/;OK;tak;tak;;WordPress;Facebook, Instagram, TikTok;NIEUSTALONE (wymaga zdjęć lub wizji lokalnej);;;;;;Podstawy online OK;;witryna/szyld, druk (menu, ulotki), odzież dla personelu (do sprawdzenia na miejscu);nie kontaktowano;OpenStreetMap (amenity=cafe, node/2739551309);2026-10-10
Gastronomia;C;2;Bibliotheekcafé;Eindhoven;Emmasingel 22 5611AZ;https://www.bibliotheekeindhoven.nl/bibliotheekcafe.html;NIEUSTALONE (blokada robotów);;;;;;NIEUSTALONE (wymaga zdjęć lub wizji lokalnej);;;;;;Nieustalone;;witryna/szyld, druk (menu, ulotki), odzież dla personelu (do sprawdzenia na miejscu);nie kontaktowano;OpenStreetMap (amenity=cafe, node/2610172138);2026-10-10
Gastronomia;C;2;Biercafé Buurman;;;https://www.biercafebuurman.nl/;OK;tak;tak;;;Facebook;NIEUSTALONE (wymaga zdjęć lub wizji lokalnej);;;;;;Podstawy online OK;;witryna/szyld, druk (menu, ulotki), odzież dla personelu (do sprawdzenia na miejscu);nie kontaktowano;OpenStreetMap (amenity=pub, node/5859231641);2026-10-10
Gastronomia;C;2;Big Bread Kitchen;Son en Breugel;Raadhuisplein 30 5691AM;https://www.bigbreadkitchen.nl/;OK;tak;tak;;WordPress;Facebook, Instagram, LinkedIn, TikTok;NIEUSTALONE (wymaga zdjęć lub wizji lokalnej);;;;;;Podstawy online OK;;witryna/szyld, druk (menu, ulotki), odzież dla personelu (do sprawdzenia na miejscu);nie kontaktowano;OpenStreetMap (amenity=fast_food, node/2792749263);2026-10-10
Gastronomia;C;2;Bij de Buren;Heusden;Vorstermansplein 1 5725AM;https://www.burenvanheusden.nl/;OK;tak;tak;;Wix;Facebook, Instagram;NIEUSTALONE (wymaga zdjęć lub wizji lokalnej);;;;;;Podstawy online OK;;witryna/szyld, druk (menu, ulotki), odzież dla personelu (do sprawdzenia na miejscu);nie kontaktowano;OpenStreetMap (amenity=restaurant, node/2852813406);2026-10-10
Gastronomia;C;2;Bistro Sophie;Eindhoven;Wilhelminaplein 14 5611HE;https://www.bistrosophie.nl/;NIEUSTALONE (brak połączenia z mojego środowiska);;;;;;NIEUSTALONE (wymaga zdjęć lub wizji lokalnej);;;;;;Nieustalone;;witryna/szyld, druk (menu, ulotki), odzież dla personelu (do sprawdzenia na miejscu);nie kontaktowano;OpenStreetMap (amenity=restaurant, node/2764372935);2026-10-10
Gastronomia;C;2;Bistrobar Hugo's;Sint-Oedenrode;Borchgrave 1 5492AT;https://www.bistrobarhugos.nl;OK;tak;tak;;;Facebook, Instagram;NIEUSTALONE (wymaga zdjęć lub wizji lokalnej);;;;;;Podstawy online OK;;witryna/szyld, druk (menu, ulotki), odzież dla personelu (do sprawdzenia na miejscu);nie kontaktowano;OpenStreetMap (amenity=restaurant, node/4696042860);2026-10-10
Gastronomia;C;2;blok63-s;Eindhoven;Philitelaan 63S 5617AL;https://blok63-s.nl/;OK;tak;tak;2026;WordPress;Facebook;NIEUSTALONE (wymaga zdjęć lub wizji lokalnej);;;;;;Podstawy online OK;;witryna/szyld, druk (menu, ulotki), odzież dla personelu (do sprawdzenia na miejscu);nie kontaktowano;OpenStreetMap (amenity=restaurant, node/6208179870);2026-10-10
Gastronomia;C;2;Bommel;Eindhoven;Kleine Berg 32 5611JV;https://www.bommeleindhoven.nl;OK;tak;tak;;;Facebook, Instagram;NIEUSTALONE (wymaga zdjęć lub wizji lokalnej);;;;;;Podstawy online OK;;witryna/szyld, druk (menu, ulotki), odzież dla personelu (do sprawdzenia na miejscu);nie kontaktowano;OpenStreetMap (amenity=cafe, node/1886079699);2026-10-10
Gastronomia;C;2;Brabantsche Dokus;Geldrop;Gijzenrooi 7 5661PA;https://www.brabantschedokus.nl/;OK;tak;tak;2026;;Facebook, Instagram;NIEUSTALONE (wymaga zdjęć lub wizji lokalnej);;;;;;Podstawy online OK;;witryna/szyld, druk (menu, ulotki), odzież dla personelu (do sprawdzenia na miejscu);nie kontaktowano;OpenStreetMap (amenity=cafe, node/2871077855);2026-10-10
Gastronomia;C;2;Brandevoortse Hoeve;Helmond;Medevoort 23 5707DD;https://www.debrandevoortsehoeve.nl;OK;tak;tak;2026;;Facebook, Instagram;NIEUSTALONE (wymaga zdjęć lub wizji lokalnej);;;;;;Podstawy online OK;;witryna/szyld, druk (menu, ulotki), odzież dla personelu (do sprawdzenia na miejscu);nie kontaktowano;OpenStreetMap (amenity=restaurant, node/2901804647);2026-10-10
Gastronomia;C;2;Brasserie 't Stationskoffiehuis;Waalre;Willibrorduslaan 137a 5581GD;https://stations-koffiehuis.nl;OK;tak;tak;;WordPress;Facebook;NIEUSTALONE (wymaga zdjęć lub wizji lokalnej);;;;;;Podstawy online OK;;witryna/szyld, druk (menu, ulotki), odzież dla personelu (do sprawdzenia na miejscu);nie kontaktowano;OpenStreetMap (amenity=restaurant, node/2930059364);2026-10-10
Gastronomia;C;2;Brasserie Bellevue;Eindhoven;Kleine Berg 45 5611JS;https://brasseriebellevue.nl;OK;tak;tak;2026;WordPress;Facebook, Instagram, LinkedIn;NIEUSTALONE (wymaga zdjęć lub wizji lokalnej);;;;;;Podstawy online OK;;witryna/szyld, druk (menu, ulotki), odzież dla personelu (do sprawdzenia na miejscu);nie kontaktowano;OpenStreetMap (amenity=restaurant, node/2764376660);2026-10-10
Gastronomia;C;2;Brasserie de Beleving;Sint-Oedenrode;Hertog Hendrikstraat 6 5492BB;https://debeleving.nl;OK;tak;tak;;;Facebook, Instagram;NIEUSTALONE (wymaga zdjęć lub wizji lokalnej);;;;;;Podstawy online OK;;witryna/szyld, druk (menu, ulotki), odzież dla personelu (do sprawdzenia na miejscu);nie kontaktowano;OpenStreetMap (amenity=restaurant, node/2796131304);2026-10-10
Gastronomia;C;2;Brasserie Gezellig;Leende;Langstraat 8 5595AA;https://www.brasseriegezellig.nl/;OK;tak;tak;2026;;Facebook;NIEUSTALONE (wymaga zdjęć lub wizji lokalnej);;;;;;Podstawy online OK;;witryna/szyld, druk (menu, ulotki), odzież dla personelu (do sprawdzenia na miejscu);nie kontaktowano;OpenStreetMap (amenity=pub, node/2829419284);2026-10-10
Gastronomia;C;2;Brasserie Hoom;Waalre;Den Hof 98 5582JZ;https://www.brasseriehoom.nl;OK;tak;tak;2026;;Facebook, Instagram, TikTok;NIEUSTALONE (wymaga zdjęć lub wizji lokalnej);;;;;;Podstawy online OK;;witryna/szyld, druk (menu, ulotki), odzież dla personelu (do sprawdzenia na miejscu);nie kontaktowano;OpenStreetMap (amenity=restaurant, node/2929832758);2026-10-10
Gastronomia;C;2;Brasserie Ludiek;Veldhoven;Meent 36 5501JK;https://www.brasserieludiek.nl;OK;tak;tak;;WordPress;Facebook, Instagram;NIEUSTALONE (wymaga zdjęć lub wizji lokalnej);;;;;;Podstawy online OK;;witryna/szyld, druk (menu, ulotki), odzież dla personelu (do sprawdzenia na miejscu);nie kontaktowano;OpenStreetMap (amenity=restaurant, node/2833275253);2026-10-10
Gastronomia;C;2;Brasserie Poort van Brabant;Hapert;Oude Provincialeweg 82 5527BR;https://www.poort-van-brabant.nl/;OK;tak;tak;;WordPress;Facebook, Instagram, LinkedIn;NIEUSTALONE (wymaga zdjęć lub wizji lokalnej);;;;;;Podstawy online OK;;witryna/szyld, druk (menu, ulotki), odzież dla personelu (do sprawdzenia na miejscu);nie kontaktowano;OpenStreetMap (amenity=restaurant, node/2827411263);2026-10-10
Gastronomia;C;2;Brasserie Rita;Eindhoven;Kanaalstraat 4 5611CT;https://brasserierita.nl;NIEUSTALONE (brak połączenia z mojego środowiska);;;;;;NIEUSTALONE (wymaga zdjęć lub wizji lokalnej);;;;;;Nieustalone;;witryna/szyld, druk (menu, ulotki), odzież dla personelu (do sprawdzenia na miejscu);nie kontaktowano;OpenStreetMap (amenity=restaurant, node/7332997819);2026-10-10
Gastronomia;C;2;Brasserie Rubenshof;Helmond;Steenweg 1 5707CD;https://west-ende.goldentulip.com/en-us/hotel-restaurants/;NIEUSTALONE (blokada robotów);;;;;;NIEUSTALONE (wymaga zdjęć lub wizji lokalnej);;;;;;Nieustalone;;witryna/szyld, druk (menu, ulotki), odzież dla personelu (do sprawdzenia na miejscu);nie kontaktowano;OpenStreetMap (amenity=restaurant, node/2902877969);2026-10-10
Gastronomia;C;2;Brasserie Wijnen;Bladel;Sniederslaan 51C 5531EH;https://brasseriewijnen.nl/;OK;tak;tak;;WordPress;Facebook, Instagram;NIEUSTALONE (wymaga zdjęć lub wizji lokalnej);;;;;;Podstawy online OK;;witryna/szyld, druk (menu, ulotki), odzież dla personelu (do sprawdzenia na miejscu);nie kontaktowano;OpenStreetMap (amenity=restaurant, node/2827067576);2026-10-10
Gastronomia;C;2;Brasserie/Café de Kruik;Nuenen;Hoekstraat 52 5674NP;https://www.brasseriedekruik.nl;NIEUSTALONE (blokada robotów);;;;;;NIEUSTALONE (wymaga zdjęć lub wizji lokalnej);;;;;;Nieustalone;;witryna/szyld, druk (menu, ulotki), odzież dla personelu (do sprawdzenia na miejscu);nie kontaktowano;OpenStreetMap (amenity=restaurant, node/2994519370);2026-10-10
Gastronomia;C;2;Broodje Smits;Eindhoven;Wilhelminaplein 4 5611HE;https://www.broodjesmits.nl;OK;tak;tak;2026;;Instagram;NIEUSTALONE (wymaga zdjęć lub wizji lokalnej);;;;;;Podstawy online OK;;witryna/szyld, druk (menu, ulotki), odzież dla personelu (do sprawdzenia na miejscu);nie kontaktowano;OpenStreetMap (amenity=cafe, node/5491931145);2026-10-10
Gastronomia;C;2;Brouwershuis;Leende;Oostrikkerdijk 1 5595XC;https://brouwershuisleende.nl/;OK;tak;tak;2026;WordPress;Facebook, Instagram;NIEUSTALONE (wymaga zdjęć lub wizji lokalnej);;;;;;Podstawy online OK;;witryna/szyld, druk (menu, ulotki), odzież dla personelu (do sprawdzenia na miejscu);nie kontaktowano;OpenStreetMap (amenity=restaurant, node/2340217731);2026-10-10
Gastronomia;C;2;Bruisend;Mierlo;Brugstraat 23 5731HE;https://brasseriebruisend.nl/;NIEUSTALONE (brak połączenia z mojego środowiska);;;;;;NIEUSTALONE (wymaga zdjęć lub wizji lokalnej);;;;;;Nieustalone;;witryna/szyld, druk (menu, ulotki), odzież dla personelu (do sprawdzenia na miejscu);nie kontaktowano;OpenStreetMap (amenity=restaurant, node/2876571406);2026-10-10
Gastronomia;C;2;Cafe Zaal De Herberg;Geldrop;Hoog Geldrop 129 5663BD;https://de-herberg.eu/;NIEUSTALONE (brak połączenia z mojego środowiska);;;;;;NIEUSTALONE (wymaga zdjęć lub wizji lokalnej);;;;;;Nieustalone;;witryna/szyld, druk (menu, ulotki), odzież dla personelu (do sprawdzenia na miejscu);nie kontaktowano;OpenStreetMap (amenity=pub, node/2871430883);2026-10-10
Gastronomia;C;2;Cafetaria Grill Aboe;Eindhoven;Stratumseind 39 5611EP;https://www.cafetaria-grill-aboe.nl/;OK;tak;tak;2026;;Facebook;NIEUSTALONE (wymaga zdjęć lub wizji lokalnej);;;;;;Podstawy online OK;;witryna/szyld, druk (menu, ulotki), odzież dla personelu (do sprawdzenia na miejscu);nie kontaktowano;OpenStreetMap (amenity=fast_food, node/2765282360);2026-10-10
Gastronomia;C;2;Cafetaria Smulhoek;Best;Koningin Julianaweg-Zuid 2 5684VR;https://www.cafetariasmulhoekbest.nl/;NIEUSTALONE (brak połączenia z mojego środowiska);;;;;;NIEUSTALONE (wymaga zdjęć lub wizji lokalnej);;;;;;Nieustalone;;witryna/szyld, druk (menu, ulotki), odzież dla personelu (do sprawdzenia na miejscu);nie kontaktowano;OpenStreetMap (amenity=fast_food, node/2736328458);2026-10-10
Gastronomia;C;2;Cafetaria Spierings;Son en Breugel;Nieuwstraat 17 5691AA;https://cafetariaspierings.eatbu.com/;OK;tak;tak;;;Facebook;NIEUSTALONE (wymaga zdjęć lub wizji lokalnej);;;;;;Podstawy online OK;;witryna/szyld, druk (menu, ulotki), odzież dla personelu (do sprawdzenia na miejscu);nie kontaktowano;OpenStreetMap (amenity=fast_food, node/2792747371);2026-10-10
Gastronomia;C;2;Cafetaria Vierrijk;Eindhoven;Meerplein 135 5658LL;https://www.vierrijk.nl/;OK;tak;tak;;;Facebook;NIEUSTALONE (wymaga zdjęć lub wizji lokalnej);;;;;;Podstawy online OK;;witryna/szyld, druk (menu, ulotki), odzież dla personelu (do sprawdzenia na miejscu);nie kontaktowano;OpenStreetMap (amenity=fast_food, node/2729760030);2026-10-10
Gastronomia;C;2;Cafetaria Wouters;Veldhoven;Lange Kruisweg 68 5503RB;https://www.restariawouters.nl/;OK;tak;tak;2026;;Facebook, Instagram;NIEUSTALONE (wymaga zdjęć lub wizji lokalnej);;;;;;Podstawy online OK;;witryna/szyld, druk (menu, ulotki), odzież dla personelu (do sprawdzenia na miejscu);nie kontaktowano;OpenStreetMap (amenity=fast_food, node/2832700849);2026-10-10
Gastronomia;C;2;Cafetaria-Eethuis De Donck;Beek en Donk;Piet van Thielplein 56 5741CP;https://www.dedonck.nl;NIEUSTALONE (brak połączenia z mojego środowiska);;;;;;NIEUSTALONE (wymaga zdjęć lub wizji lokalnej);;;;;;Nieustalone;;witryna/szyld, druk (menu, ulotki), odzież dla personelu (do sprawdzenia na miejscu);nie kontaktowano;OpenStreetMap (amenity=restaurant, node/2899182233);2026-10-10
Gastronomia;C;2;Cafeteria de Smuller;Bakel;Van de Poelstraat 7 5761BW;https://www.desmullerbakel.nl/;OK;tak;tak;;;Facebook, Instagram;NIEUSTALONE (wymaga zdjęć lub wizji lokalnej);;;;;;Podstawy online OK;;witryna/szyld, druk (menu, ulotki), odzież dla personelu (do sprawdzenia na miejscu);nie kontaktowano;OpenStreetMap (amenity=fast_food, node/3014848433);2026-10-10
Gastronomia;C;2;café 't Moest;Eindhoven;Hoogstraat 109 5615PB;https://cafehetmoest.nl;OK;tak;tak;2026;WordPress;Facebook;NIEUSTALONE (wymaga zdjęć lub wizji lokalnej);;;;;;Podstawy online OK;;witryna/szyld, druk (menu, ulotki), odzież dla personelu (do sprawdzenia na miejscu);nie kontaktowano;OpenStreetMap (amenity=pub, node/2748516854);2026-10-10
Gastronomia;C;2;Café Ons Dorp;Nuenen;Parkstraat 1 5671GD;https://cafeonsdorp.nl;OK;tak;tak;2026;WordPress;Facebook, Instagram;NIEUSTALONE (wymaga zdjęć lub wizji lokalnej);;;;;;Podstawy online OK;;witryna/szyld, druk (menu, ulotki), odzież dla personelu (do sprawdzenia na miejscu);nie kontaktowano;OpenStreetMap (amenity=cafe, node/45077101);2026-10-10
Gastronomia;C;2;Café René;Nuenen;Parkstraat 3 5671GD;https://caferene-nuenen.nl;NIEUSTALONE (brak połączenia z mojego środowiska);;;;;;NIEUSTALONE (wymaga zdjęć lub wizji lokalnej);;;;;;Nieustalone;;witryna/szyld, druk (menu, ulotki), odzież dla personelu (do sprawdzenia na miejscu);nie kontaktowano;OpenStreetMap (amenity=cafe, node/111318478);2026-10-10
Gastronomia;C;2;Café Toff;Asten;Prins Bernhardstraat 21a 5721GA;https://cafetoff.nl/;OK;tak;tak;;WordPress;Facebook;NIEUSTALONE (wymaga zdjęć lub wizji lokalnej);;;;;;Podstawy online OK;;witryna/szyld, druk (menu, ulotki), odzież dla personelu (do sprawdzenia na miejscu);nie kontaktowano;OpenStreetMap (amenity=pub, node/2872186557);2026-10-10
Gastronomia;C;2;Café Wilhelmina;Eindhoven;Wilhelminaplein 6 5611HE;https://www.cafewilhelmina.nl;OK;tak;tak;;Wix;Facebook, Instagram, LinkedIn;NIEUSTALONE (wymaga zdjęć lub wizji lokalnej);;;;;;Podstawy online OK;;witryna/szyld, druk (menu, ulotki), odzież dla personelu (do sprawdzenia na miejscu);nie kontaktowano;OpenStreetMap (amenity=cafe, node/5491931237);2026-10-10
Gastronomia;C;2;Cappadocia;Helmond;de Plaetse 165B 5708ZK;https://cappadociabrandevoort.nl;OK;tak;tak;;;Facebook;NIEUSTALONE (wymaga zdjęć lub wizji lokalnej);;;;;;Podstawy online OK;;witryna/szyld, druk (menu, ulotki), odzież dla personelu (do sprawdzenia na miejscu);nie kontaktowano;OpenStreetMap (amenity=restaurant, node/2885725284);2026-10-10
Gastronomia;C;2;Chaska;Eindhoven;Kruisstraat 87 5612CD;https://www.chaska.restaurant/;OK;tak;tak;;WordPress;Facebook, Instagram;NIEUSTALONE (wymaga zdjęć lub wizji lokalnej);;;;;;Podstawy online OK;;witryna/szyld, druk (menu, ulotki), odzież dla personelu (do sprawdzenia na miejscu);nie kontaktowano;OpenStreetMap (amenity=restaurant, node/1898876329);2026-10-10
Gastronomia;C;2;Chen Jia Yan;Eindhoven;Nieuwe Emmasingel 32 5611AM;https://www.chenjiayan.nl/;OK;tak;tak;;Squarespace;Facebook, Instagram;NIEUSTALONE (wymaga zdjęć lub wizji lokalnej);;;;;;Podstawy online OK;;witryna/szyld, druk (menu, ulotki), odzież dla personelu (do sprawdzenia na miejscu);nie kontaktowano;OpenStreetMap (amenity=restaurant, node/11533835046);2026-10-10
Gastronomia;C;2;Chomicha;Eindhoven;Celsiusplein 28 5621BN;https://www.chomicha.nl;OK;tak;tak;;WordPress;Facebook, Instagram;NIEUSTALONE (wymaga zdjęć lub wizji lokalnej);;;;;;Podstawy online OK;;witryna/szyld, druk (menu, ulotki), odzież dla personelu (do sprawdzenia na miejscu);nie kontaktowano;OpenStreetMap (amenity=restaurant, node/8694898263);2026-10-10
Gastronomia;C;2;COC Eindhoven (Pand54 Gay Café);Eindhoven;Prins Hendrikstraat 54 5611HL;https://coceindhoven.nl/;OK;tak;tak;2026;WordPress;Facebook, Instagram;NIEUSTALONE (wymaga zdjęć lub wizji lokalnej);;;;;;Podstawy online OK;;witryna/szyld, druk (menu, ulotki), odzież dla personelu (do sprawdzenia na miejscu);nie kontaktowano;OpenStreetMap (amenity=bar, node/2764377487);2026-10-10
Gastronomia;C;2;Cocody Cafetaria;Geldrop;Zwembadweg 15 5663PL;https://www.cocodytogo.nl;NIEUSTALONE (brak połączenia z mojego środowiska);;;;;;NIEUSTALONE (wymaga zdjęć lub wizji lokalnej);;;;;;Nieustalone;;witryna/szyld, druk (menu, ulotki), odzież dla personelu (do sprawdzenia na miejscu);nie kontaktowano;OpenStreetMap (amenity=fast_food, node/11579452922);2026-10-10
Gastronomia;C;2;Comigo;Nuenen;Park 25 5671GB;https://www.comigo.nl/;OK;tak;tak;;WordPress;Facebook, Instagram;NIEUSTALONE (wymaga zdjęć lub wizji lokalnej);;;;;;Podstawy online OK;;witryna/szyld, druk (menu, ulotki), odzież dla personelu (do sprawdzenia na miejscu);nie kontaktowano;OpenStreetMap (amenity=restaurant, node/232979048);2026-10-10
Gastronomia;C;2;Community Square;Eindhoven;Torenallee 22-04 5617BD;https://community-square.nl/;OK;tak;tak;2026;WordPress;Instagram;NIEUSTALONE (wymaga zdjęć lub wizji lokalnej);;;;;;Podstawy online OK;;witryna/szyld, druk (menu, ulotki), odzież dla personelu (do sprawdzenia na miejscu);nie kontaktowano;OpenStreetMap (amenity=cafe, node/2754998001);2026-10-10
Gastronomia;C;2;Cucina Sophia;Eindhoven;Orchideeënstraat 16 5644NK;https://www.cucinasophia.it;OK;tak;tak;2026;WordPress;Facebook, Instagram;NIEUSTALONE (wymaga zdjęć lub wizji lokalnej);;;;;;Podstawy online OK;;witryna/szyld, druk (menu, ulotki), odzież dla personelu (do sprawdzenia na miejscu);nie kontaktowano;OpenStreetMap (amenity=cafe, node/5742719765);2026-10-10
Gastronomia;C;2;Cyklist Wielercafe;Eindhoven;Nachtegaallaan 15 5613CM;https://www.cyklist.nl/;OK;tak;tak;2026;WordPress;Facebook, Instagram;NIEUSTALONE (wymaga zdjęć lub wizji lokalnej);;;;;;Podstawy online OK;;witryna/szyld, druk (menu, ulotki), odzież dla personelu (do sprawdzenia na miejscu);nie kontaktowano;OpenStreetMap (amenity=cafe, node/3906098325) + wyszukiwarka;2026-10-10
Gastronomia;C;2;D'n Burgemister;Veldhoven;Meiveld 3A 5501KA;https://www.burgemister.nl;OK;tak;tak;;WordPress;Facebook, Instagram;NIEUSTALONE (wymaga zdjęć lub wizji lokalnej);;;;;;Podstawy online OK;;witryna/szyld, druk (menu, ulotki), odzież dla personelu (do sprawdzenia na miejscu);nie kontaktowano;OpenStreetMap (amenity=restaurant, node/2833275623);2026-10-10
Gastronomia;C;2;D'n Eigenwijze;;;https://deneigenwijze.nl/;OK;tak;tak;;WordPress;Facebook, Instagram;NIEUSTALONE (wymaga zdjęć lub wizji lokalnej);;;;;;Podstawy online OK;;witryna/szyld, druk (menu, ulotki), odzież dla personelu (do sprawdzenia na miejscu);nie kontaktowano;OpenStreetMap (amenity=cafe, way/556984164);2026-10-10
Gastronomia;C;2;Da Verdi;Eindhoven;Dommelstraat 29 5611CJ;https://www.daverdi.nl/;OK;tak;tak;;;Facebook;NIEUSTALONE (wymaga zdjęć lub wizji lokalnej);;;;;;Podstawy online OK;;witryna/szyld, druk (menu, ulotki), odzież dla personelu (do sprawdzenia na miejscu);nie kontaktowano;OpenStreetMap (amenity=restaurant, node/662613234);2026-10-10
Gastronomia;C;2;Dar Moroccan;Eindhoven;Kruisstraat 111 5612CE;http://dar-moroccan-eindhoven.nl/;OK;tak;tak;2026;;Instagram;NIEUSTALONE (wymaga zdjęć lub wizji lokalnej);;;;;;Podstawy online OK;;witryna/szyld, druk (menu, ulotki), odzież dla personelu (do sprawdzenia na miejscu);nie kontaktowano;OpenStreetMap (amenity=restaurant, node/2777940436);2026-10-10
Gastronomia;C;2;De Beurs;Sint-Oedenrode;Heuvel 44 5492AD;https://debeurssintoedenrode.nl;NIEUSTALONE (brak połączenia z mojego środowiska);;;;;;NIEUSTALONE (wymaga zdjęć lub wizji lokalnej);;;;;;Nieustalone;;witryna/szyld, druk (menu, ulotki), odzież dla personelu (do sprawdzenia na miejscu);nie kontaktowano;OpenStreetMap (amenity=restaurant, node/471035846);2026-10-10
Gastronomia;C;2;De Burger;Eindhoven;Kerkstraat 5 5611GH;https://www.de-burger.nl;OK;tak;tak;2026;WordPress;Facebook, Instagram;NIEUSTALONE (wymaga zdjęć lub wizji lokalnej);;;;;;Podstawy online OK;;witryna/szyld, druk (menu, ulotki), odzież dla personelu (do sprawdzenia na miejscu);nie kontaktowano;OpenStreetMap (amenity=restaurant, node/2610172137);2026-10-10
Gastronomia;C;2;De Croyse Hoeve;Aarle-Rixtel;Croylaan 9 5735PB;https://www.desmaakvancroy.nl/restaurants/de-croyse-hoeve/;NIEUSTALONE (brak połączenia z mojego środowiska);;;;;;NIEUSTALONE (wymaga zdjęć lub wizji lokalnej);;;;;;Nieustalone;;witryna/szyld, druk (menu, ulotki), odzież dla personelu (do sprawdzenia na miejscu);nie kontaktowano;OpenStreetMap (amenity=restaurant, node/2901026655);2026-10-10
Gastronomia;C;2;De Dames;Son en Breugel;Nieuwstraat 2 5691AC;https://dedames.net/;OK;tak;tak;;WordPress;Facebook, Instagram, YouTube;NIEUSTALONE (wymaga zdjęć lub wizji lokalnej);;;;;;Podstawy online OK;;witryna/szyld, druk (menu, ulotki), odzież dla personelu (do sprawdzenia na miejscu);nie kontaktowano;OpenStreetMap (amenity=ice_cream, node/2792747894);2026-10-10
Gastronomia;C;2;De Doelen;Waalre;Markt 18 5581GK;https://www.restaurantzaaldedoelen.nl/;NIEUSTALONE (brak połączenia z mojego środowiska);;;;;;NIEUSTALONE (wymaga zdjęć lub wizji lokalnej);;;;;;Nieustalone;;witryna/szyld, druk (menu, ulotki), odzież dla personelu (do sprawdzenia na miejscu);nie kontaktowano;OpenStreetMap (amenity=restaurant, node/2931187681);2026-10-10
Gastronomia;C;2;De Frituurhal;Eindhoven;Heezerweg 452A 5645KZ;https://webshop.defrituurhal.nl/;OK;tak;tak;2026;;Facebook, Instagram;NIEUSTALONE (wymaga zdjęć lub wizji lokalnej);;;;;;Podstawy online OK;;witryna/szyld, druk (menu, ulotki), odzież dla personelu (do sprawdzenia na miejscu);nie kontaktowano;OpenStreetMap (amenity=fast_food, node/11299539816);2026-10-10
Gastronomia;C;2;De Hofkaemer;Bergeijk;Hof 18 5571CC;https://streekrestaurant.nl;OK;tak;tak;2026;WordPress;Facebook, Instagram, LinkedIn;NIEUSTALONE (wymaga zdjęć lub wizji lokalnej);;;;;;Podstawy online OK;;witryna/szyld, druk (menu, ulotki), odzież dla personelu (do sprawdzenia na miejscu);nie kontaktowano;OpenStreetMap (amenity=restaurant, node/2828717423);2026-10-10
Gastronomia;C;2;De Hooghe Bergh;Mierlo;Heiderschoor 26 5731RG;https://www.dehooghebergh.nl/;NIEUSTALONE (brak połączenia z mojego środowiska);;;;;;NIEUSTALONE (wymaga zdjęć lub wizji lokalnej);;;;;;Nieustalone;;witryna/szyld, druk (menu, ulotki), odzież dla personelu (do sprawdzenia na miejscu);nie kontaktowano;OpenStreetMap (amenity=restaurant, node/2875695100);2026-10-10
Gastronomia;C;2;De Jongens;Helmond;Havenweg 6 5701RS;http://www.gasterijdevlinder.nl;NIEUSTALONE (blokada robotów);;;;;;NIEUSTALONE (wymaga zdjęć lub wizji lokalnej);;;;;;Nieustalone;;witryna/szyld, druk (menu, ulotki), odzież dla personelu (do sprawdzenia na miejscu);nie kontaktowano;OpenStreetMap (amenity=bar, node/2903874780);2026-10-10
Gastronomia;C;2;De Kers;Veldhoven;Zandoerleseweg 4 5507NJ;https://www.eetcafedekers.nl/;OK;tak;tak;2026;WordPress;Facebook;NIEUSTALONE (wymaga zdjęć lub wizji lokalnej);;;;;;Podstawy online OK;;witryna/szyld, druk (menu, ulotki), odzież dla personelu (do sprawdzenia na miejscu);nie kontaktowano;OpenStreetMap (amenity=restaurant, node/616364291);2026-10-10
Gastronomia;C;2;De Kienehoef;Sint-Oedenrode;Zwembadweg 37 5491TE;https://www.kienehoef.nl/nl/horeca;NIEUSTALONE (blokada robotów);;;;;;NIEUSTALONE (wymaga zdjęć lub wizji lokalnej);;;;;;Nieustalone;;witryna/szyld, druk (menu, ulotki), odzież dla personelu (do sprawdzenia na miejscu);nie kontaktowano;OpenStreetMap (amenity=restaurant, node/471578050);2026-10-10
Gastronomia;C;2;De Nachtegaal;Oirschot;Proosbroekweg 6A 5688JH;https://www.cafedenachtegaal.nl/;NIEUSTALONE (brak połączenia z mojego środowiska);;;;;;NIEUSTALONE (wymaga zdjęć lub wizji lokalnej);;;;;;Nieustalone;;witryna/szyld, druk (menu, ulotki), odzież dla personelu (do sprawdzenia na miejscu);nie kontaktowano;OpenStreetMap (amenity=cafe, node/2825999361);2026-10-10
Gastronomia;C;2;De Schatkamer;;;http://lunchroom-de-schatkamer.nl/;NIEUSTALONE (brak połączenia z mojego środowiska);;;;;;NIEUSTALONE (wymaga zdjęć lub wizji lokalnej);;;;;;Nieustalone;;witryna/szyld, druk (menu, ulotki), odzież dla personelu (do sprawdzenia na miejscu);nie kontaktowano;OpenStreetMap (amenity=fast_food, node/5766439753);2026-10-10
Gastronomia;C;2;De Specialist;Nuenen;Vincent van Goghstraat 88 5671GZ;https://pizzeria-grillroom-de-specialist.nl;OK;tak;tak;2026;;Facebook;NIEUSTALONE (wymaga zdjęć lub wizji lokalnej);;;;;;Podstawy online OK;;witryna/szyld, druk (menu, ulotki), odzież dla personelu (do sprawdzenia na miejscu);nie kontaktowano;OpenStreetMap (amenity=restaurant, node/235149545);2026-10-10
Gastronomia;C;2;De Spekdonken;Vessem;Heikesestraat 10A 5512PA;https://www.de-spekdonken.nl/boerderijterras/;OK;tak;tak;2022;WordPress;Facebook, Instagram;NIEUSTALONE (wymaga zdjęć lub wizji lokalnej);;;;;;Podstawy online OK;;witryna/szyld, druk (menu, ulotki), odzież dla personelu (do sprawdzenia na miejscu);nie kontaktowano;OpenStreetMap (amenity=cafe, node/9931707317);2026-10-10
Gastronomia;C;2;De Stam;Nuenen;Gerwenseweg 38 5674SH;http://www.stamgerwen.nl;NIEUSTALONE (brak połączenia z mojego środowiska);;;;;;NIEUSTALONE (wymaga zdjęć lub wizji lokalnej);;;;;;Nieustalone;;witryna/szyld, druk (menu, ulotki), odzież dla personelu (do sprawdzenia na miejscu);nie kontaktowano;OpenStreetMap (amenity=cafe, node/2994410637);2026-10-10
Gastronomia;C;2;De Treeswijkhoeve;Waalre;Valkenswaardseweg 14 5582VB;https://treeswijkhoeve.nl;OK;tak;tak;;;Instagram;NIEUSTALONE (wymaga zdjęć lub wizji lokalnej);;;;;;Podstawy online OK;;witryna/szyld, druk (menu, ulotki), odzież dla personelu (do sprawdzenia na miejscu);nie kontaktowano;OpenStreetMap (amenity=restaurant, node/2929819571);2026-10-10
Gastronomia;C;2;De Vresselse Hut;Sint-Oedenrode;Vresselseweg 33 5491PA;https://devresselsehut.nl/;NIEUSTALONE (blokada robotów);;;;;;NIEUSTALONE (wymaga zdjęć lub wizji lokalnej);;;;;;Nieustalone;;witryna/szyld, druk (menu, ulotki), odzież dla personelu (do sprawdzenia na miejscu);nie kontaktowano;OpenStreetMap (amenity=restaurant, node/275433393);2026-10-10
Gastronomia;C;2;De Vriendschap;Sint-Oedenrode;Pastoor Teurlingsstraat 30 5492EE;https://www.devriendschapboskant.nl/;OK;tak;tak;;WordPress;Facebook, Instagram;NIEUSTALONE (wymaga zdjęć lub wizji lokalnej);;;;;;Podstawy online OK;;witryna/szyld, druk (menu, ulotki), odzież dla personelu (do sprawdzenia na miejscu);nie kontaktowano;OpenStreetMap (amenity=pub, node/2796116597);2026-10-10
Gastronomia;C;2;De Waard;Helmond;Markt 34 5701RK;https://www.restaurant-de-waard.nl/;OK;tak;tak;;WordPress;Facebook, Instagram;NIEUSTALONE (wymaga zdjęć lub wizji lokalnej);;;;;;Podstawy online OK;;witryna/szyld, druk (menu, ulotki), odzież dla personelu (do sprawdzenia na miejscu);nie kontaktowano;OpenStreetMap (amenity=restaurant, node/2903873146);2026-10-10
Gastronomia;C;2;De Watermolen van Opwetten;Nuenen;Opwettenseweg 203 5674AC;https://www.dewatermolenvanopwetten.nl;OK;tak;tak;2026;WordPress;Facebook, Instagram, LinkedIn, TikTok;NIEUSTALONE (wymaga zdjęć lub wizji lokalnej);;;;;;Podstawy online OK;;witryna/szyld, druk (menu, ulotki), odzież dla personelu (do sprawdzenia na miejscu);nie kontaktowano;OpenStreetMap (amenity=restaurant, node/2992404882);2026-10-10
Gastronomia;C;2;De Zwarte Doos;;;https://www.dezwartedoos.nl/;OK;tak;tak;2025;;Instagram;NIEUSTALONE (wymaga zdjęć lub wizji lokalnej);;;;;;Podstawy online OK;;witryna/szyld, druk (menu, ulotki), odzież dla personelu (do sprawdzenia na miejscu);nie kontaktowano;OpenStreetMap (amenity=restaurant, node/428570538);2026-10-10
Gastronomia;C;2;Deja-Vu Veldhoven;Veldhoven;Peter Zuidlaan 4 5502NH;https://dejavu-veldhoven.nl;OK;tak;tak;2026;WordPress;Facebook, Instagram;NIEUSTALONE (wymaga zdjęć lub wizji lokalnej);;;;;;Podstawy online OK;;witryna/szyld, druk (menu, ulotki), odzież dla personelu (do sprawdzenia na miejscu);nie kontaktowano;OpenStreetMap (amenity=restaurant, node/2833324492);2026-10-10
Gastronomia;C;2;Dejavu;Nuenen;Parkstraat 25A 5671GD;https://dejavu-nuenen.nl;OK;tak;tak;2026;WordPress;Facebook, Instagram;NIEUSTALONE (wymaga zdjęć lub wizji lokalnej);;;;;;Podstawy online OK;;witryna/szyld, druk (menu, ulotki), odzież dla personelu (do sprawdzenia na miejscu);nie kontaktowano;OpenStreetMap (amenity=restaurant, node/2994053011);2026-10-10
Gastronomia;C;2;Delphi;Helmond;Markt 26A 5701RK;https://delphi-helmond.nl/;OK;tak;tak;2026;WordPress;Facebook, TikTok;NIEUSTALONE (wymaga zdjęć lub wizji lokalnej);;;;;;Podstawy online OK;;witryna/szyld, druk (menu, ulotki), odzież dla personelu (do sprawdzenia na miejscu);nie kontaktowano;OpenStreetMap (amenity=restaurant, node/2903870299);2026-10-10
Gastronomia;C;2;Den Dis;Bladel;Sniederslaan 19 5531EG;https://www.dendis.nl;OK;tak;tak;;;Facebook, Instagram;NIEUSTALONE (wymaga zdjęć lub wizji lokalnej);;;;;;Podstawy online OK;;witryna/szyld, druk (menu, ulotki), odzież dla personelu (do sprawdzenia na miejscu);nie kontaktowano;OpenStreetMap (amenity=restaurant, node/2827057268);2026-10-10
Gastronomia;C;2;Dhol & Soul;Eindhoven;Willemstraat 61 5611HC;https://dholandsoul.com/;OK;tak;tak;;WordPress;Instagram, TikTok;NIEUSTALONE (wymaga zdjęć lub wizji lokalnej);;;;;;Podstawy online OK;;witryna/szyld, druk (menu, ulotki), odzież dla personelu (do sprawdzenia na miejscu);nie kontaktowano;OpenStreetMap (amenity=restaurant, node/2764377719);2026-10-10
Gastronomia;C;2;Dijk 9;Eindhoven;Stratumsedijk 9 5611NA;https://www.dijk9.nl;OK;tak;tak;2026;WordPress;Facebook, Instagram, LinkedIn, TikTok, YouTube;NIEUSTALONE (wymaga zdjęć lub wizji lokalnej);;;;;;Podstawy online OK;;witryna/szyld, druk (menu, ulotki), odzież dla personelu (do sprawdzenia na miejscu);nie kontaktowano;OpenStreetMap (amenity=restaurant, node/1368793360);2026-10-10
Gastronomia;C;2;Djawa;Eindhoven;Schootsestraat 136 5616RH;https://www.djawa.eu/;NIEUSTALONE (brak połączenia z mojego środowiska);;;;;;NIEUSTALONE (wymaga zdjęć lub wizji lokalnej);;;;;;Nieustalone;;witryna/szyld, druk (menu, ulotki), odzież dla personelu (do sprawdzenia na miejscu);nie kontaktowano;OpenStreetMap (amenity=restaurant, node/2754885460);2026-10-10
Gastronomia;C;2;Doner Dream;Eindhoven;Hoogstraat 53A 5615PA;https://www.donerdream-eindhoven.nl/;NIEUSTALONE (brak połączenia z mojego środowiska);;;;;;NIEUSTALONE (wymaga zdjęć lub wizji lokalnej);;;;;;Nieustalone;;witryna/szyld, druk (menu, ulotki), odzież dla personelu (do sprawdzenia na miejscu);nie kontaktowano;OpenStreetMap (amenity=fast_food, node/2748519433);2026-10-10
Gastronomia;C;2;Doyy;Eindhoven;Hoogstraat 50 5615PR;https://www.doyy.nl;OK;tak;tak;2024;WordPress;Facebook, Instagram, LinkedIn;NIEUSTALONE (wymaga zdjęć lub wizji lokalnej);;;;;;Podstawy online OK;;witryna/szyld, druk (menu, ulotki), odzież dla personelu (do sprawdzenia na miejscu);nie kontaktowano;OpenStreetMap (amenity=restaurant, node/2748337686);2026-10-10
Gastronomia;C;2;Dr. Feelgood's Burgers;Eindhoven;Oude Stadsgracht 28 5611DG;https://drfeelgoodsburgers.nl;NIEUSTALONE (brak połączenia z mojego środowiska);;;;;;NIEUSTALONE (wymaga zdjęć lub wizji lokalnej);;;;;;Nieustalone;;witryna/szyld, druk (menu, ulotki), odzież dla personelu (do sprawdzenia na miejscu);nie kontaktowano;OpenStreetMap (amenity=restaurant, node/2765281953);2026-10-10
Gastronomia;C;2;Drinkers Pub;Eindhoven;Kerkstraat 11 5611GH;https://www.drinkerspub.nl/;OK;tak;tak;2026;;Facebook, Instagram;NIEUSTALONE (wymaga zdjęć lub wizji lokalnej);;;;;;Podstawy online OK;;witryna/szyld, druk (menu, ulotki), odzież dla personelu (do sprawdzenia na miejscu);nie kontaktowano;OpenStreetMap (amenity=pub, node/2765280005);2026-10-10
Gastronomia;C;2;Dutch Homemade;Eindhoven;Kleine Berg 49 5611JS;https://www.dutchhomemade-macarons.nl;OK;tak;tak;2026;WordPress;Facebook;NIEUSTALONE (wymaga zdjęć lub wizji lokalnej);;;;;;Podstawy online OK;;witryna/szyld, druk (menu, ulotki), odzież dla personelu (do sprawdzenia na miejscu);nie kontaktowano;OpenStreetMap (amenity=ice_cream, node/2764377203);2026-10-10
Gastronomia;C;2;Döner Duck;Eindhoven;Wijnpeerstraat 15 5632ME;https://www.doner-duck.nl/;NIEUSTALONE (brak połączenia z mojego środowiska);;;;;;NIEUSTALONE (wymaga zdjęć lub wizji lokalnej);;;;;;Nieustalone;;witryna/szyld, druk (menu, ulotki), odzież dla personelu (do sprawdzenia na miejscu);nie kontaktowano;OpenStreetMap (amenity=fast_food, node/2734155829);2026-10-10
Gastronomia;C;2;Döner Point;Eindhoven;Winkelstraat 12 5644EK;http://www.donerpoint.nl;NIEUSTALONE (blokada robotów);;;;;;NIEUSTALONE (wymaga zdjęć lub wizji lokalnej);;;;;;Nieustalone;;witryna/szyld, druk (menu, ulotki), odzież dla personelu (do sprawdzenia na miejscu);nie kontaktowano;OpenStreetMap (amenity=fast_food, node/2739431298);2026-10-10
Gastronomia;C;2;Educatieve Viskwekerij De Stroom;Oirschot;Broekstraat 25A 5688JX;https://viskwekerijdestroom.nl;OK;tak;tak;;;Facebook;NIEUSTALONE (wymaga zdjęć lub wizji lokalnej);;;;;;Podstawy online OK;;witryna/szyld, druk (menu, ulotki), odzież dla personelu (do sprawdzenia na miejscu);nie kontaktowano;OpenStreetMap (amenity=cafe, node/13246694506);2026-10-10
Gastronomia;C;2;Eetcafé De Verlenging;Eindhoven;Frederiklaan 10A 5616NH;https://www.eetcafedeverlenging.nl/;OK;tak;tak;2026;WordPress;Facebook, Instagram;NIEUSTALONE (wymaga zdjęć lub wizji lokalnej);;;;;;Podstawy online OK;;witryna/szyld, druk (menu, ulotki), odzież dla personelu (do sprawdzenia na miejscu);nie kontaktowano;OpenStreetMap (amenity=restaurant, node/2621685660);2026-10-10
Gastronomia;C;2;Eeterij de Markt;Mierlo;Marktstraat 39A 5731HS;https://www.eeterijdemarkt.nl/;OK;tak;tak;;WordPress;Facebook, Instagram;NIEUSTALONE (wymaga zdjęć lub wizji lokalnej);;;;;;Podstawy online OK;;witryna/szyld, druk (menu, ulotki), odzież dla personelu (do sprawdzenia na miejscu);nie kontaktowano;OpenStreetMap (amenity=restaurant, node/2876570906);2026-10-10
Gastronomia;C;2;El Pastor;Eindhoven;Kerkstraat 3 5611GH;https://elpastoreindhoven.nl;OK;tak;tak;2026;WordPress;Facebook, Instagram;NIEUSTALONE (wymaga zdjęć lub wizji lokalnej);;;;;;Podstawy online OK;;witryna/szyld, druk (menu, ulotki), odzież dla personelu (do sprawdzenia na miejscu);nie kontaktowano;OpenStreetMap (amenity=restaurant, node/2610172148);2026-10-10
Gastronomia;C;2;El Patio Andaluz;Eindhoven;Kloosterdreef 49A 5612CT;http://www.patioandaluz.nl/;NIEUSTALONE (blokada robotów);;;;;;NIEUSTALONE (wymaga zdjęć lub wizji lokalnej);;;;;;Nieustalone;;witryna/szyld, druk (menu, ulotki), odzież dla personelu (do sprawdzenia na miejscu);nie kontaktowano;OpenStreetMap (amenity=restaurant, node/3623056417);2026-10-10
Gastronomia;C;2;El Puente;Eindhoven;Stratumseind 64 5611EV;https://elpuente.nl/;OK;tak;tak;;;Facebook, Instagram;NIEUSTALONE (wymaga zdjęć lub wizji lokalnej);;;;;;Podstawy online OK;;witryna/szyld, druk (menu, ulotki), odzież dla personelu (do sprawdzenia na miejscu);nie kontaktowano;OpenStreetMap (amenity=restaurant, node/2765283628);2026-10-10
Gastronomia;C;2;Elpida;Nuenen;Parkstraat 8 5671GG;https://restaurant-elpida.nl;OK;tak;tak;2026;WordPress;Facebook;NIEUSTALONE (wymaga zdjęć lub wizji lokalnej);;;;;;Podstawy online OK;;witryna/szyld, druk (menu, ulotki), odzież dla personelu (do sprawdzenia na miejscu);nie kontaktowano;OpenStreetMap (amenity=restaurant, node/60107191);2026-10-10
Gastronomia;C;2;Fabor ijs;Bladel;Sniederslaan 27 5531EG;https://www.faborijs.nl;OK;tak;tak;2026;WordPress;Facebook, Instagram;NIEUSTALONE (wymaga zdjęć lub wizji lokalnej);;;;;;Podstawy online OK;;witryna/szyld, druk (menu, ulotki), odzież dla personelu (do sprawdzenia na miejscu);nie kontaktowano;OpenStreetMap (amenity=ice_cream, node/2827062033);2026-10-10
Gastronomia;C;2;Fifth;Eindhoven;Gasfabriek 5 5613CP;https://fifthnre.com;OK;tak;tak;;WordPress;Facebook, Instagram, YouTube;NIEUSTALONE (wymaga zdjęć lub wizji lokalnej);;;;;;Podstawy online OK;;witryna/szyld, druk (menu, ulotki), odzież dla personelu (do sprawdzenia na miejscu);nie kontaktowano;OpenStreetMap (amenity=restaurant, node/4743667239);2026-10-10
Gastronomia;C;2;Firenze;Eindhoven;Strijpsestraat 196C 5616GW;https://www.ijssalonfirenze.nl;OK;tak;tak;;WordPress;Facebook, Instagram;NIEUSTALONE (wymaga zdjęć lub wizji lokalnej);;;;;;Podstawy online OK;;witryna/szyld, druk (menu, ulotki), odzież dla personelu (do sprawdzenia na miejscu);nie kontaktowano;OpenStreetMap (amenity=fast_food, node/1699959075);2026-10-10
Gastronomia;C;2;Foodies & Zo;Handel;Onze Lieve Vrouwestraat 33 5423SH;https://www.foodiesenzo.nl;OK;tak;tak;;WordPress;Facebook, Instagram, LinkedIn;NIEUSTALONE (wymaga zdjęć lub wizji lokalnej);;;;;;Podstawy online OK;;witryna/szyld, druk (menu, ulotki), odzież dla personelu (do sprawdzenia na miejscu);nie kontaktowano;OpenStreetMap (amenity=restaurant, node/3004883699);2026-10-10
Gastronomia;C;2;Frank;Eindhoven;Franklinplein 2 5621GA;https://www.frankwoenselwest.nl/;OK;tak;tak;;WordPress;Facebook, Instagram;NIEUSTALONE (wymaga zdjęć lub wizji lokalnej);;;;;;Podstawy online OK;;witryna/szyld, druk (menu, ulotki), odzież dla personelu (do sprawdzenia na miejscu);nie kontaktowano;OpenStreetMap (amenity=restaurant, node/2780311052);2026-10-10
Gastronomia;C;2;Friture Thijsco;Eindhoven;Poeijersstraat 2 5642GC;https://www.thijsco.nl;OK;tak;tak;;;Facebook;NIEUSTALONE (wymaga zdjęć lub wizji lokalnej);;;;;;Podstawy online OK;;witryna/szyld, druk (menu, ulotki), odzież dla personelu (do sprawdzenia na miejscu);nie kontaktowano;OpenStreetMap (amenity=fast_food, node/2746516570);2026-10-10
Gastronomia;C;2;Friture Zesgehuchten;Geldrop;Hoog Geldrop 131 5663BD;https://www.jimmy040.nl/;NIEUSTALONE (brak połączenia z mojego środowiska);;;;;;NIEUSTALONE (wymaga zdjęć lub wizji lokalnej);;;;;;Nieustalone;;witryna/szyld, druk (menu, ulotki), odzież dla personelu (do sprawdzenia na miejscu);nie kontaktowano;OpenStreetMap (amenity=restaurant, node/2871430901);2026-10-10
Gastronomia;C;2;Frituur Beatrix;;;https://www.friturebeatrix.nl/;OK;tak;tak;;;Facebook;NIEUSTALONE (wymaga zdjęć lub wizji lokalnej);;;;;;Podstawy online OK;;witryna/szyld, druk (menu, ulotki), odzież dla personelu (do sprawdzenia na miejscu);nie kontaktowano;OpenStreetMap (amenity=fast_food, node/8118761945);2026-10-10
Gastronomia;C;2;Gasterij de Merode;Oirschot;Spoordonkseweg 89 5688KC;https://www.gasterijdemerode.nl/;OK;tak;tak;2026;;Facebook, Instagram;NIEUSTALONE (wymaga zdjęć lub wizji lokalnej);;;;;;Podstawy online OK;;witryna/szyld, druk (menu, ulotki), odzież dla personelu (do sprawdzenia na miejscu);nie kontaktowano;OpenStreetMap (amenity=cafe, node/2825868347);2026-10-10
Gastronomia;C;2;Gasthuishoeve;Sint-Oedenrode;Kremselen 2 5492SJ;https://www.gasthuishoeve.nl;OK;tak;tak;2026;WordPress;Facebook, Instagram;NIEUSTALONE (wymaga zdjęć lub wizji lokalnej);;;;;;Podstawy online OK;;witryna/szyld, druk (menu, ulotki), odzież dla personelu (do sprawdzenia na miejscu);nie kontaktowano;OpenStreetMap (amenity=cafe, node/5479951287);2026-10-10
Gastronomia;C;2;Gaziantep ALTINŞİŞ Grill;Eindhoven;Kruisstraat 62 5612CJ;https://altinsis27.nl/;NIEUSTALONE (brak połączenia z mojego środowiska);;;;;;NIEUSTALONE (wymaga zdjęć lub wizji lokalnej);;;;;;Nieustalone;;witryna/szyld, druk (menu, ulotki), odzież dla personelu (do sprawdzenia na miejscu);nie kontaktowano;OpenStreetMap (amenity=restaurant, node/876479790);2026-10-10
Gastronomia;C;2;Gelato Buon Gusto;Bergeijk;Hof 78 5571CC;https://www.gelatobuongusto.nl/;OK;tak;tak;;;Facebook, Instagram;NIEUSTALONE (wymaga zdjęć lub wizji lokalnej);;;;;;Podstawy online OK;;witryna/szyld, druk (menu, ulotki), odzież dla personelu (do sprawdzenia na miejscu);nie kontaktowano;OpenStreetMap (amenity=ice_cream, node/2828722453);2026-10-10
Gastronomia;C;2;GEM.;Gemert;Kasteellaan 1 5421CB;https://restaurantgem.com;OK;tak;tak;2025;WordPress;Facebook, Instagram, YouTube;NIEUSTALONE (wymaga zdjęć lub wizji lokalnej);;;;;;Podstawy online OK;;witryna/szyld, druk (menu, ulotki), odzież dla personelu (do sprawdzenia na miejscu);nie kontaktowano;OpenStreetMap (amenity=restaurant, node/13197897921);2026-10-10
Gastronomia;C;2;Good Food Republic;Eindhoven;Gashouder 24 5613CR;https://www.goodfoodrepublic.nl;OK;tak;tak;;WordPress;Facebook, Instagram;NIEUSTALONE (wymaga zdjęć lub wizji lokalnej);;;;;;Podstawy online OK;;witryna/szyld, druk (menu, ulotki), odzież dla personelu (do sprawdzenia na miejscu);nie kontaktowano;OpenStreetMap (amenity=restaurant, node/12112485579);2026-10-10
Gastronomia;C;2;Grand Cafe De Molenberg;;;https://manegedemolenberg.nl/grand-cafe-de-molenberg;OK;tak;tak;;WordPress;Facebook;NIEUSTALONE (wymaga zdjęć lub wizji lokalnej);;;;;;Podstawy online OK;;witryna/szyld, druk (menu, ulotki), odzież dla personelu (do sprawdzenia na miejscu);nie kontaktowano;OpenStreetMap (amenity=cafe, node/12559837814);2026-10-10
Gastronomia;C;2;Grand Café de Reebok;Oisterwijk;Duinenweg 4 5062TP;https://www.dereebokgrandcafe.nl;NIEUSTALONE (brak połączenia z mojego środowiska);;;;;;NIEUSTALONE (wymaga zdjęć lub wizji lokalnej);;;;;;Nieustalone;;witryna/szyld, druk (menu, ulotki), odzież dla personelu (do sprawdzenia na miejscu);nie kontaktowano;OpenStreetMap (amenity=restaurant, node/2823993769);2026-10-10
Gastronomia;C;2;Grand Café Josh;Eindhoven;Wilhelminaplein 3 5611HE;https://www.grandcafejosh.nl/;NIEUSTALONE (brak połączenia z mojego środowiska);;;;;;NIEUSTALONE (wymaga zdjęć lub wizji lokalnej);;;;;;Nieustalone;;witryna/szyld, druk (menu, ulotki), odzież dla personelu (do sprawdzenia na miejscu);nie kontaktowano;OpenStreetMap (amenity=restaurant, node/5302401313);2026-10-10
Gastronomia;C;2;Grand Café Sowieso;Veldhoven;Lange Kruisweg 66 5503RB;https://grandcafesowieso.nl/;NIEUSTALONE (brak połączenia z mojego środowiska);;;;;;NIEUSTALONE (wymaga zdjęć lub wizji lokalnej);;;;;;Nieustalone;;witryna/szyld, druk (menu, ulotki), odzież dla personelu (do sprawdzenia na miejscu);nie kontaktowano;OpenStreetMap (amenity=restaurant, node/2832700837);2026-10-10
Gastronomia;C;2;Graziano's;Oisterwijk;Scheepersdijk 1A 5062EA;https://ballaro.nl/graziano.html;OK;tak;tak;;;Facebook;NIEUSTALONE (wymaga zdjęć lub wizji lokalnej);;;;;;Podstawy online OK;;witryna/szyld, druk (menu, ulotki), odzież dla personelu (do sprawdzenia na miejscu);nie kontaktowano;OpenStreetMap (amenity=restaurant, node/4416689692) + wyszukiwarka;2026-10-10
Gastronomia;C;2;Grieks Restaurant OLYMPIA;Waalre;Den Hof 134 5582JZ;https://www.olympiawaalre.nl;OK;tak;tak;2023;WordPress;Facebook, Instagram;NIEUSTALONE (wymaga zdjęć lub wizji lokalnej);;;;;;Podstawy online OK;;witryna/szyld, druk (menu, ulotki), odzież dla personelu (do sprawdzenia na miejscu);nie kontaktowano;OpenStreetMap (amenity=restaurant, node/2929819212);2026-10-10
Gastronomia;C;2;Grillbar Slinders;Nuenen;Hoekstraat 35 5674NN;https://slinders.nl;OK;tak;tak;2023;WordPress;Instagram;NIEUSTALONE (wymaga zdjęć lub wizji lokalnej);;;;;;Podstawy online OK;;witryna/szyld, druk (menu, ulotki), odzież dla personelu (do sprawdzenia na miejscu);nie kontaktowano;OpenStreetMap (amenity=cafe, node/2994518006);2026-10-10
Gastronomia;C;2;Grillroom Side;Geldrop;Nieuwendijk 19 5664HA;https://www.grillroomside-geldrop.nl;NIEUSTALONE (brak połączenia z mojego środowiska);;;;;;NIEUSTALONE (wymaga zdjęć lub wizji lokalnej);;;;;;Nieustalone;;witryna/szyld, druk (menu, ulotki), odzież dla personelu (do sprawdzenia na miejscu);nie kontaktowano;OpenStreetMap (amenity=restaurant, node/1792088249);2026-10-10
Gastronomia;C;2;Hart van Bourdonck;Erp;Kapelstraat 1 5469NC;https://www.hartvanbourdonck.com;OK;tak;tak;;Wix;Facebook, Instagram;NIEUSTALONE (wymaga zdjęć lub wizji lokalnej);;;;;;Podstawy online OK;;witryna/szyld, druk (menu, ulotki), odzież dla personelu (do sprawdzenia na miejscu);nie kontaktowano;OpenStreetMap (amenity=cafe, node/2815000774);2026-10-10
Gastronomia;C;2;Hawaiian Poké Bowl;;;https://hawaiianpokebowl.be;OK;tak;tak;;WordPress;Facebook, Instagram, TikTok;NIEUSTALONE (wymaga zdjęć lub wizji lokalnej);;;;;;Podstawy online OK;;witryna/szyld, druk (menu, ulotki), odzież dla personelu (do sprawdzenia na miejscu);nie kontaktowano;OpenStreetMap (amenity=restaurant, node/13603871653);2026-10-10
Gastronomia;C;2;Heerenhuys23;Geldrop;Heuvel 23 5664HL;https://www.heerenhuys23.nl;OK;tak;tak;2026;;Facebook;NIEUSTALONE (wymaga zdjęć lub wizji lokalnej);;;;;;Podstawy online OK;;witryna/szyld, druk (menu, ulotki), odzież dla personelu (do sprawdzenia na miejscu);nie kontaktowano;OpenStreetMap (amenity=restaurant, node/2872356617);2026-10-10
Gastronomia;C;2;Heeze 53;Heeze;Jan Deckersstraat 53 5591HP;https://heeze53.nl;OK;tak;tak;;WordPress;Facebook, Instagram;NIEUSTALONE (wymaga zdjęć lub wizji lokalnej);;;;;;Podstawy online OK;;witryna/szyld, druk (menu, ulotki), odzież dla personelu (do sprawdzenia na miejscu);nie kontaktowano;OpenStreetMap (amenity=restaurant, node/2829542503);2026-10-10
Gastronomia;C;2;Heidehof;Someren;Kerkendijk 126 5712EX;https://www.heidehof-someren.nl;OK;tak;tak;2026;WordPress;Facebook, Instagram;NIEUSTALONE (wymaga zdjęć lub wizji lokalnej);;;;;;Podstawy online OK;;witryna/szyld, druk (menu, ulotki), odzież dla personelu (do sprawdzenia na miejscu);nie kontaktowano;OpenStreetMap (amenity=restaurant, node/2851426775);2026-10-10
Gastronomia;C;2;Henries Place;Son en Breugel;Nieuwstraat 46 5691AD;https://henries-place.nl/;OK;tak;tak;2023;WordPress;Facebook, YouTube;NIEUSTALONE (wymaga zdjęć lub wizji lokalnej);;;;;;Podstawy online OK;;witryna/szyld, druk (menu, ulotki), odzież dla personelu (do sprawdzenia na miejscu);nie kontaktowano;OpenStreetMap (amenity=cafe, node/2792750179);2026-10-10
Gastronomia;C;2;Herberg De Negende Zaeligheyt;Bergeijk;Witrijtseweg 15 5571XJ;https://negendezaeligheyt.nl;OK;tak;tak;;WordPress;Facebook, Instagram;NIEUSTALONE (wymaga zdjęć lub wizji lokalnej);;;;;;Podstawy online OK;;witryna/szyld, druk (menu, ulotki), odzież dla personelu (do sprawdzenia na miejscu);nie kontaktowano;OpenStreetMap (amenity=restaurant, node/6558216112);2026-10-10
Gastronomia;C;2;Herberg De Vrolijke Jager;Oirschot;Oude Grintweg 100 5688MB;https://www.devrolijkejager.nl;OK;tak;tak;2026;;Facebook, Instagram;NIEUSTALONE (wymaga zdjęć lub wizji lokalnej);;;;;;Podstawy online OK;;witryna/szyld, druk (menu, ulotki), odzież dla personelu (do sprawdzenia na miejscu);nie kontaktowano;OpenStreetMap (amenity=restaurant, node/2826095371);2026-10-10
Gastronomia;C;2;Het Brabants Genot;Waalre;Heikantstraat 23 5581VB;https://brabantsgenot.nl/;OK;tak;tak;2026;WordPress;Facebook, Instagram, TikTok;NIEUSTALONE (wymaga zdjęć lub wizji lokalnej);;;;;;Podstawy online OK;;witryna/szyld, druk (menu, ulotki), odzież dla personelu (do sprawdzenia na miejscu);nie kontaktowano;OpenStreetMap (amenity=restaurant, node/2931391279);2026-10-10
Gastronomia;C;2;Het Raadhuis;Son en Breugel;Markt 2 5691AR;https://www.cafehetraadhuis.nl/;NIEUSTALONE (brak połączenia z mojego środowiska);;;;;;NIEUSTALONE (wymaga zdjęć lub wizji lokalnej);;;;;;Nieustalone;;witryna/szyld, druk (menu, ulotki), odzież dla personelu (do sprawdzenia na miejscu);nie kontaktowano;OpenStreetMap (amenity=pub, node/2792747878);2026-10-10
Gastronomia;C;2;Het Veerhuis;Erp;Bosscheweg 31 5469PD;https://www.restauranthetveerhuis.nl/;NIEUSTALONE (blokada robotów);;;;;;NIEUSTALONE (wymaga zdjęć lub wizji lokalnej);;;;;;Nieustalone;;witryna/szyld, druk (menu, ulotki), odzież dla personelu (do sprawdzenia na miejscu);nie kontaktowano;OpenStreetMap (amenity=restaurant, node/2815001236);2026-10-10
Gastronomia;C;2;Highway 51;Sint-Oedenrode;Lieshoutseweg 22 5492HR;https://www.highway51.nl/;OK;tak;tak;;;Facebook, Instagram;NIEUSTALONE (wymaga zdjęć lub wizji lokalnej);;;;;;Podstawy online OK;;witryna/szyld, druk (menu, ulotki), odzież dla personelu (do sprawdzenia na miejscu);nie kontaktowano;OpenStreetMap (amenity=fast_food, node/2796497664);2026-10-10
Gastronomia;C;2;Hof van Brabant;Eindhoven;Boschdijk 1035 5626AD;https://www.hofvanbrabant.nl/;OK;tak;tak;2026;WordPress;Facebook, Instagram;NIEUSTALONE (wymaga zdjęć lub wizji lokalnej);;;;;;Podstawy online OK;;witryna/szyld, druk (menu, ulotki), odzież dla personelu (do sprawdzenia na miejscu);nie kontaktowano;OpenStreetMap (amenity=restaurant, node/2749939855);2026-10-10
Gastronomia;C;2;Hot&Hot Hotpot;Eindhoven;De Rungraaf 106 5611KG;https://hotandhot.eu;OK;tak;tak;2025;WordPress;Instagram, TikTok;NIEUSTALONE (wymaga zdjęć lub wizji lokalnej);;;;;;Podstawy online OK;;witryna/szyld, druk (menu, ulotki), odzież dla personelu (do sprawdzenia na miejscu);nie kontaktowano;OpenStreetMap (amenity=restaurant, node/9654359185);2026-10-10
Gastronomia;C;2;I Fratelli;Nuenen;Vincent van Goghstraat 11 5671GW;https://www.ifratelli.nl;OK;tak;tak;;WordPress;Facebook, Instagram;NIEUSTALONE (wymaga zdjęć lub wizji lokalnej);;;;;;Podstawy online OK;;witryna/szyld, druk (menu, ulotki), odzież dla personelu (do sprawdzenia na miejscu);nie kontaktowano;OpenStreetMap (amenity=restaurant, node/2994048989);2026-10-10
Gastronomia;C;2;IJsbar Bol;Someren;Wilhelminaplein 30a 5711EL;https://www.ijsbarbol.nl;OK;tak;tak;2026;;Facebook, Instagram;NIEUSTALONE (wymaga zdjęć lub wizji lokalnej);;;;;;Podstawy online OK;;witryna/szyld, druk (menu, ulotki), odzież dla personelu (do sprawdzenia na miejscu);nie kontaktowano;OpenStreetMap (amenity=ice_cream, node/2852577790);2026-10-10
Gastronomia;C;2;IJssalon San Marco;Veldhoven;Meerstraat 2 5509RA;https://www.san-marco.nl/;OK;tak;tak;2026;;Facebook, Instagram;NIEUSTALONE (wymaga zdjęć lub wizji lokalnej);;;;;;Podstawy online OK;;witryna/szyld, druk (menu, ulotki), odzież dla personelu (do sprawdzenia na miejscu);nie kontaktowano;OpenStreetMap (amenity=ice_cream, node/1315930000);2026-10-10
Gastronomia;C;2;Il Primo;Helmond;Kasteellaan 5A 5701PR;https://www.ilprimoijscafe.nl;NIEUSTALONE (brak połączenia z mojego środowiska);;;;;;NIEUSTALONE (wymaga zdjęć lub wizji lokalnej);;;;;;Nieustalone;;witryna/szyld, druk (menu, ulotki), odzież dla personelu (do sprawdzenia na miejscu);nie kontaktowano;OpenStreetMap (amenity=ice_cream, node/2903874760);2026-10-10
Gastronomia;C;2;Ilio's;Eindhoven;Dommelstraat 26 5611CL;https://restaurantilios.nl/;NIEUSTALONE (brak połączenia z mojego środowiska);;;;;;NIEUSTALONE (wymaga zdjęć lub wizji lokalnej);;;;;;Nieustalone;;witryna/szyld, druk (menu, ulotki), odzież dla personelu (do sprawdzenia na miejscu);nie kontaktowano;OpenStreetMap (amenity=restaurant, node/3446864567);2026-10-10
Gastronomia;C;2;In d'n Olie-fant;Veldhoven;Kromstraat 29 5504BA;https://www.oliefant.nl;NIEUSTALONE (brak połączenia z mojego środowiska);;;;;;NIEUSTALONE (wymaga zdjęć lub wizji lokalnej);;;;;;Nieustalone;;witryna/szyld, druk (menu, ulotki), odzież dla personelu (do sprawdzenia na miejscu);nie kontaktowano;OpenStreetMap (amenity=pub, node/2833146074);2026-10-10
Gastronomia;C;2;Inn de Molenberg;Veldhoven;Windmolen 17 5503XV;https://www.inndemolenberg.nl/;NIEUSTALONE (brak połączenia z mojego środowiska);;;;;;NIEUSTALONE (wymaga zdjęć lub wizji lokalnej);;;;;;Nieustalone;;witryna/szyld, druk (menu, ulotki), odzież dla personelu (do sprawdzenia na miejscu);nie kontaktowano;OpenStreetMap (amenity=restaurant, node/2833217828);2026-10-10
Gastronomia;C;2;Intelligentia Ice by Jeffrey;;;https://www.intelligentia.nl/;OK;tak;tak;;Wix;Facebook, Instagram;NIEUSTALONE (wymaga zdjęć lub wizji lokalnej);;;;;;Podstawy online OK;;witryna/szyld, druk (menu, ulotki), odzież dla personelu (do sprawdzenia na miejscu);nie kontaktowano;OpenStreetMap (amenity=ice_cream, node/11817073441);2026-10-10
Gastronomia;C;2;Iris;Eindhoven;Voorterweg 168 5611TT;https://www.irisrestaurant.nl/;OK;tak;tak;2026;WordPress;Facebook, Instagram;NIEUSTALONE (wymaga zdjęć lub wizji lokalnej);;;;;;Podstawy online OK;;witryna/szyld, druk (menu, ulotki), odzież dla personelu (do sprawdzenia na miejscu);nie kontaktowano;OpenStreetMap (amenity=restaurant, node/568077329);2026-10-10
Gastronomia;C;2;Irodion;Geldrop;Bogardeind 17 5664EA;https://irodion-geldrop.nl;OK;tak;tak;;WordPress;Facebook, YouTube;NIEUSTALONE (wymaga zdjęć lub wizji lokalnej);;;;;;Podstawy online OK;;witryna/szyld, druk (menu, ulotki), odzież dla personelu (do sprawdzenia na miejscu);nie kontaktowano;OpenStreetMap (amenity=restaurant, node/2872354920);2026-10-10
Gastronomia;C;2;Istanbul;Eindhoven;Bredalaan 35 5652JA;https://www.istanbul-eindhoven.nl;NIEUSTALONE (brak połączenia z mojego środowiska);;;;;;NIEUSTALONE (wymaga zdjęć lub wizji lokalnej);;;;;;Nieustalone;;witryna/szyld, druk (menu, ulotki), odzież dla personelu (do sprawdzenia na miejscu);nie kontaktowano;OpenStreetMap (amenity=fast_food, node/2713920134);2026-10-10
Gastronomia;C;2;Istanbul;Valkenswaard;Leenderweg 39 5554CK;https://www.istanbulgrillrestaurant-valkenswaard.nl;NIEUSTALONE (brak połączenia z mojego środowiska);;;;;;NIEUSTALONE (wymaga zdjęć lub wizji lokalnej);;;;;;Nieustalone;;witryna/szyld, druk (menu, ulotki), odzież dla personelu (do sprawdzenia na miejscu);nie kontaktowano;OpenStreetMap (amenity=restaurant, node/2829229509);2026-10-10
Gastronomia;C;2;Jacobushof;Boxtel;Middendreef 2 5281ST;https://www.jacobushof.com;NIEUSTALONE (brak połączenia z mojego środowiska);;;;;;NIEUSTALONE (wymaga zdjęć lub wizji lokalnej);;;;;;Nieustalone;;witryna/szyld, druk (menu, ulotki), odzież dla personelu (do sprawdzenia na miejscu);nie kontaktowano;OpenStreetMap (amenity=restaurant, node/2591983115);2026-10-10
Gastronomia;C;2;James Bistro & Bar;Eindhoven;Gestelsestraat 217 5654AL;https://james-eindhoven.nl;OK;tak;tak;2024;WordPress;Instagram;NIEUSTALONE (wymaga zdjęć lub wizji lokalnej);;;;;;Podstawy online OK;;witryna/szyld, druk (menu, ulotki), odzież dla personelu (do sprawdzenia na miejscu);nie kontaktowano;OpenStreetMap (amenity=restaurant, node/2721202577);2026-10-10
Gastronomia;C;2;Jinweide Beef Noodles;Eindhoven;Edenstraat 13 5611JM;https://www.instagram.com/jinweide.nl/;NIEUSTALONE (blokada robotów);;;;;;NIEUSTALONE (wymaga zdjęć lub wizji lokalnej);;;;;;Nieustalone;;witryna/szyld, druk (menu, ulotki), odzież dla personelu (do sprawdzenia na miejscu);nie kontaktowano;OpenStreetMap (amenity=restaurant, node/2764284115) + wyszukiwarka + wyszukiwarka + wyszukiwarka;2026-10-10
Gastronomia;C;2;Joe Mann Paviljoen;Best;Joe Mannweg 4 5681PT;https://joe-mann.nl;OK;tak;tak;2024;WordPress;Facebook;NIEUSTALONE (wymaga zdjęć lub wizji lokalnej);;;;;;Podstawy online OK;;witryna/szyld, druk (menu, ulotki), odzież dla personelu (do sprawdzenia na miejscu);nie kontaktowano;OpenStreetMap (amenity=restaurant, node/2732597652);2026-10-10
Gastronomia;C;2;Jojo's Delight;Eindhoven;Korianderstraat 22 5643AS;https://jojos-delight-eindhoven.nl/;OK;tak;tak;2026;;Facebook;NIEUSTALONE (wymaga zdjęć lub wizji lokalnej);;;;;;Podstawy online OK;;witryna/szyld, druk (menu, ulotki), odzież dla personelu (do sprawdzenia na miejscu);nie kontaktowano;OpenStreetMap (amenity=restaurant, node/4763545402);2026-10-10
Gastronomia;C;2;Joto's board game cafe;Eindhoven;Torenallee 22-02 5617BD;https://www.jotosboardgamecafe.nl/;OK;tak;tak;2026;;Instagram, TikTok;NIEUSTALONE (wymaga zdjęć lub wizji lokalnej);;;;;;Podstawy online OK;;witryna/szyld, druk (menu, ulotki), odzież dla personelu (do sprawdzenia na miejscu);nie kontaktowano;OpenStreetMap (amenity=cafe, node/2754997997);2026-10-10
Gastronomia;C;2;Karel1 Museumcafé;Eindhoven;Stratumsedijk 2 5611ND;https://www.karel1.nl;NIEUSTALONE (brak połączenia z mojego środowiska);;;;;;NIEUSTALONE (wymaga zdjęć lub wizji lokalnej);;;;;;Nieustalone;;witryna/szyld, druk (menu, ulotki), odzież dla personelu (do sprawdzenia na miejscu);nie kontaktowano;OpenStreetMap (amenity=cafe, node/530637257);2026-10-10
Gastronomia;C;2;Kazerne;Eindhoven;Paradijslaan 2 5611KN;https://www.kazerne.com/restaurant;OK;tak;tak;2025;WordPress;Facebook, Instagram, LinkedIn, YouTube;NIEUSTALONE (wymaga zdjęć lub wizji lokalnej);;;;;;Podstawy online OK;;witryna/szyld, druk (menu, ulotki), odzież dla personelu (do sprawdzenia na miejscu);nie kontaktowano;OpenStreetMap (amenity=restaurant, node/2764284906);2026-10-10
Gastronomia;C;2;Kazerne By Day;Eindhoven;Grote Berg 9 5611KH;https://kazerne-byday.nl;OK;tak;tak;;Webflow;Facebook, Instagram;NIEUSTALONE (wymaga zdjęć lub wizji lokalnej);;;;;;Podstawy online OK;;witryna/szyld, druk (menu, ulotki), odzież dla personelu (do sprawdzenia na miejscu);nie kontaktowano;OpenStreetMap (amenity=cafe, node/2764287387);2026-10-10
Gastronomia;C;2;KoekenEi;Bladel;Sniederslaan 1 5531EG;https://lunchcafekoekenei.nl/;OK;tak;tak;;WordPress;Instagram;NIEUSTALONE (wymaga zdjęć lub wizji lokalnej);;;;;;Podstawy online OK;;witryna/szyld, druk (menu, ulotki), odzież dla personelu (do sprawdzenia na miejscu);nie kontaktowano;OpenStreetMap (amenity=cafe, node/4433360666);2026-10-10
Gastronomia;C;2;Koffie Keuten;Eindhoven;Geldropseweg 144a;https://www.koffiekeuten.nl;OK;tak;tak;;;Facebook, Instagram;NIEUSTALONE (wymaga zdjęć lub wizji lokalnej);;;;;;Podstawy online OK;;witryna/szyld, druk (menu, ulotki), odzież dla personelu (do sprawdzenia na miejscu);nie kontaktowano;OpenStreetMap (amenity=cafe, node/10793196911);2026-10-10
Gastronomia;C;2;Koks;Gemert;Koksedijk 25 5421ZB;https://koksgemert.nl;OK;tak;tak;;WordPress;Facebook, Instagram, LinkedIn;NIEUSTALONE (wymaga zdjęć lub wizji lokalnej);;;;;;Podstawy online OK;;witryna/szyld, druk (menu, ulotki), odzież dla personelu (do sprawdzenia na miejscu);nie kontaktowano;OpenStreetMap (amenity=restaurant, node/3004877711);2026-10-10
Gastronomia;C;2;Komaen;Oirschot;Spoordonkseweg 80 5688KE;https://www.komaen.nl/nl/;OK;tak;tak;2026;;Facebook, Instagram, TikTok, YouTube;NIEUSTALONE (wymaga zdjęć lub wizji lokalnej);;;;;;Podstawy online OK;;witryna/szyld, druk (menu, ulotki), odzież dla personelu (do sprawdzenia na miejscu);nie kontaktowano;OpenStreetMap (amenity=cafe, node/2825870319);2026-10-10
Gastronomia;C;2;Krok Madam;Eindhoven;Nieuwe Emmasingel 5 5611AM;https://www.krokmadam.nl/;NIEUSTALONE (blokada robotów);;;;;;NIEUSTALONE (wymaga zdjęć lub wizji lokalnej);;;;;;Nieustalone;;witryna/szyld, druk (menu, ulotki), odzież dla personelu (do sprawdzenia na miejscu);nie kontaktowano;OpenStreetMap (amenity=cafe, node/2765448741);2026-10-10
Gastronomia;C;2;Kruidenlucht;Casteren;Kranenberg 18 5529NE;https://www.kruidenlucht.nl;OK;tak;tak;;Wix;Facebook, Instagram;NIEUSTALONE (wymaga zdjęć lub wizji lokalnej);;;;;;Podstawy online OK;;witryna/szyld, druk (menu, ulotki), odzież dla personelu (do sprawdzenia na miejscu);nie kontaktowano;OpenStreetMap (amenity=restaurant, node/2827182899);2026-10-10
Gastronomia;C;2;La Dolce Vita;Eersel;Kerkstraat 42E 5521JL;https://ladolcevitaeersel.nl/;OK;tak;tak;;WordPress;Facebook;NIEUSTALONE (wymaga zdjęć lub wizji lokalnej);;;;;;Podstawy online OK;;witryna/szyld, druk (menu, ulotki), odzież dla personelu (do sprawdzenia na miejscu);nie kontaktowano;OpenStreetMap (amenity=restaurant, node/2828644102);2026-10-10
Gastronomia;C;2;La Fontana;Eindhoven;Stratumseind 50 5611EV;https://la-fontana-eindhoven.nl/;OK;tak;tak;2026;WordPress;Facebook, Instagram;NIEUSTALONE (wymaga zdjęć lub wizji lokalnej);;;;;;Podstawy online OK;;witryna/szyld, druk (menu, ulotki), odzież dla personelu (do sprawdzenia na miejscu);nie kontaktowano;OpenStreetMap (amenity=fast_food, node/2765282918);2026-10-10
Gastronomia;C;2;La Salsa Latina;Geldrop;Langstraat 2B 5664GG;https://www.lasalsalatina.com/;OK;tak;tak;;;Facebook, Instagram;NIEUSTALONE (wymaga zdjęć lub wizji lokalnej);;;;;;Podstawy online OK;;witryna/szyld, druk (menu, ulotki), odzież dla personelu (do sprawdzenia na miejscu);nie kontaktowano;OpenStreetMap (amenity=restaurant, node/2872357518);2026-10-10
Gastronomia;C;2;La Trattoria Da Manuel;Geldrop;Nieuwendijk 15 5664HA;https://www.latrattoriadamanuel.nl;NIEUSTALONE (brak połączenia z mojego środowiska);;;;;;NIEUSTALONE (wymaga zdjęć lub wizji lokalnej);;;;;;Nieustalone;;witryna/szyld, druk (menu, ulotki), odzież dla personelu (do sprawdzenia na miejscu);nie kontaktowano;OpenStreetMap (amenity=restaurant, node/1792091457);2026-10-10
Gastronomia;C;2;Le Charme;Eindhoven;Nieuwe Emmasingel 58 5611AM;https://www.thuisbezorgd.nl/menu/le-charme-1;NIEUSTALONE (blokada robotów);;;;;;NIEUSTALONE (wymaga zdjęć lub wizji lokalnej);;;;;;Nieustalone;;witryna/szyld, druk (menu, ulotki), odzież dla personelu (do sprawdzenia na miejscu);nie kontaktowano;OpenStreetMap (amenity=fast_food, node/2765448962) + wyszukiwarka;2026-10-10
Gastronomia;C;2;Le Sable;Veldhoven;Zandoerle 5 5507RJ;https://restaurantlesable.nl/;OK;tak;tak;2024;WordPress;Facebook, Instagram;NIEUSTALONE (wymaga zdjęć lub wizji lokalnej);;;;;;Podstawy online OK;;witryna/szyld, druk (menu, ulotki), odzież dla personelu (do sprawdzenia na miejscu);nie kontaktowano;OpenStreetMap (amenity=restaurant, node/1836684543);2026-10-10
Gastronomia;C;2;Lekker Bijzonder;Gemert;Nieuwstraat 2 5421KP;https://www.lekkerbijzonder.nl;OK;tak;tak;;WordPress;Facebook, YouTube;NIEUSTALONE (wymaga zdjęć lub wizji lokalnej);;;;;;Podstawy online OK;;witryna/szyld, druk (menu, ulotki), odzież dla personelu (do sprawdzenia na miejscu);nie kontaktowano;OpenStreetMap (amenity=restaurant, node/3005542213);2026-10-10
Gastronomia;C;2;Lekkerr;Steensel;Frans van Nunenstraat 1 5524AT;https://lekkerrsteensel.nl;OK;tak;tak;;WordPress;Facebook, Instagram;NIEUSTALONE (wymaga zdjęć lub wizji lokalnej);;;;;;Podstawy online OK;;witryna/szyld, druk (menu, ulotki), odzież dla personelu (do sprawdzenia na miejscu);nie kontaktowano;OpenStreetMap (amenity=restaurant, node/2828557546);2026-10-10
Gastronomia;C;2;Liberty's Havana;Bladel;Markt 2 5531BA;https://libertys-havana.nl/;OK;tak;tak;2026;;Facebook, Instagram, LinkedIn, YouTube;NIEUSTALONE (wymaga zdjęć lub wizji lokalnej);;;;;;Podstawy online OK;;witryna/szyld, druk (menu, ulotki), odzież dla personelu (do sprawdzenia na miejscu);nie kontaktowano;OpenStreetMap (amenity=pub, node/2827059719);2026-10-10
Gastronomia;C;2;Lithos;Eindhoven;Kerkstraat 40 5611GK;https://grieksrestaurant-lithos.nl/;OK;tak;tak;;;Facebook, YouTube;NIEUSTALONE (wymaga zdjęć lub wizji lokalnej);;;;;;Podstawy online OK;;witryna/szyld, druk (menu, ulotki), odzież dla personelu (do sprawdzenia na miejscu);nie kontaktowano;OpenStreetMap (amenity=restaurant, node/2765368827);2026-10-10
Gastronomia;C;2;LKKR & ZO;Helmond;Engelseweg 214 5705AK;https://www.lkkrenzo.nl;OK;tak;tak;2026;WordPress;Facebook, Instagram;NIEUSTALONE (wymaga zdjęć lub wizji lokalnej);;;;;;Podstawy online OK;;witryna/szyld, druk (menu, ulotki), odzież dla personelu (do sprawdzenia na miejscu);nie kontaktowano;OpenStreetMap (amenity=restaurant, node/2902558483);2026-10-10
Gastronomia;C;2;Lokaal 42;Helmond;Markt 42 5701RL;https://www.lokaal42.nl/;OK;tak;tak;;WordPress;Facebook, Instagram, YouTube;NIEUSTALONE (wymaga zdjęć lub wizji lokalnej);;;;;;Podstawy online OK;;witryna/szyld, druk (menu, ulotki), odzież dla personelu (do sprawdzenia na miejscu);nie kontaktowano;OpenStreetMap (amenity=pub, node/2903873574);2026-10-10
Gastronomia;C;2;LouLou;Eindhoven;Vestdijk 9 5611CA;https://loulou-eindhoven.nl/;OK;tak;tak;;WordPress;Facebook, Instagram, TikTok;NIEUSTALONE (wymaga zdjęć lub wizji lokalnej);;;;;;Podstawy online OK;;witryna/szyld, druk (menu, ulotki), odzież dla personelu (do sprawdzenia na miejscu);nie kontaktowano;OpenStreetMap (amenity=restaurant, node/2765161378);2026-10-10
Gastronomia;C;2;Lunch & Diner 38;Hapert;Markt 38 5527EN;https://www.lunchdiner38.nl/;OK;tak;tak;;WordPress;Facebook, Instagram;NIEUSTALONE (wymaga zdjęć lub wizji lokalnej);;;;;;Podstawy online OK;;witryna/szyld, druk (menu, ulotki), odzież dla personelu (do sprawdzenia na miejscu);nie kontaktowano;OpenStreetMap (amenity=restaurant, node/2827405403);2026-10-10
Gastronomia;C;2;Lunch & More;Eersel;Markt 26 5521AL;https://lunchenmore.nl/;OK;tak;tak;2026;WordPress;Facebook, Instagram, TikTok;NIEUSTALONE (wymaga zdjęć lub wizji lokalnej);;;;;;Podstawy online OK;;witryna/szyld, druk (menu, ulotki), odzież dla personelu (do sprawdzenia na miejscu);nie kontaktowano;OpenStreetMap (amenity=restaurant, node/2828638673);2026-10-10
Gastronomia;C;2;Lunchcafé Janssen;Nuenen;Parkstraat 2C 5671GG;https://www.lunchcafejanssen.nl;NIEUSTALONE (blokada robotów);;;;;;NIEUSTALONE (wymaga zdjęć lub wizji lokalnej);;;;;;Nieustalone;;witryna/szyld, druk (menu, ulotki), odzież dla personelu (do sprawdzenia na miejscu);nie kontaktowano;OpenStreetMap (amenity=cafe, node/13013884599);2026-10-10
Gastronomia;C;2;Lunchroom De Keyzer;Helmond;Torenstraat 17 5701SH;https://www.lunchroomdekeyser.nl/;OK;tak;tak;;WordPress;Facebook;NIEUSTALONE (wymaga zdjęć lub wizji lokalnej);;;;;;Podstawy online OK;;witryna/szyld, druk (menu, ulotki), odzież dla personelu (do sprawdzenia na miejscu);nie kontaktowano;OpenStreetMap (amenity=restaurant, node/2903869880);2026-10-10
Gastronomia;C;2;Manca;Veldhoven;Kromstraat 2 5504BC;https://manca.nl;OK;tak;tak;;WordPress;Facebook, Instagram, TikTok;NIEUSTALONE (wymaga zdjęć lub wizji lokalnej);;;;;;Podstawy online OK;;witryna/szyld, druk (menu, ulotki), odzież dla personelu (do sprawdzenia na miejscu);nie kontaktowano;OpenStreetMap (amenity=restaurant, node/2833145040);2026-10-10
Gastronomia;C;2;Mangiare;Eindhoven;Kleine Berg 67A 5611JT;https://www.trattoriamangiare.nl;OK;tak;tak;;WordPress;Facebook, Instagram;NIEUSTALONE (wymaga zdjęć lub wizji lokalnej);;;;;;Podstawy online OK;;witryna/szyld, druk (menu, ulotki), odzież dla personelu (do sprawdzenia na miejscu);nie kontaktowano;OpenStreetMap (amenity=restaurant, node/2764378004);2026-10-10
Gastronomia;C;2;Manju;Eindhoven;Nieuwe Emmasingel 42 5611AM;https://www.manju-streetfood.nl/;NIEUSTALONE (brak połączenia z mojego środowiska);;;;;;NIEUSTALONE (wymaga zdjęć lub wizji lokalnej);;;;;;Nieustalone;;witryna/szyld, druk (menu, ulotki), odzież dla personelu (do sprawdzenia na miejscu);nie kontaktowano;OpenStreetMap (amenity=fast_food, node/2765448557);2026-10-10
Gastronomia;C;2;Mannam;Eindhoven;Catharinaplein 37 5611DE;https://mannambar.nl/;NIEUSTALONE (blokada robotów);;;;;;NIEUSTALONE (wymaga zdjęć lub wizji lokalnej);;;;;;Nieustalone;;witryna/szyld, druk (menu, ulotki), odzież dla personelu (do sprawdzenia na miejscu);nie kontaktowano;OpenStreetMap (amenity=restaurant, node/2765282281);2026-10-10
Gastronomia;C;2;Matsu;Eindhoven;Torenallee 18 5617BC;https://www.matsu.nl;OK;tak;tak;;WordPress;Instagram;NIEUSTALONE (wymaga zdjęć lub wizji lokalnej);;;;;;Podstawy online OK;;witryna/szyld, druk (menu, ulotki), odzież dla personelu (do sprawdzenia na miejscu);nie kontaktowano;OpenStreetMap (amenity=restaurant, node/5827867080);2026-10-10
Gastronomia;C;2;Meester Keeman;Waalre;Markt 21 5581GK;https://www.meesterkeeman.nl/;OK;tak;tak;;WordPress;Facebook, Instagram;NIEUSTALONE (wymaga zdjęć lub wizji lokalnej);;;;;;Podstawy online OK;;witryna/szyld, druk (menu, ulotki), odzież dla personelu (do sprawdzenia na miejscu);nie kontaktowano;OpenStreetMap (amenity=restaurant, node/2931188278);2026-10-10
Gastronomia;C;2;Meneer de Boer;Eindhoven;Keizersgracht 20 5611GD;https://www.meneerdeboer.nl;OK;tak;tak;;WordPress;Facebook, Instagram;NIEUSTALONE (wymaga zdjęć lub wizji lokalnej);;;;;;Podstawy online OK;;witryna/szyld, druk (menu, ulotki), odzież dla personelu (do sprawdzenia na miejscu);nie kontaktowano;OpenStreetMap (amenity=cafe, node/2764374179);2026-10-10
Gastronomia;C;2;Meteora;Sint-Oedenrode;Heuvel 6 5492AD;https://www.meteora-rooi.nl;OK;tak;tak;;WordPress;Facebook;NIEUSTALONE (wymaga zdjęć lub wizji lokalnej);;;;;;Podstawy online OK;;witryna/szyld, druk (menu, ulotki), odzież dla personelu (do sprawdzenia na miejscu);nie kontaktowano;OpenStreetMap (amenity=restaurant, node/2796131306);2026-10-10
Gastronomia;C;2;Mi Amor;Eindhoven;Pastoor Petersstraat 2A 5612LR;https://www.miamor-eindhoven.nl/;NIEUSTALONE (brak połączenia z mojego środowiska);;;;;;NIEUSTALONE (wymaga zdjęć lub wizji lokalnej);;;;;;Nieustalone;;witryna/szyld, druk (menu, ulotki), odzież dla personelu (do sprawdzenia na miejscu);nie kontaktowano;OpenStreetMap (amenity=restaurant, node/4752349373);2026-10-10
Gastronomia;C;2;Mimo's;Waalre;Eindhovenseweg 48 5582HT;https://www.mimo-s.nl;OK;tak;tak;;WordPress;Facebook;NIEUSTALONE (wymaga zdjęć lub wizji lokalnej);;;;;;Podstawy online OK;;witryna/szyld, druk (menu, ulotki), odzież dla personelu (do sprawdzenia na miejscu);nie kontaktowano;OpenStreetMap (amenity=restaurant, node/2929768299);2026-10-10
Gastronomia;C;2;Minos Pallas;Eindhoven;Geldropseweg 440 5645TL;https://www.minospallas.nu/;NIEUSTALONE (brak połączenia z mojego środowiska);;;;;;NIEUSTALONE (wymaga zdjęć lub wizji lokalnej);;;;;;Nieustalone;;witryna/szyld, druk (menu, ulotki), odzież dla personelu (do sprawdzenia na miejscu);nie kontaktowano;OpenStreetMap (amenity=restaurant, node/2743577589);2026-10-10
Gastronomia;C;2;Moka;Eindhoven;Nieuwe Emmasingel 11 5611AM;https://www.brood2day.nl/;NIEUSTALONE (brak połączenia z mojego środowiska);;;;;;NIEUSTALONE (wymaga zdjęć lub wizji lokalnej);;;;;;Nieustalone;;witryna/szyld, druk (menu, ulotki), odzież dla personelu (do sprawdzenia na miejscu);nie kontaktowano;OpenStreetMap (amenity=fast_food, node/6327418207);2026-10-10
Gastronomia;C;2;Mona Lisa;Eindhoven;Biarritzplein 12 5627LE;https://www.monalisa-eindhoven.nl/;NIEUSTALONE (brak połączenia z mojego środowiska);;;;;;NIEUSTALONE (wymaga zdjęć lub wizji lokalnej);;;;;;Nieustalone;;witryna/szyld, druk (menu, ulotki), odzież dla personelu (do sprawdzenia na miejscu);nie kontaktowano;OpenStreetMap (amenity=restaurant, node/2747618280);2026-10-10
Gastronomia;C;2;Mooi Weer;Bakel;Dorpsstraat 14 5761BN;https://www.mooiweerbakel.nl/;OK;tak;tak;;;Facebook;NIEUSTALONE (wymaga zdjęć lub wizji lokalnej);;;;;;Podstawy online OK;;witryna/szyld, druk (menu, ulotki), odzież dla personelu (do sprawdzenia na miejscu);nie kontaktowano;OpenStreetMap (amenity=restaurant, node/3014822686);2026-10-10
Gastronomia;C;2;Mostar-Grill;Helmond;Kerkstraat 47 5701PL;https://www.mostar-grill.nl/;OK;tak;tak;;WordPress;Facebook;NIEUSTALONE (wymaga zdjęć lub wizji lokalnej);;;;;;Podstawy online OK;;witryna/szyld, druk (menu, ulotki), odzież dla personelu (do sprawdzenia na miejscu);nie kontaktowano;OpenStreetMap (amenity=restaurant, node/2903873761);2026-10-10
Gastronomia;C;2;Mrs Park;Eindhoven;Waterfront 402 5658SN;https://mrspark.nl/;OK;tak;tak;2022;WordPress;Facebook, Instagram;NIEUSTALONE (wymaga zdjęć lub wizji lokalnej);;;;;;Podstawy online OK;;witryna/szyld, druk (menu, ulotki), odzież dla personelu (do sprawdzenia na miejscu);nie kontaktowano;OpenStreetMap (amenity=restaurant, node/9762531568);2026-10-10
Gastronomia;C;2;Mt. Everest;Eindhoven;Gestelsestraat 9B 5615LA;https://restaurantmteverest.nl/;NIEUSTALONE (brak połączenia z mojego środowiska);;;;;;NIEUSTALONE (wymaga zdjęć lub wizji lokalnej);;;;;;Nieustalone;;witryna/szyld, druk (menu, ulotki), odzież dla personelu (do sprawdzenia na miejscu);nie kontaktowano;OpenStreetMap (amenity=restaurant, node/2748520300);2026-10-10
Gastronomia;C;2;Mythos;Someren;Nieuwendijk 40 5712EN;https://www.mythos-someren.nl;OK;tak;tak;2026;Site123;Facebook, Instagram;NIEUSTALONE (wymaga zdjęć lub wizji lokalnej);;;;;;Podstawy online OK;;witryna/szyld, druk (menu, ulotki), odzież dla personelu (do sprawdzenia na miejscu);nie kontaktowano;OpenStreetMap (amenity=restaurant, node/2851435324);2026-10-10
Gastronomia;C;2;Más;Helmond;Markt 211 5701RJ;https://mas.caferestaurantvdbrug.nl/;OK;tak;tak;;WordPress;Facebook, Instagram;NIEUSTALONE (wymaga zdjęć lub wizji lokalnej);;;;;;Podstawy online OK;;witryna/szyld, druk (menu, ulotki), odzież dla personelu (do sprawdzenia na miejscu);nie kontaktowano;OpenStreetMap (amenity=restaurant, node/2903870528);2026-10-10
Gastronomia;C;2;NatLab;Eindhoven;Kastanjelaan 500 5616LZ;https://www.natlab.nl/;NIEUSTALONE (brak połączenia z mojego środowiska);;;;;;NIEUSTALONE (wymaga zdjęć lub wizji lokalnej);;;;;;Nieustalone;;witryna/szyld, druk (menu, ulotki), odzież dla personelu (do sprawdzenia na miejscu);nie kontaktowano;OpenStreetMap (amenity=restaurant, node/8944180311);2026-10-10
Gastronomia;C;2;Nemanja;Helmond;Hoofdstraat 149 5706AL;http://www.nemanja.nl;NIEUSTALONE (brak połączenia z mojego środowiska);;;;;;NIEUSTALONE (wymaga zdjęć lub wizji lokalnej);;;;;;Nieustalone;;witryna/szyld, druk (menu, ulotki), odzież dla personelu (do sprawdzenia na miejscu);nie kontaktowano;OpenStreetMap (amenity=ice_cream, node/2901717423);2026-10-10
Gastronomia;C;2;Net Iets Anders;Oisterwijk;Scheibaan 5C 5062TM;https://www.netietsanders.nl;OK;tak;tak;;WordPress;Facebook;NIEUSTALONE (wymaga zdjęć lub wizji lokalnej);;;;;;Podstawy online OK;;witryna/szyld, druk (menu, ulotki), odzież dla personelu (do sprawdzenia na miejscu);nie kontaktowano;OpenStreetMap (amenity=restaurant, node/354980324);2026-10-10
Gastronomia;C;2;Nico's Mexican Food;Eindhoven;Hoogstraat 111 5615PB;https://nicosmexicanfood.nl;NIEUSTALONE (blokada robotów);;;;;;NIEUSTALONE (wymaga zdjęć lub wizji lokalnej);;;;;;Nieustalone;;witryna/szyld, druk (menu, ulotki), odzież dla personelu (do sprawdzenia na miejscu);nie kontaktowano;OpenStreetMap (amenity=fast_food, node/2748516963);2026-10-10
Gastronomia;C;2;Nieuwe Chinese Muur;Eindhoven;Franz Leharplein 23B 5654AZ;https://www.nieuwechinesemuur.com/;NIEUSTALONE (brak połączenia z mojego środowiska);;;;;;NIEUSTALONE (wymaga zdjęć lub wizji lokalnej);;;;;;Nieustalone;;witryna/szyld, druk (menu, ulotki), odzież dla personelu (do sprawdzenia na miejscu);nie kontaktowano;OpenStreetMap (amenity=restaurant, node/2721156214);2026-10-10
Gastronomia;C;2;No. 12;Eindhoven;Grote Berg 12 5611KK;https://no12eindhoven.nl;OK;tak;tak;;;Instagram;NIEUSTALONE (wymaga zdjęć lub wizji lokalnej);;;;;;Podstawy online OK;;witryna/szyld, druk (menu, ulotki), odzież dla personelu (do sprawdzenia na miejscu);nie kontaktowano;OpenStreetMap (amenity=restaurant, node/2764371921);2026-10-10
Gastronomia;C;2;NOVA Kitchen Bar;Eindhoven;Bergstraat 41 5611JX;https://nova-eindhoven.nl;OK;tak;tak;2026;WordPress;Instagram;NIEUSTALONE (wymaga zdjęć lub wizji lokalnej);;;;;;Podstawy online OK;;witryna/szyld, druk (menu, ulotki), odzież dla personelu (do sprawdzenia na miejscu);nie kontaktowano;OpenStreetMap (amenity=restaurant, node/2764376244);2026-10-10
Gastronomia;C;2;NU;Eersel;Markt 21 5521AK;https://www.restaurantnu.nl;OK;tak;tak;2024;WordPress;Facebook, Instagram;NIEUSTALONE (wymaga zdjęć lub wizji lokalnej);;;;;;Podstawy online OK;;witryna/szyld, druk (menu, ulotki), odzież dla personelu (do sprawdzenia na miejscu);nie kontaktowano;OpenStreetMap (amenity=restaurant, node/2828636597);2026-10-10
Gastronomia;C;2;Nyonya;Son en Breugel;Raadhuisplein 30a 5691AM;https://www.nyonyathai.nl/;OK;tak;tak;2025;;Facebook, Instagram;NIEUSTALONE (wymaga zdjęć lub wizji lokalnej);;;;;;Podstawy online OK;;witryna/szyld, druk (menu, ulotki), odzież dla personelu (do sprawdzenia na miejscu);nie kontaktowano;OpenStreetMap (amenity=restaurant, node/6590016631);2026-10-10
Gastronomia;C;2;O'Sheas Irish Pub;Eindhoven;Jan van Lieshoutstraat 9 5611EE;https://www.osheaseindhoven.com/;OK;tak;tak;2023;Wix;Facebook, Instagram;NIEUSTALONE (wymaga zdjęć lub wizji lokalnej);;;;;;Podstawy online OK;;witryna/szyld, druk (menu, ulotki), odzież dla personelu (do sprawdzenia na miejscu);nie kontaktowano;OpenStreetMap (amenity=pub, node/2765369510);2026-10-10
Gastronomia;C;2;Odille;Sint-Oedenrode;Markt 14 5492AB;https://odille.nl;OK;tak;tak;2025;WordPress;Instagram;NIEUSTALONE (wymaga zdjęć lub wizji lokalnej);;;;;;Podstawy online OK;;witryna/szyld, druk (menu, ulotki), odzież dla personelu (do sprawdzenia na miejscu);nie kontaktowano;OpenStreetMap (amenity=restaurant, node/2796096849);2026-10-10
Gastronomia;C;2;Oriental Greenhouse;Eindhoven;Aalsterweg 281 5644RD;https://www.orientalgreenhouse.nl/;OK;tak;tak;2026;WordPress;Facebook, Instagram;NIEUSTALONE (wymaga zdjęć lub wizji lokalnej);;;;;;Podstawy online OK;;witryna/szyld, druk (menu, ulotki), odzież dla personelu (do sprawdzenia na miejscu);nie kontaktowano;OpenStreetMap (amenity=restaurant, node/2739584502);2026-10-10
Gastronomia;C;2;Pand P;Eindhoven;Leenderweg 65 5614HL;https://pand-p.nl/home/eten-drinken/;OK;tak;tak;;WordPress;Facebook, Instagram, LinkedIn;NIEUSTALONE (wymaga zdjęć lub wizji lokalnej);;;;;;Podstawy online OK;;witryna/szyld, druk (menu, ulotki), odzież dla personelu (do sprawdzenia na miejscu);nie kontaktowano;OpenStreetMap (amenity=restaurant, node/12312274451);2026-10-10
Gastronomia;C;2;Pannekoekenhuis De Rode Haktol;Oirschot;Nieuwedijk 37 5688LK;https://derodehaktol.nl;OK;tak;tak;2025;WordPress;Facebook;NIEUSTALONE (wymaga zdjęć lub wizji lokalnej);;;;;;Podstawy online OK;;witryna/szyld, druk (menu, ulotki), odzież dla personelu (do sprawdzenia na miejscu);nie kontaktowano;OpenStreetMap (amenity=restaurant, node/348366155);2026-10-10
Gastronomia;C;2;Pannenkoekenhuis 't Struifhuis;Liempde;Raadhuisplein 4a 5298CB;https://www.struifhuis.nl/;OK;tak;tak;2026;;Facebook;NIEUSTALONE (wymaga zdjęć lub wizji lokalnej);;;;;;Podstawy online OK;;witryna/szyld, druk (menu, ulotki), odzież dla personelu (do sprawdzenia na miejscu);nie kontaktowano;OpenStreetMap (amenity=restaurant, node/2966095539);2026-10-10
Gastronomia;C;2;Parkpaviljoen Laarbeek;Beek en Donk;Parklaan 3 5741EZ;https://parkpaviljoenlaarbeek.nl;NIEUSTALONE (brak połączenia z mojego środowiska);;;;;;NIEUSTALONE (wymaga zdjęć lub wizji lokalnej);;;;;;Nieustalone;;witryna/szyld, druk (menu, ulotki), odzież dla personelu (do sprawdzenia na miejscu);nie kontaktowano;OpenStreetMap (amenity=restaurant, node/2899179183);2026-10-10
Gastronomia;C;2;Pastry Club;Eindhoven;Machinekamer 7 5617AE;https://pastryclub.nl/;OK;tak;tak;2022;WordPress;Facebook, Instagram;NIEUSTALONE (wymaga zdjęć lub wizji lokalnej);;;;;;Podstawy online OK;;witryna/szyld, druk (menu, ulotki), odzież dla personelu (do sprawdzenia na miejscu);nie kontaktowano;OpenStreetMap (amenity=cafe, node/3651552408);2026-10-10
Gastronomia;C;2;Phò Max;Bladel;Markt 35 5531BC;https://www.phomax.nl;OK;tak;tak;2026;;Facebook;NIEUSTALONE (wymaga zdjęć lub wizji lokalnej);;;;;;Podstawy online OK;;witryna/szyld, druk (menu, ulotki), odzież dla personelu (do sprawdzenia na miejscu);nie kontaktowano;OpenStreetMap (amenity=restaurant, node/2827063590);2026-10-10
Gastronomia;C;2;Piazza Italia Geldrop;Geldrop;Korte Kerkstraat 48 5664HH;https://www.piazzaitalia-geldrop.nl;OK;tak;tak;2025;WordPress;Facebook, Instagram;NIEUSTALONE (wymaga zdjęć lub wizji lokalnej);;;;;;Podstawy online OK;;witryna/szyld, druk (menu, ulotki), odzież dla personelu (do sprawdzenia na miejscu);nie kontaktowano;OpenStreetMap (amenity=restaurant, node/2872253322);2026-10-10
Gastronomia;C;2;Pidem;Eindhoven;Edisonstraat 105 5621HL;https://www.pidemrestaurant.nl/;OK;tak;tak;2026;;Facebook, Instagram;NIEUSTALONE (wymaga zdjęć lub wizji lokalnej);;;;;;Podstawy online OK;;witryna/szyld, druk (menu, ulotki), odzież dla personelu (do sprawdzenia na miejscu);nie kontaktowano;OpenStreetMap (amenity=restaurant, node/2780308590);2026-10-10
Gastronomia;C;2;Pizzeria Il Ponte;Son en Breugel;Raadhuisplein 7 5691AL;https://www.restaurantilponte.nl/;OK;tak;tak;2023;WordPress;Facebook;NIEUSTALONE (wymaga zdjęć lub wizji lokalnej);;;;;;Podstawy online OK;;witryna/szyld, druk (menu, ulotki), odzież dla personelu (do sprawdzenia na miejscu);nie kontaktowano;OpenStreetMap (amenity=restaurant, node/2792751197);2026-10-10
Gastronomia;C;2;Pizzeria La Piazza;Helmond;Bruhezerweg 3 5704CM;https://lapiazzahelmond.nl/;OK;tak;tak;;;Facebook;NIEUSTALONE (wymaga zdjęć lub wizji lokalnej);;;;;;Podstawy online OK;;witryna/szyld, druk (menu, ulotki), odzież dla personelu (do sprawdzenia na miejscu);nie kontaktowano;OpenStreetMap (amenity=restaurant, node/2746004713);2026-10-10
Gastronomia;C;2;Plaza De Heikant;Veldhoven;Dommelshei 4 5508VG;https://www.plazadeheikant.nl;OK;tak;tak;2026;;Facebook;NIEUSTALONE (wymaga zdjęć lub wizji lokalnej);;;;;;Podstawy online OK;;witryna/szyld, druk (menu, ulotki), odzież dla personelu (do sprawdzenia na miejscu);nie kontaktowano;OpenStreetMap (amenity=fast_food, node/431169874);2026-10-10
Gastronomia;C;2;Plaza Jagershoef;;;https://www.plazajagershoef.nl;OK;tak;tak;2026;;Facebook, Instagram;NIEUSTALONE (wymaga zdjęć lub wizji lokalnej);;;;;;Podstawy online OK;;witryna/szyld, druk (menu, ulotki), odzież dla personelu (do sprawdzenia na miejscu);nie kontaktowano;OpenStreetMap (amenity=fast_food, node/2579274858);2026-10-10
Gastronomia;C;2;Pluk Pannenkoekenhuis;;;https://www.pannenkoekenhuispluk.nl;OK;tak;tak;2026;;Facebook, Instagram, TikTok;NIEUSTALONE (wymaga zdjęć lub wizji lokalnej);;;;;;Podstawy online OK;;witryna/szyld, druk (menu, ulotki), odzież dla personelu (do sprawdzenia na miejscu);nie kontaktowano;OpenStreetMap (amenity=restaurant, node/12995739023);2026-10-10
Gastronomia;C;2;Proeflokaal de Gaper;Eindhoven;Wilhelminaplein 5 5611HE;https://www.gaper.nl;NIEUSTALONE (blokada robotów);;;;;;NIEUSTALONE (wymaga zdjęć lub wizji lokalnej);;;;;;Nieustalone;;witryna/szyld, druk (menu, ulotki), odzież dla personelu (do sprawdzenia na miejscu);nie kontaktowano;OpenStreetMap (amenity=pub, node/1886079737);2026-10-10
Gastronomia;C;2;Pyaar Restaurant;Eindhoven;Winkelcentrum Woensel 314 5625AG;https://pyaarrestaurant.nl/;OK;tak;tak;2026;;Facebook, Instagram;NIEUSTALONE (wymaga zdjęć lub wizji lokalnej);;;;;;Podstawy online OK;;witryna/szyld, druk (menu, ulotki), odzież dla personelu (do sprawdzenia na miejscu);nie kontaktowano;OpenStreetMap (amenity=restaurant, node/2751969749);2026-10-10
Gastronomia;C;2;Queen Bee;Eindhoven;Winkelcentrum Woensel 406 5625AG;https://lunchroomqueenbee.nl;OK;tak;tak;;WordPress;Facebook, Instagram;NIEUSTALONE (wymaga zdjęć lub wizji lokalnej);;;;;;Podstawy online OK;;witryna/szyld, druk (menu, ulotki), odzież dla personelu (do sprawdzenia na miejscu);nie kontaktowano;OpenStreetMap (amenity=cafe, node/2751970319);2026-10-10
Gastronomia;C;2;Quercia Houtoven & Pizza;Someren;Boerenkamplaan 54 5712AG;http://www.quercia.info;NIEUSTALONE (blokada robotów);;;;;;NIEUSTALONE (wymaga zdjęć lub wizji lokalnej);;;;;;Nieustalone;;witryna/szyld, druk (menu, ulotki), odzież dla personelu (do sprawdzenia na miejscu);nie kontaktowano;OpenStreetMap (amenity=restaurant, node/3713421360);2026-10-10
Gastronomia;C;2;Rama;Eindhoven;Woenselse Markt 49 5612CS;https://www.ramarestaurant.nl/;OK;tak;tak;2026;;Facebook;NIEUSTALONE (wymaga zdjęć lub wizji lokalnej);;;;;;Podstawy online OK;;witryna/szyld, druk (menu, ulotki), odzież dla personelu (do sprawdzenia na miejscu);nie kontaktowano;OpenStreetMap (amenity=restaurant, node/2778246274);2026-10-10
Gastronomia;C;2;Rasamayi Foods;Eindhoven;Bleekweg 67 5611EZ;https://rasamayifoods.com;OK;tak;tak;;Wix;Facebook, Instagram;NIEUSTALONE (wymaga zdjęć lub wizji lokalnej);;;;;;Podstawy online OK;;witryna/szyld, druk (menu, ulotki), odzież dla personelu (do sprawdzenia na miejscu);nie kontaktowano;OpenStreetMap (amenity=restaurant, node/2759558722);2026-10-10
Gastronomia;C;2;Red Moon;Veldhoven;Van Vroonhovenlaan 57 5503CN;https://www.restaurantredmoon.nl/;NIEUSTALONE (brak połączenia z mojego środowiska);;;;;;NIEUSTALONE (wymaga zdjęć lub wizji lokalnej);;;;;;Nieustalone;;witryna/szyld, druk (menu, ulotki), odzież dla personelu (do sprawdzenia na miejscu);nie kontaktowano;OpenStreetMap (amenity=restaurant, node/2833217785);2026-10-10
Gastronomia;C;2;Reintje;Duizel;Wolverstraat 30 5525AS;http://www.reintje.eu/;OK;tak;tak;;WordPress;Facebook, Instagram, LinkedIn;NIEUSTALONE (wymaga zdjęć lub wizji lokalnej);;;;;;Podstawy online OK;;witryna/szyld, druk (menu, ulotki), odzież dla personelu (do sprawdzenia na miejscu);nie kontaktowano;OpenStreetMap (amenity=fast_food, node/4607421594);2026-10-10
Gastronomia;C;2;Residency For The People;Eindhoven;Kerkstraat 1 5611GH;https://residencyforthepeople.com/;OK;tak;tak;2022;WordPress;Facebook, Instagram;NIEUSTALONE (wymaga zdjęć lub wizji lokalnej);;;;;;Podstawy online OK;;witryna/szyld, druk (menu, ulotki), odzież dla personelu (do sprawdzenia na miejscu);nie kontaktowano;OpenStreetMap (amenity=restaurant, node/2765279468);2026-10-10
Gastronomia;C;2;Rest-o-Ricus;;;https://rest-o-ricus.nl;OK;tak;tak;2023;WordPress;Facebook, Instagram;NIEUSTALONE (wymaga zdjęć lub wizji lokalnej);;;;;;Podstawy online OK;;witryna/szyld, druk (menu, ulotki), odzież dla personelu (do sprawdzenia na miejscu);nie kontaktowano;OpenStreetMap (amenity=restaurant, node/12337553352);2026-10-10
Gastronomia;C;2;Restaria 't Hof;Eindhoven;Boschdijk 1037 5626AD;https://www.restariahethof.nl/;OK;tak;tak;2026;;Facebook, Instagram;NIEUSTALONE (wymaga zdjęć lub wizji lokalnej);;;;;;Podstawy online OK;;witryna/szyld, druk (menu, ulotki), odzież dla personelu (do sprawdzenia na miejscu);nie kontaktowano;OpenStreetMap (amenity=cafe, node/3594104947);2026-10-10
Gastronomia;C;2;Restaria de Bus;Helmond;Nieuwveld 1 5702HW;https://www.restariadebus.nl/;OK;tak;tak;2026;;Facebook;NIEUSTALONE (wymaga zdjęć lub wizji lokalnej);;;;;;Podstawy online OK;;witryna/szyld, druk (menu, ulotki), odzież dla personelu (do sprawdzenia na miejscu);nie kontaktowano;OpenStreetMap (amenity=restaurant, node/2903254674);2026-10-10
Gastronomia;C;2;Restaria De Hoek;Eindhoven;Stratumseind 10 5611ES;https://www.restariadehoek.nl/;OK;tak;tak;2026;;Facebook, Instagram;NIEUSTALONE (wymaga zdjęć lub wizji lokalnej);;;;;;Podstawy online OK;;witryna/szyld, druk (menu, ulotki), odzież dla personelu (do sprawdzenia na miejscu);nie kontaktowano;OpenStreetMap (amenity=fast_food, node/1931472196);2026-10-10
Gastronomia;C;2;Restaria Den Doel;Bladel;Sniederslaan 2A 5531EL;https://www.dendoel.nl;NIEUSTALONE (brak połączenia z mojego środowiska);;;;;;NIEUSTALONE (wymaga zdjęć lub wizji lokalnej);;;;;;Nieustalone;;witryna/szyld, druk (menu, ulotki), odzież dla personelu (do sprawdzenia na miejscu);nie kontaktowano;OpenStreetMap (amenity=restaurant, node/2827062454);2026-10-10
Gastronomia;C;2;Restaurant Fling;Eindhoven;Dommelstraat 9 5611CJ;https://www.restaurantfling.nl;OK;tak;tak;;WordPress;Facebook, Instagram, LinkedIn, TikTok, YouTube;NIEUSTALONE (wymaga zdjęć lub wizji lokalnej);;;;;;Podstawy online OK;;witryna/szyld, druk (menu, ulotki), odzież dla personelu (do sprawdzenia na miejscu);nie kontaktowano;OpenStreetMap (amenity=restaurant, node/2765161332);2026-10-10
Gastronomia;C;2;Restaurant Hotel Steensel;Steensel;Eindhovenseweg 43 5524AP;https://www.hotelsteensel.nl/restaurant;OK;tak;tak;;;Facebook, LinkedIn;NIEUSTALONE (wymaga zdjęć lub wizji lokalnej);;;;;;Podstawy online OK;;witryna/szyld, druk (menu, ulotki), odzież dla personelu (do sprawdzenia na miejscu);nie kontaktowano;OpenStreetMap (amenity=restaurant, node/3412417265);2026-10-10
Gastronomia;C;2;Restaurant Nagoya;Bladel;Markt 3 5531BA;https://www.restaurantnagoya.nl/;NIEUSTALONE (blokada robotów);;;;;;NIEUSTALONE (wymaga zdjęć lub wizji lokalnej);;;;;;Nieustalone;;witryna/szyld, druk (menu, ulotki), odzież dla personelu (do sprawdzenia na miejscu);nie kontaktowano;OpenStreetMap (amenity=restaurant, node/2827062971);2026-10-10
Gastronomia;C;2;Restaurant Nastrium & Foodbar The Backyard;Helmond;Mierloseweg 130 5707AR;https://nastrium.nl/;NIEUSTALONE (brak połączenia z mojego środowiska);;;;;;NIEUSTALONE (wymaga zdjęć lub wizji lokalnej);;;;;;Nieustalone;;witryna/szyld, druk (menu, ulotki), odzież dla personelu (do sprawdzenia na miejscu);nie kontaktowano;OpenStreetMap (amenity=restaurant, node/2901980984);2026-10-10
Gastronomia;C;2;Restaurant Osteria;Sint-Oedenrode;Markt 2a 5492AB;https://www.restaurantosteria.com;OK;tak;tak;;;Facebook, Instagram;NIEUSTALONE (wymaga zdjęć lub wizji lokalnej);;;;;;Podstawy online OK;;witryna/szyld, druk (menu, ulotki), odzież dla personelu (do sprawdzenia na miejscu);nie kontaktowano;OpenStreetMap (amenity=restaurant, node/4534159634);2026-10-10
Gastronomia;C;2;Rhodos;Veldhoven;Heerseweg 3 5504KN;https://rhodosdegriek.nl/;OK;tak;tak;;WordPress;Facebook, Instagram;NIEUSTALONE (wymaga zdjęć lub wizji lokalnej);;;;;;Podstawy online OK;;witryna/szyld, druk (menu, ulotki), odzież dla personelu (do sprawdzenia na miejscu);nie kontaktowano;OpenStreetMap (amenity=restaurant, node/1739585684);2026-10-10
Gastronomia;C;2;Rhodos;Gemert;Ridderplein 21 5421CW;https://grieksrestaurantgemert.nl;NIEUSTALONE (brak połączenia z mojego środowiska);;;;;Facebook;NIEUSTALONE (wymaga zdjęć lub wizji lokalnej);;;;;;Nieustalone;;witryna/szyld, druk (menu, ulotki), odzież dla personelu (do sprawdzenia na miejscu);nie kontaktowano;OpenStreetMap (amenity=restaurant, node/3005543338);2026-10-10
Gastronomia;C;2;ROKA;Helmond;Kerkstraat 45 5701PL;https://restaurantroka.nl/;NIEUSTALONE (brak połączenia z mojego środowiska);;;;;;NIEUSTALONE (wymaga zdjęć lub wizji lokalnej);;;;;;Nieustalone;;witryna/szyld, druk (menu, ulotki), odzież dla personelu (do sprawdzenia na miejscu);nie kontaktowano;OpenStreetMap (amenity=restaurant, node/2903873703);2026-10-10
Gastronomia;C;2;Rosèr;Son en Breugel;Nieuwstraat 8 5691AC;http://rozerson.nl/;NIEUSTALONE (brak połączenia z mojego środowiska);;;;;;NIEUSTALONE (wymaga zdjęć lub wizji lokalnej);;;;;;Nieustalone;;witryna/szyld, druk (menu, ulotki), odzież dla personelu (do sprawdzenia na miejscu);nie kontaktowano;OpenStreetMap (amenity=restaurant, node/2792751260);2026-10-10
Gastronomia;C;2;Ruitersportcentrum Manege Meulendijks;Heeze;Strabrechtseheideweg 6 5591TZ;https://www.manegemeulendijks.com/;OK;tak;tak;;;Facebook, Instagram;NIEUSTALONE (wymaga zdjęć lub wizji lokalnej);;;;;;Podstawy online OK;;witryna/szyld, druk (menu, ulotki), odzież dla personelu (do sprawdzenia na miejscu);nie kontaktowano;OpenStreetMap (amenity=restaurant, node/1705769280);2026-10-10
Gastronomia;C;2;Saffraan;Eindhoven;Tongelresestraat 321 5642NB;https://saffraanrestaurant.nl/;OK;tak;tak;2026;WordPress;Facebook, Instagram;NIEUSTALONE (wymaga zdjęć lub wizji lokalnej);;;;;;Podstawy online OK;;witryna/szyld, druk (menu, ulotki), odzież dla personelu (do sprawdzenia na miejscu);nie kontaktowano;OpenStreetMap (amenity=restaurant, node/9741390857);2026-10-10
Gastronomia;C;2;Salsa Shop;Eindhoven;Markt 37 5611EC;https://salsashop.com/;OK;tak;tak;2026;;Instagram, LinkedIn, TikTok;NIEUSTALONE (wymaga zdjęć lub wizji lokalnej);;;;;;Podstawy online OK;;witryna/szyld, druk (menu, ulotki), odzież dla personelu (do sprawdzenia na miejscu);nie kontaktowano;OpenStreetMap (amenity=fast_food, node/2765448354);2026-10-10
Gastronomia;C;2;Samogitia;Eindhoven;Edisonstraat 127 5621HM;https://samogitia.nl;OK;tak;tak;2026;WordPress;Facebook;NIEUSTALONE (wymaga zdjęć lub wizji lokalnej);;;;;;Podstawy online OK;;witryna/szyld, druk (menu, ulotki), odzież dla personelu (do sprawdzenia na miejscu);nie kontaktowano;OpenStreetMap (amenity=restaurant, node/2780309102);2026-10-10
Gastronomia;C;2;Samurai Ramen Eindhoven;Eindhoven;Nieuwe Emmasingel 92 5611AM;https://samurai-ramen.nl/;OK;tak;tak;2026;WordPress;Facebook, Instagram, TikTok;NIEUSTALONE (wymaga zdjęć lub wizji lokalnej);;;;;;Podstawy online OK;;witryna/szyld, druk (menu, ulotki), odzież dla personelu (do sprawdzenia na miejscu);nie kontaktowano;OpenStreetMap (amenity=restaurant, node/2765449986);2026-10-10
Gastronomia;C;2;Santiago de Cuba;Eindhoven;Stratumseind 65 5611EP;https://www.santiagodecuba.nl;OK;tak;tak;;WordPress;Facebook, Instagram;NIEUSTALONE (wymaga zdjęć lub wizji lokalnej);;;;;;Podstawy online OK;;witryna/szyld, druk (menu, ulotki), odzież dla personelu (do sprawdzenia na miejscu);nie kontaktowano;OpenStreetMap (amenity=bar, node/2765283671);2026-10-10
Gastronomia;C;2;Saygili;Eindhoven;Kruisstraat 138 5612CM;https://saygili-restaurant.nl/;OK;tak;tak;2026;;Facebook, Instagram, TikTok;NIEUSTALONE (wymaga zdjęć lub wizji lokalnej);;;;;;Podstawy online OK;;witryna/szyld, druk (menu, ulotki), odzież dla personelu (do sprawdzenia na miejscu);nie kontaktowano;OpenStreetMap (amenity=restaurant, node/2778291962);2026-10-10
Gastronomia;C;2;Shots Shooterbar;Eindhoven;Stratumseind 43 5611EP;https://www.shots-shooterbar.nl/;OK;tak;tak;;;Facebook;NIEUSTALONE (wymaga zdjęć lub wizji lokalnej);;;;;;Podstawy online OK;;witryna/szyld, druk (menu, ulotki), odzież dla personelu (do sprawdzenia na miejscu);nie kontaktowano;OpenStreetMap (amenity=pub, node/2765282627);2026-10-10
Gastronomia;C;2;Shu Shu;Helmond;de Plaetse 163A 5708ZK;https://shushu-brandevoort.nl;NIEUSTALONE (brak połączenia z mojego środowiska);;;;;;NIEUSTALONE (wymaga zdjęć lub wizji lokalnej);;;;;;Nieustalone;;witryna/szyld, druk (menu, ulotki), odzież dla personelu (do sprawdzenia na miejscu);nie kontaktowano;OpenStreetMap (amenity=restaurant, node/2885725281);2026-10-10
Gastronomia;C;2;Sint Maria;Waalre;Hortensialaan 12 5582CL;https://www.sintmaria.nl;OK;tak;tak;2026;;Facebook, Instagram;NIEUSTALONE (wymaga zdjęć lub wizji lokalnej);;;;;;Podstawy online OK;;witryna/szyld, druk (menu, ulotki), odzież dla personelu (do sprawdzenia na miejscu);nie kontaktowano;OpenStreetMap (amenity=restaurant, node/2575760959);2026-10-10
Gastronomia;C;2;Sirtaki;Valkenswaard;Promenade 19 5554CN;https://www.restaurantsirtaki.com/;OK;tak;tak;;;Facebook;NIEUSTALONE (wymaga zdjęć lub wizji lokalnej);;;;;;Podstawy online OK;;witryna/szyld, druk (menu, ulotki), odzież dla personelu (do sprawdzenia na miejscu);nie kontaktowano;OpenStreetMap (amenity=restaurant, node/2829217257);2026-10-10
Gastronomia;C;2;Smaaktheater Dertien;Eindhoven;Theaterpad 3 5615EN;https://www.parktheater.nl;NIEUSTALONE (brak połączenia z mojego środowiska);;;;;;NIEUSTALONE (wymaga zdjęć lub wizji lokalnej);;;;;;Nieustalone;;witryna/szyld, druk (menu, ulotki), odzież dla personelu (do sprawdzenia na miejscu);nie kontaktowano;OpenStreetMap (amenity=restaurant, node/2755103953);2026-10-10
Gastronomia;C;2;Smakelijk Luncherij;Valkenswaard;De Kerverij 2 5554CM;https://luncherijsmakelijk.nl;NIEUSTALONE (brak połączenia z mojego środowiska);;;;;;NIEUSTALONE (wymaga zdjęć lub wizji lokalnej);;;;;;Nieustalone;;witryna/szyld, druk (menu, ulotki), odzież dla personelu (do sprawdzenia na miejscu);nie kontaktowano;OpenStreetMap (amenity=restaurant, node/2829214990);2026-10-10
Gastronomia;C;2;Soho;Eindhoven;Jan van Lieshoutstraat 24A 5611EE;https://sohorestaurants.nl;NIEUSTALONE (brak połączenia z mojego środowiska);;;;;;NIEUSTALONE (wymaga zdjęć lub wizji lokalnej);;;;;;Nieustalone;;witryna/szyld, druk (menu, ulotki), odzież dla personelu (do sprawdzenia na miejscu);nie kontaktowano;OpenStreetMap (amenity=restaurant, node/2765368317);2026-10-10
Gastronomia;C;2;Soju Bar;Eindhoven;Kerkstraat 28 5611GK;https://www.sojubar.com/eindhoven/;OK;tak;tak;2026;WordPress;Facebook, Instagram, TikTok;NIEUSTALONE (wymaga zdjęć lub wizji lokalnej);;;;;;Podstawy online OK;;witryna/szyld, druk (menu, ulotki), odzież dla personelu (do sprawdzenia na miejscu);nie kontaktowano;OpenStreetMap (amenity=restaurant, node/2765368515);2026-10-10
Gastronomia;C;2;Sorae Hot Pot Eindhoven;Eindhoven;Grote Berg 16 5611KK;https://soraehotpot.nl;OK;tak;tak;;WordPress;Facebook, Instagram;NIEUSTALONE (wymaga zdjęć lub wizji lokalnej);;;;;;Podstawy online OK;;witryna/szyld, druk (menu, ulotki), odzież dla personelu (do sprawdzenia na miejscu);nie kontaktowano;OpenStreetMap (amenity=restaurant, node/2764373100);2026-10-10
Gastronomia;C;2;Sphinx;Hapert;Kerkstraat 64 5527EG;https://www.sphinx-hapert.nl/;NIEUSTALONE (brak połączenia z mojego środowiska);;;;;;NIEUSTALONE (wymaga zdjęć lub wizji lokalnej);;;;;;Nieustalone;;witryna/szyld, druk (menu, ulotki), odzież dla personelu (do sprawdzenia na miejscu);nie kontaktowano;OpenStreetMap (amenity=restaurant, node/2827409741);2026-10-10
Gastronomia;C;2;Sphinx steakhouse;Someren;Laan ten Roode 1 5711GA;https://www.steakehouse-sphinx-someren.nl/;OK;tak;tak;2026;;Facebook;NIEUSTALONE (wymaga zdjęć lub wizji lokalnej);;;;;;Podstawy online OK;;witryna/szyld, druk (menu, ulotki), odzież dla personelu (do sprawdzenia na miejscu);nie kontaktowano;OpenStreetMap (amenity=restaurant, node/2852566878);2026-10-10
Gastronomia;C;2;Sri Ganesh;Eindhoven;Kruisstraat 92A 5612CK;https://www.sriganesh.nl/;NIEUSTALONE (brak połączenia z mojego środowiska);;;;;;NIEUSTALONE (wymaga zdjęć lub wizji lokalnej);;;;;;Nieustalone;;witryna/szyld, druk (menu, ulotki), odzież dla personelu (do sprawdzenia na miejscu);nie kontaktowano;OpenStreetMap (amenity=restaurant, node/876479786);2026-10-10
Gastronomia;C;2;Stacey's;Eindhoven;Jan van Lieshoutstraat 30 5611EE;https://cafestaceys.nl;OK;tak;tak;;WordPress;Facebook;NIEUSTALONE (wymaga zdjęć lub wizji lokalnej);;;;;;Podstawy online OK;;witryna/szyld, druk (menu, ulotki), odzież dla personelu (do sprawdzenia na miejscu);nie kontaktowano;OpenStreetMap (amenity=bar, node/3446865825);2026-10-10
Gastronomia;C;2;Steakhouse Buenos;Geldrop;Zwembadweg 15 5663PL;https://www.steakhousebuenos.nl/;OK;tak;tak;2026;;Facebook;NIEUSTALONE (wymaga zdjęć lub wizji lokalnej);;;;;;Podstawy online OK;;witryna/szyld, druk (menu, ulotki), odzież dla personelu (do sprawdzenia na miejscu);nie kontaktowano;OpenStreetMap (amenity=restaurant, node/8726118811);2026-10-10
Gastronomia;C;2;super MARKT restobar;Eindhoven;Woenselse Markt 10 5612CP;https://supermarkteindhoven.nl/;OK;tak;tak;;;Instagram;NIEUSTALONE (wymaga zdjęć lub wizji lokalnej);;;;;;Podstawy online OK;;witryna/szyld, druk (menu, ulotki), odzież dla personelu (do sprawdzenia na miejscu);nie kontaktowano;OpenStreetMap (amenity=restaurant, node/3623056424);2026-10-10
Gastronomia;C;2;Surabaya;Eindhoven;Kruisstraat 62B 5612CJ;https://www.restaurantsurabaya.nl/;OK;tak;tak;2025;WordPress;Facebook, Instagram;NIEUSTALONE (wymaga zdjęć lub wizji lokalnej);;;;;;Podstawy online OK;;witryna/szyld, druk (menu, ulotki), odzież dla personelu (do sprawdzenia na miejscu);nie kontaktowano;OpenStreetMap (amenity=restaurant, node/876479788);2026-10-10
Gastronomia;C;2;Sushi 123;Eindhoven;Meerwater 1 5658LP;https://eindhoven.sushi123.nl/;OK;tak;tak;2026;;Facebook;NIEUSTALONE (wymaga zdjęć lub wizji lokalnej);;;;;;Podstawy online OK;;witryna/szyld, druk (menu, ulotki), odzież dla personelu (do sprawdzenia na miejscu);nie kontaktowano;OpenStreetMap (amenity=restaurant, node/4400771652);2026-10-10
Gastronomia;C;2;The Asian Food Corner;Eindhoven;Mecklenburgstraat 2 5616AN;https://asianfoodcorner.nl/;OK;tak;tak;;;Instagram;NIEUSTALONE (wymaga zdjęć lub wizji lokalnej);;;;;;Podstawy online OK;;witryna/szyld, druk (menu, ulotki), odzież dla personelu (do sprawdzenia na miejscu);nie kontaktowano;OpenStreetMap (amenity=restaurant, node/2753802747);2026-10-10
Gastronomia;C;2;The Black Cat;Eindhoven;Kerkstraat 16 5611GJ;https://the-blackcat.nl/;OK;tak;tak;2024;WordPress;Facebook, Instagram;NIEUSTALONE (wymaga zdjęć lub wizji lokalnej);;;;;;Podstawy online OK;;witryna/szyld, druk (menu, ulotki), odzież dla personelu (do sprawdzenia na miejscu);nie kontaktowano;OpenStreetMap (amenity=bar, node/2765367626);2026-10-10
Gastronomia;C;2;The City;Eindhoven;Willemstraat 9 5611HA;https://restaurantthecity.nl/;OK;tak;tak;;WordPress;YouTube;NIEUSTALONE (wymaga zdjęć lub wizji lokalnej);;;;;;Podstawy online OK;;witryna/szyld, druk (menu, ulotki), odzież dla personelu (do sprawdzenia na miejscu);nie kontaktowano;OpenStreetMap (amenity=restaurant, node/2764379179);2026-10-10
Gastronomia;C;2;The Kebab store;Eindhoven;Willemstraat 31 5611HB;https://www.the-kebab-store-eindhoven.nl/;NIEUSTALONE (brak połączenia z mojego środowiska);;;;;;NIEUSTALONE (wymaga zdjęć lub wizji lokalnej);;;;;;Nieustalone;;witryna/szyld, druk (menu, ulotki), odzież dla personelu (do sprawdzenia na miejscu);nie kontaktowano;OpenStreetMap (amenity=fast_food, node/2764375405);2026-10-10
Gastronomia;C;2;The Rex;Eindhoven;Stationsplein 2a 5611AB;https://www.the-rex.nl;OK;tak;tak;2026;WordPress;Facebook;NIEUSTALONE (wymaga zdjęć lub wizji lokalnej);;;;;;Podstawy online OK;;witryna/szyld, druk (menu, ulotki), odzież dla personelu (do sprawdzenia na miejscu);nie kontaktowano;OpenStreetMap (amenity=pub, node/3446865834);2026-10-10
Gastronomia;C;2;The Sushi Company;Veldhoven;Burgemeester van Hooffln 12B 5503BN;https://veldhoven.thesushicompany.nl/;OK;tak;tak;2026;;Facebook, Instagram;NIEUSTALONE (wymaga zdjęć lub wizji lokalnej);;;;;;Podstawy online OK;;witryna/szyld, druk (menu, ulotki), odzież dla personelu (do sprawdzenia na miejscu);nie kontaktowano;OpenStreetMap (amenity=restaurant, node/4683039154);2026-10-10
Gastronomia;C;2;Tong Ah;Son en Breugel;Nieuwstraat 62 5691AE;http://tong-ah-son.nl;NIEUSTALONE (brak połączenia z mojego środowiska);;;;;;NIEUSTALONE (wymaga zdjęć lub wizji lokalnej);;;;;;Nieustalone;;witryna/szyld, druk (menu, ulotki), odzież dla personelu (do sprawdzenia na miejscu);nie kontaktowano;OpenStreetMap (amenity=restaurant, node/2792751083);2026-10-10
Gastronomia;C;2;Trattoria Il Salotto;Eindhoven;Celsiusplein 47 5621BN;https://il-salotto.nl/;OK;tak;tak;2026;WordPress;Facebook, Instagram;NIEUSTALONE (wymaga zdjęć lub wizji lokalnej);;;;;;Podstawy online OK;;witryna/szyld, druk (menu, ulotki), odzież dla personelu (do sprawdzenia na miejscu);nie kontaktowano;OpenStreetMap (amenity=restaurant, node/8694897854);2026-10-10
Gastronomia;C;2;Turkoise;Eindhoven;Hoogstraat 86C 5615PS;https://www.turkoise.nl;OK;tak;tak;;WordPress;Instagram;NIEUSTALONE (wymaga zdjęć lub wizji lokalnej);;;;;;Podstawy online OK;;witryna/szyld, druk (menu, ulotki), odzież dla personelu (do sprawdzenia na miejscu);nie kontaktowano;OpenStreetMap (amenity=restaurant, node/2748337996);2026-10-10
Gastronomia;C;2;Twist Hospitality;Eindhoven;Scheldestraat 4A 5626BE;https://www.twist-hospitality.nl/;OK;tak;tak;;;Facebook, Instagram;NIEUSTALONE (wymaga zdjęć lub wizji lokalnej);;;;;;Podstawy online OK;;witryna/szyld, druk (menu, ulotki), odzież dla personelu (do sprawdzenia na miejscu);nie kontaktowano;OpenStreetMap (amenity=bar, node/2749845514);2026-10-10
Gastronomia;C;2;Type 00 Pizza & Sandwich;Eindhoven;Kruisstraat 104 5612CL;https://type00.nl;OK;tak;tak;2026;WordPress;Facebook, Instagram, TikTok;NIEUSTALONE (wymaga zdjęć lub wizji lokalnej);;;;;;Podstawy online OK;;witryna/szyld, druk (menu, ulotki), odzież dla personelu (do sprawdzenia na miejscu);nie kontaktowano;OpenStreetMap (amenity=restaurant, node/1898876372);2026-10-10
Gastronomia;C;2;Típico Zarzo;Eindhoven;Bleekweg 7 5611EZ;https://zarzo.nl;OK;tak;tak;;WordPress;Facebook, Instagram;NIEUSTALONE (wymaga zdjęć lub wizji lokalnej);;;;;;Podstawy online OK;;witryna/szyld, druk (menu, ulotki), odzież dla personelu (do sprawdzenia na miejscu);nie kontaktowano;OpenStreetMap (amenity=restaurant, node/2759558755);2026-10-10
Gastronomia;C;2;Uncle Buck;Someren;Wilhelminaplein 9b 5711EK;https://www.unclebuck.nl;OK;tak;tak;;Wix;Instagram;NIEUSTALONE (wymaga zdjęć lub wizji lokalnej);;;;;;Podstawy online OK;;witryna/szyld, druk (menu, ulotki), odzież dla personelu (do sprawdzenia na miejscu);nie kontaktowano;OpenStreetMap (amenity=cafe, node/2852584576);2026-10-10
Gastronomia;C;2;Van 't Spit;Eindhoven;Kerkstraat 18 5611GJ;https://vantspit.nl/eindhoven;OK;tak;tak;;WordPress;Facebook, Instagram;NIEUSTALONE (wymaga zdjęć lub wizji lokalnej);;;;;;Podstawy online OK;;witryna/szyld, druk (menu, ulotki), odzież dla personelu (do sprawdzenia na miejscu);nie kontaktowano;OpenStreetMap (amenity=restaurant, node/2765367820);2026-10-10
Gastronomia;C;2;Van Alles en Co;Eindhoven;Edisonstraat 33 5621HJ;https://www.vanallesenco.nl;NIEUSTALONE (brak połączenia z mojego środowiska);;;;;;NIEUSTALONE (wymaga zdjęć lub wizji lokalnej);;;;;;Nieustalone;;witryna/szyld, druk (menu, ulotki), odzież dla personelu (do sprawdzenia na miejscu);nie kontaktowano;OpenStreetMap (amenity=cafe, node/10117030367);2026-10-10
Gastronomia;C;2;Vesper;Bladel;Markt 1A 5531BA;https://www.the-vesper.nl/;NIEUSTALONE (brak połączenia z mojego środowiska);;;;;;NIEUSTALONE (wymaga zdjęć lub wizji lokalnej);;;;;;Nieustalone;;witryna/szyld, druk (menu, ulotki), odzież dla personelu (do sprawdzenia na miejscu);nie kontaktowano;OpenStreetMap (amenity=pub, node/2827057294);2026-10-10
Gastronomia;C;2;Volte;Bergeijk;Hof 20 5571CC;https://volte.nu/;OK;tak;tak;2026;WordPress;Facebook, Instagram;NIEUSTALONE (wymaga zdjęć lub wizji lokalnej);;;;;;Podstawy online OK;;witryna/szyld, druk (menu, ulotki), odzież dla personelu (do sprawdzenia na miejscu);nie kontaktowano;OpenStreetMap (amenity=cafe, node/2828718073);2026-10-10
Gastronomia;C;2;Wah Sing;Veldhoven;Kromstraat 5A 5504BA;https://www.wahsing.nl/;NIEUSTALONE (blokada robotów);;;;;;NIEUSTALONE (wymaga zdjęć lub wizji lokalnej);;;;;;Nieustalone;;witryna/szyld, druk (menu, ulotki), odzież dla personelu (do sprawdzenia na miejscu);nie kontaktowano;OpenStreetMap (amenity=restaurant, node/2833148194);2026-10-10
Gastronomia;C;2;Wandelpark;Valkenswaard;Eindhovenseweg 264 5553AA;https://wandelpark.nl;OK;tak;tak;2026;WordPress;Facebook, Instagram;NIEUSTALONE (wymaga zdjęć lub wizji lokalnej);;;;;;Podstawy online OK;;witryna/szyld, druk (menu, ulotki), odzież dla personelu (do sprawdzenia na miejscu);nie kontaktowano;OpenStreetMap (amenity=restaurant, node/2829227625);2026-10-10
Gastronomia;C;2;Welp;Eindhoven;Kleine Berg 35 5611JS;https://www.restaurantwelp.nl;OK;tak;tak;;WordPress;Facebook, Instagram;NIEUSTALONE (wymaga zdjęć lub wizji lokalnej);;;;;;Podstawy online OK;;witryna/szyld, druk (menu, ulotki), odzież dla personelu (do sprawdzenia na miejscu);nie kontaktowano;OpenStreetMap (amenity=restaurant, node/2764375781);2026-10-10
Gastronomia;C;2;Weverkeshof;Nuenen;Jonkheer Hugo van Berckellaan 5 5671CH;https://weverkeshof.nl;OK;tak;tak;;WordPress;Facebook, Instagram;NIEUSTALONE (wymaga zdjęć lub wizji lokalnej);;;;;;Podstawy online OK;;witryna/szyld, druk (menu, ulotki), odzież dla personelu (do sprawdzenia na miejscu);nie kontaktowano;OpenStreetMap (amenity=cafe, node/5438182060);2026-10-10
Gastronomia;C;2;Wilma's terras;;;https://www.deweitens.nl/nl/wilma-s-terras;OK;tak;tak;;;Facebook, Instagram;NIEUSTALONE (wymaga zdjęć lub wizji lokalnej);;;;;;Podstawy online OK;;witryna/szyld, druk (menu, ulotki), odzież dla personelu (do sprawdzenia na miejscu);nie kontaktowano;OpenStreetMap (amenity=cafe, node/11048265393);2026-10-10
Gastronomia;C;2;Wiro Wok;Eindhoven;St Wirostraat 2 5643MZ;https://www.wiro.nl/;OK;tak;tak;;;Facebook;NIEUSTALONE (wymaga zdjęć lub wizji lokalnej);;;;;;Podstawy online OK;;witryna/szyld, druk (menu, ulotki), odzież dla personelu (do sprawdzenia na miejscu);nie kontaktowano;OpenStreetMap (amenity=restaurant, node/2742800391);2026-10-10
Gastronomia;C;2;Wokwereld;Waalre;Heikantstraat 27 5581VB;http://www.wokwereld.com;NIEUSTALONE (brak połączenia z mojego środowiska);;;;;;NIEUSTALONE (wymaga zdjęć lub wizji lokalnej);;;;;;Nieustalone;;witryna/szyld, druk (menu, ulotki), odzież dla personelu (do sprawdzenia na miejscu);nie kontaktowano;OpenStreetMap (amenity=restaurant, node/2032447256);2026-10-10
Gastronomia;C;2;Woods;Eindhoven;Kruisstraat 78 5612CJ;https://woodseindhoven.nl/;NIEUSTALONE (brak połączenia z mojego środowiska);;;;;;NIEUSTALONE (wymaga zdjęć lub wizji lokalnej);;;;;;Nieustalone;;witryna/szyld, druk (menu, ulotki), odzież dla personelu (do sprawdzenia na miejscu);nie kontaktowano;OpenStreetMap (amenity=restaurant, node/2778294760);2026-10-10
Gastronomia;C;2;Yakitori & the Sushis;Eindhoven;Grote Berg 30 5611KK;https://yakitori-sushi.nl;OK;tak;tak;2026;WordPress;Facebook;NIEUSTALONE (wymaga zdjęć lub wizji lokalnej);;;;;;Podstawy online OK;;witryna/szyld, druk (menu, ulotki), odzież dla personelu (do sprawdzenia na miejscu);nie kontaktowano;OpenStreetMap (amenity=restaurant, node/5297635196);2026-10-10
Gastronomia;C;2;Yangguofu;Eindhoven;Nieuwstraat 27 5611DA;https://www.yangguofueurope.com/en/store/nieuwstraat.html;OK;tak;tak;2025;;Instagram, TikTok;NIEUSTALONE (wymaga zdjęć lub wizji lokalnej);;;;;;Podstawy online OK;;witryna/szyld, druk (menu, ulotki), odzież dla personelu (do sprawdzenia na miejscu);nie kontaktowano;OpenStreetMap (amenity=restaurant, node/2765368457);2026-10-10
Gastronomia;C;2;Zilster Pub;Veldhoven;Blaarthemseweg 1 5502JR;https://www.zilsterpub.nl/;OK;tak;tak;;;Facebook, Instagram;NIEUSTALONE (wymaga zdjęć lub wizji lokalnej);;;;;;Podstawy online OK;;witryna/szyld, druk (menu, ulotki), odzież dla personelu (do sprawdzenia na miejscu);nie kontaktowano;OpenStreetMap (amenity=pub, node/2833321906);2026-10-10
Gastronomia;C;2;Zoet & Zout;Eindhoven;Nieuwstraat 40 5611DB;https://www.zoetenzoutrestaurant.nl;OK;tak;tak;;;Facebook, Instagram;NIEUSTALONE (wymaga zdjęć lub wizji lokalnej);;;;;;Podstawy online OK;;witryna/szyld, druk (menu, ulotki), odzież dla personelu (do sprawdzenia na miejscu);nie kontaktowano;OpenStreetMap (amenity=restaurant, node/2765448514);2026-10-10
Gastronomia;C;2;Zwartwit Koffie;Eindhoven;Victoriapark 7 5611BM;https://www.browniesanddownieseindhoven.nl/;OK;tak;tak;;Jimdo;Facebook;NIEUSTALONE (wymaga zdjęć lub wizji lokalnej);;;;;;Podstawy online OK;;witryna/szyld, druk (menu, ulotki), odzież dla personelu (do sprawdzenia na miejscu);nie kontaktowano;OpenStreetMap (amenity=cafe, node/4595865583) + wyszukiwarka;2026-10-10
Gastronomia;C;1;Ekmekci;Eindhoven;Piazza 41 5611AE;https://ekmekci.nl/eindhoven/;PRZESTARZAŁA;tak;tak;2021;WordPress;Facebook, Instagram, LinkedIn;NIEUSTALONE (wymaga zdjęć lub wizji lokalnej);rekrutuje;;;;tak;Częściowe braki;przestarzała strona (stopka 2021);"nowa strona (mobile, HTTPS); witryna/szyld, druk (menu, ulotki), odzież dla personelu (do sprawdzenia na miejscu); odzież/oklejenie dla nowych ludzi i aut";nie kontaktowano;OpenStreetMap (amenity=restaurant, node/1886063276);2026-10-10
Gastronomia;C;0;Brownies&downieS;Valkenswaard;Markt 10 5554CC;https://www.browniesanddowniesvalkenswaard.nl;OK;tak;tak;;WordPress;;NIEUSTALONE (wymaga zdjęć lub wizji lokalnej);rekrutuje;;;;tak;Częściowe braki;nie znaleziono social media na stronie;"materiały do social media; witryna/szyld, druk (menu, ulotki), odzież dla personelu (do sprawdzenia na miejscu); odzież/oklejenie dla nowych ludzi i aut";nie kontaktowano;OpenStreetMap (amenity=restaurant, node/2829222764);2026-10-10
Gastronomia;C;0;Bufkes;Eindhoven;Winkelcentrum Woensel 289 5625AG;https://bufkes.nl/;OK;tak;tak;2025;WordPress;Facebook, Instagram, YouTube;NIEUSTALONE (wymaga zdjęć lub wizji lokalnej);"rekrutuje; sklep online";;;;tak;Podstawy online OK;;"witryna/szyld, druk (menu, ulotki), odzież dla personelu (do sprawdzenia na miejscu); odzież/oklejenie dla nowych ludzi i aut";nie kontaktowano;OpenStreetMap (amenity=fast_food, node/2138849672) + wyszukiwarka + wyszukiwarka + wyszukiwarka + wyszukiwarka + wyszukiwarka;2026-10-10
Gastronomia;C;0;Happy Italy;Eindhoven;Catharinaplein 25 5611DE;https://www.happyitaly.nl/where/eindhoven;OK;tak;tak;;WordPress;Facebook, Instagram, TikTok;NIEUSTALONE (wymaga zdjęć lub wizji lokalnej);"rekrutuje; sklep online";;;;tak;Podstawy online OK;;"witryna/szyld, druk (menu, ulotki), odzież dla personelu (do sprawdzenia na miejscu); odzież/oklejenie dla nowych ludzi i aut";nie kontaktowano;OpenStreetMap (amenity=restaurant, node/3446864560);2026-10-10
Gastronomia;C;0;Kipperij;Helmond;Torenstraat 1 5701SH;https://www.kipperij.nl/vestiging/helmond/;OK;tak;tak;;WordPress;Facebook, Instagram, LinkedIn, TikTok;NIEUSTALONE (wymaga zdjęć lub wizji lokalnej);"rekrutuje; sklep online";;;;tak;Podstawy online OK;;"witryna/szyld, druk (menu, ulotki), odzież dla personelu (do sprawdzenia na miejscu); odzież/oklejenie dla nowych ludzi i aut";nie kontaktowano;OpenStreetMap (amenity=fast_food, node/12892626135);2026-10-10
Gastronomia;C;0;Loetje;Eindhoven;Kastanjelaan 1-124 5616LH;https://www.loetje.nl/locaties/eindhoven/;OK;tak;tak;;WordPress;Facebook, Instagram, LinkedIn, TikTok;NIEUSTALONE (wymaga zdjęć lub wizji lokalnej);"rekrutuje; sklep online";;;;tak;Podstawy online OK;;"witryna/szyld, druk (menu, ulotki), odzież dla personelu (do sprawdzenia na miejscu); odzież/oklejenie dla nowych ludzi i aut";nie kontaktowano;OpenStreetMap (amenity=restaurant, node/8633007531);2026-10-10
Gastronomia;C;0;Mo-Jo Japanese Kitchen;Helmond;Markt 56 5701RL;https://mo-jo.eu/location/helmond/;BŁĄD STRONY (do potwierdzenia);;;;;;NIEUSTALONE (wymaga zdjęć lub wizji lokalnej);;;;;tak;Duże braki online;strona zwróciła błąd (do potwierdzenia);"nowa/naprawiona strona; witryna/szyld, druk (menu, ulotki), odzież dla personelu (do sprawdzenia na miejscu)";nie kontaktowano;OpenStreetMap (amenity=restaurant, node/2903874587) + wyszukiwarka;2026-10-10
Gastronomia;C;0;Subway;Eindhoven;John F Kennedylaan 5 5623MS;https://restaurants.subway.com/nl/nederland/eindhoven/john-f-kennedylaan-5;BŁĄD STRONY (do potwierdzenia);;;;;;NIEUSTALONE (wymaga zdjęć lub wizji lokalnej);;;;;tak;Duże braki online;strona zwróciła błąd (do potwierdzenia);"nowa/naprawiona strona; witryna/szyld, druk (menu, ulotki), odzież dla personelu (do sprawdzenia na miejscu)";nie kontaktowano;OpenStreetMap (amenity=fast_food, node/2770055805) + wyszukiwarka + wyszukiwarka;2026-10-10
Gastronomia;C;0;Timmeez;Best;Wilhelminaplein 11 5684VK;https://timmeez.nl/;OK;tak;tak;;WordPress;;NIEUSTALONE (wymaga zdjęć lub wizji lokalnej);sklep online;;;;tak;Częściowe braki;nie znaleziono social media na stronie;"materiały do social media; witryna/szyld, druk (menu, ulotki), odzież dla personelu (do sprawdzenia na miejscu)";nie kontaktowano;OpenStreetMap (amenity=ice_cream, node/2736326941);2026-10-10
Gastronomia;C;-1;'t Zusje;Sint-Oedenrode;Kerkstraat 17 5492AH;https://zusje.nl/onze-zusjes/sintoedenrode/;OK;tak;tak;2026;WordPress;Facebook, Instagram;NIEUSTALONE (wymaga zdjęć lub wizji lokalnej);rekrutuje;;;;tak;Podstawy online OK;;"witryna/szyld, druk (menu, ulotki), odzież dla personelu (do sprawdzenia na miejscu); odzież/oklejenie dla nowych ludzi i aut";nie kontaktowano;OpenStreetMap (amenity=restaurant, node/471036951) + wyszukiwarka + wyszukiwarka;2026-10-10
Gastronomia;C;-1;Anne&Max;Eindhoven;Kleine Berg 79 5611JT;https://www.annemax.nl/vestigingen/eindhoven/;OK;tak;tak;;;Instagram, LinkedIn;NIEUSTALONE (wymaga zdjęć lub wizji lokalnej);rekrutuje;;;;tak;Podstawy online OK;;"witryna/szyld, druk (menu, ulotki), odzież dla personelu (do sprawdzenia na miejscu); odzież/oklejenie dla nowych ludzi i aut";nie kontaktowano;OpenStreetMap (amenity=cafe, node/2764378467) + wyszukiwarka;2026-10-10
Gastronomia;C;-1;AnyTyme;;;;NIE ZNALEZIONO STRONY W DANYCH;;;;;;NIEUSTALONE (wymaga zdjęć lub wizji lokalnej);;;;;tak;Do sprawdzenia;strony nie ma w danych mapy (do sprawdzenia);"jeśli faktycznie brak: strona WWW; witryna/szyld, druk (menu, ulotki), odzież dla personelu (do sprawdzenia na miejscu)";nie kontaktowano;OpenStreetMap (amenity=fast_food, node/11773957675);2026-10-10
Gastronomia;C;-1;Bacio;Mierlo;Margrietstraat 59 5731BN;https://bacio.nl/#mierlo;OK;tak;tak;2026;;Facebook, Instagram;NIEUSTALONE (wymaga zdjęć lub wizji lokalnej);rekrutuje;;;;tak;Podstawy online OK;;"witryna/szyld, druk (menu, ulotki), odzież dla personelu (do sprawdzenia na miejscu); odzież/oklejenie dla nowych ludzi i aut";nie kontaktowano;OpenStreetMap (amenity=ice_cream, node/2510476140) + wyszukiwarka;2026-10-10
Gastronomia;C;-1;Bagels & Beans;Eindhoven;Jan van Lieshoutstraat 24 5611EE;https://bagelsbeans.nl;OK;tak;tak;;WordPress;Facebook, Instagram, YouTube;NIEUSTALONE (wymaga zdjęć lub wizji lokalnej);rekrutuje;;;;tak;Podstawy online OK;;"witryna/szyld, druk (menu, ulotki), odzież dla personelu (do sprawdzenia na miejscu); odzież/oklejenie dla nowych ludzi i aut";nie kontaktowano;OpenStreetMap (amenity=cafe, node/2765368294);2026-10-10
Gastronomia;C;-1;Barkeet;Helmond;Steenweg 18 5707CG;https://barkeet.nl/helmond;OK;tak;tak;2026;;Facebook, Instagram, YouTube;NIEUSTALONE (wymaga zdjęć lub wizji lokalnej);rekrutuje;;;;tak;Podstawy online OK;;"witryna/szyld, druk (menu, ulotki), odzież dla personelu (do sprawdzenia na miejscu); odzież/oklejenie dla nowych ludzi i aut";nie kontaktowano;OpenStreetMap (amenity=bar, node/2902886227) + wyszukiwarka;2026-10-10
Gastronomia;C;-1;Brownies&downieS;Asten;Koningsplein 6 5721GJ;https://www.browniesanddownies.nl/asten;OK;tak;tak;;Wix;Facebook, Instagram, LinkedIn;NIEUSTALONE (wymaga zdjęć lub wizji lokalnej);rekrutuje;;;;tak;Podstawy online OK;;"witryna/szyld, druk (menu, ulotki), odzież dla personelu (do sprawdzenia na miejscu); odzież/oklejenie dla nowych ludzi i aut";nie kontaktowano;OpenStreetMap (amenity=restaurant, node/2872222855) + wyszukiwarka;2026-10-10
Gastronomia;C;-1;Burger King;Son en Breugel;Ekkersrijt 4019 5692DB;;NIE ZNALEZIONO STRONY W DANYCH;;;;;;NIEUSTALONE (wymaga zdjęć lub wizji lokalnej);;;;;tak;Do sprawdzenia;strony nie ma w danych mapy (do sprawdzenia);"jeśli faktycznie brak: strona WWW; witryna/szyld, druk (menu, ulotki), odzież dla personelu (do sprawdzenia na miejscu)";nie kontaktowano;OpenStreetMap (amenity=fast_food, node/34032511);2026-10-10
Gastronomia;C;-1;Burger King;;;https://burgerking.com;OK;tak;tak;;;;NIEUSTALONE (wymaga zdjęć lub wizji lokalnej);;;;;tak;Częściowe braki;nie znaleziono social media na stronie;"materiały do social media; witryna/szyld, druk (menu, ulotki), odzież dla personelu (do sprawdzenia na miejscu)";nie kontaktowano;OpenStreetMap (amenity=fast_food, node/703192285);2026-10-10
Gastronomia;C;-1;Burger King;Eindhoven;Hermanus Boexstraat 12 5611AJ;https://www.burgerking.nl/store-locator/store/restaurant_235111;OK;tak;tak;;;;NIEUSTALONE (wymaga zdjęć lub wizji lokalnej);;;;;tak;Częściowe braki;nie znaleziono social media na stronie;"materiały do social media; witryna/szyld, druk (menu, ulotki), odzież dla personelu (do sprawdzenia na miejscu)";nie kontaktowano;OpenStreetMap (amenity=fast_food, node/4763604496);2026-10-10
Gastronomia;C;-1;Burger King;Helmond;Europaweg 154 5707CL;;NIE ZNALEZIONO STRONY W DANYCH;;;;;;NIEUSTALONE (wymaga zdjęć lub wizji lokalnej);;;;;tak;Do sprawdzenia;strony nie ma w danych mapy (do sprawdzenia);"jeśli faktycznie brak: strona WWW; witryna/szyld, druk (menu, ulotki), odzież dla personelu (do sprawdzenia na miejscu)";nie kontaktowano;OpenStreetMap (amenity=fast_food, node/5045983128);2026-10-10
Gastronomia;C;-1;Coffee Fellows;;;;NIE ZNALEZIONO STRONY W DANYCH;;;;;;NIEUSTALONE (wymaga zdjęć lub wizji lokalnej);;;;;tak;Do sprawdzenia;strony nie ma w danych mapy (do sprawdzenia);"jeśli faktycznie brak: strona WWW; witryna/szyld, druk (menu, ulotki), odzież dla personelu (do sprawdzenia na miejscu)";nie kontaktowano;OpenStreetMap (amenity=cafe, node/5063981882);2026-10-10
Gastronomia;C;-1;De Beren;Helmond;Burgemeester Geukerspark 1 5701RE;https://www.beren.nl/vestigingen/helmond;OK;tak;tak;;;Facebook, Instagram, YouTube;NIEUSTALONE (wymaga zdjęć lub wizji lokalnej);rekrutuje;;;;tak;Podstawy online OK;;"witryna/szyld, druk (menu, ulotki), odzież dla personelu (do sprawdzenia na miejscu); odzież/oklejenie dla nowych ludzi i aut";nie kontaktowano;OpenStreetMap (amenity=restaurant, node/9727727766);2026-10-10
Gastronomia;C;-1;Domino's;;;;NIE ZNALEZIONO STRONY W DANYCH;;;;;;NIEUSTALONE (wymaga zdjęć lub wizji lokalnej);;;;;tak;Do sprawdzenia;strony nie ma w danych mapy (do sprawdzenia);"jeśli faktycznie brak: strona WWW; witryna/szyld, druk (menu, ulotki), odzież dla personelu (do sprawdzenia na miejscu)";nie kontaktowano;OpenStreetMap (amenity=fast_food, node/1347276069);2026-10-10
Gastronomia;C;-1;Domino's;Valkenswaard;Dommelseweg 5 5554NL;https://www.dominos.nl/winkel/nl-valkenswaard-30713;OK;tak;tak;2025;;Facebook, Instagram, TikTok, YouTube;NIEUSTALONE (wymaga zdjęć lub wizji lokalnej);rekrutuje;;;;tak;Podstawy online OK;;"witryna/szyld, druk (menu, ulotki), odzież dla personelu (do sprawdzenia na miejscu); odzież/oklejenie dla nowych ludzi i aut";nie kontaktowano;OpenStreetMap (amenity=fast_food, node/2610847805) + wyszukiwarka + wyszukiwarka + wyszukiwarka + wyszukiwarka + wyszukiwarka + wyszukiwarka + wyszukiwarka + wyszukiwarka + wyszukiwarka + wyszukiwarka + wyszukiwarka + wyszukiwarka + wyszukiwarka + wyszukiwarka;2026-10-10
Gastronomia;C;-1;Domino's;Eindhoven;Wijngaardplein 55 5632MC;;NIE ZNALEZIONO STRONY W DANYCH;;;;;;NIEUSTALONE (wymaga zdjęć lub wizji lokalnej);;;;;tak;Do sprawdzenia;strony nie ma w danych mapy (do sprawdzenia);"jeśli faktycznie brak: strona WWW; witryna/szyld, druk (menu, ulotki), odzież dla personelu (do sprawdzenia na miejscu)";nie kontaktowano;OpenStreetMap (amenity=fast_food, node/2734159223);2026-10-10
Gastronomia;C;-1;Domino's;Veldhoven;Burgemeester van Hooffln 99 5503BL;;NIE ZNALEZIONO STRONY W DANYCH;;;;;;NIEUSTALONE (wymaga zdjęć lub wizji lokalnej);;;;;tak;Do sprawdzenia;strony nie ma w danych mapy (do sprawdzenia);"jeśli faktycznie brak: strona WWW; witryna/szyld, druk (menu, ulotki), odzież dla personelu (do sprawdzenia na miejscu)";nie kontaktowano;OpenStreetMap (amenity=fast_food, node/2832701334);2026-10-10
Gastronomia;C;-1;Dunkin';;;;NIE ZNALEZIONO STRONY W DANYCH;;;;;;NIEUSTALONE (wymaga zdjęć lub wizji lokalnej);;;;;tak;Do sprawdzenia;strony nie ma w danych mapy (do sprawdzenia);"jeśli faktycznie brak: strona WWW; witryna/szyld, druk (menu, ulotki), odzież dla personelu (do sprawdzenia na miejscu)";nie kontaktowano;OpenStreetMap (amenity=fast_food, node/12850481785);2026-10-10
Gastronomia;C;-1;Five Guys;;;;NIE ZNALEZIONO STRONY W DANYCH;;;;;;NIEUSTALONE (wymaga zdjęć lub wizji lokalnej);;;;;tak;Do sprawdzenia;strony nie ma w danych mapy (do sprawdzenia);"jeśli faktycznie brak: strona WWW; witryna/szyld, druk (menu, ulotki), odzież dla personelu (do sprawdzenia na miejscu)";nie kontaktowano;OpenStreetMap (amenity=fast_food, node/5858977187);2026-10-10
Gastronomia;C;-1;Gauchos;Eindhoven;Stationsplein 7 5611AB;https://www.gauchosgrill.nl/eindhoven;OK;tak;tak;2026;Wix;Facebook, Instagram;NIEUSTALONE (wymaga zdjęć lub wizji lokalnej);rekrutuje;;;;tak;Podstawy online OK;;"witryna/szyld, druk (menu, ulotki), odzież dla personelu (do sprawdzenia na miejscu); odzież/oklejenie dla nowych ludzi i aut";nie kontaktowano;OpenStreetMap (amenity=restaurant, node/2765160892);2026-10-10
Gastronomia;C;-1;IKEA;;;;NIE ZNALEZIONO STRONY W DANYCH;;;;;;NIEUSTALONE (wymaga zdjęć lub wizji lokalnej);;;;;tak;Do sprawdzenia;strony nie ma w danych mapy (do sprawdzenia);"jeśli faktycznie brak: strona WWW; witryna/szyld, druk (menu, ulotki), odzież dla personelu (do sprawdzenia na miejscu)";nie kontaktowano;OpenStreetMap (amenity=restaurant, node/615172140);2026-10-10
Gastronomia;C;-1;Julia's;;;;NIE ZNALEZIONO STRONY W DANYCH;;;;;;NIEUSTALONE (wymaga zdjęć lub wizji lokalnej);;;;;tak;Do sprawdzenia;strony nie ma w danych mapy (do sprawdzenia);"jeśli faktycznie brak: strona WWW; witryna/szyld, druk (menu, ulotki), odzież dla personelu (do sprawdzenia na miejscu)";nie kontaktowano;OpenStreetMap (amenity=fast_food, node/5063981884);2026-10-10
Gastronomia;C;-1;KFC;Eindhoven;Marktstraat 1 5611EA;;NIE ZNALEZIONO STRONY W DANYCH;;;;;;NIEUSTALONE (wymaga zdjęć lub wizji lokalnej);;;;;tak;Do sprawdzenia;strony nie ma w danych mapy (do sprawdzenia);"jeśli faktycznie brak: strona WWW; witryna/szyld, druk (menu, ulotki), odzież dla personelu (do sprawdzenia na miejscu)";nie kontaktowano;OpenStreetMap (amenity=fast_food, node/34043800);2026-10-10
Gastronomia;C;-1;KFC;Eindhoven;Winkelcentrum Woensel 400 5625AG;https://kfc.nl;OK;tak;tak;;WordPress;Instagram, TikTok, YouTube;NIEUSTALONE (wymaga zdjęć lub wizji lokalnej);rekrutuje;;;;tak;Podstawy online OK;;"witryna/szyld, druk (menu, ulotki), odzież dla personelu (do sprawdzenia na miejscu); odzież/oklejenie dla nowych ludzi i aut";nie kontaktowano;OpenStreetMap (amenity=fast_food, node/2751970300);2026-10-10
Gastronomia;C;-1;KFC;Helmond;Deltaweg 2B 5709AC;;NIE ZNALEZIONO STRONY W DANYCH;;;;;;NIEUSTALONE (wymaga zdjęć lub wizji lokalnej);;;;;tak;Do sprawdzenia;strony nie ma w danych mapy (do sprawdzenia);"jeśli faktycznie brak: strona WWW; witryna/szyld, druk (menu, ulotki), odzież dla personelu (do sprawdzenia na miejscu)";nie kontaktowano;OpenStreetMap (amenity=fast_food, node/6784310972);2026-10-10
Gastronomia;C;-1;Kippie;Best;Boterhoek 32 5683AV;https://www.kippie.nl/winkels/best;OK;tak;tak;2026;;Facebook, Instagram, TikTok;NIEUSTALONE (wymaga zdjęć lub wizji lokalnej);rekrutuje;;;;tak;Podstawy online OK;;"witryna/szyld, druk (menu, ulotki), odzież dla personelu (do sprawdzenia na miejscu); odzież/oklejenie dla nowych ludzi i aut";nie kontaktowano;OpenStreetMap (amenity=fast_food, node/2723936999) + wyszukiwarka + wyszukiwarka + wyszukiwarka;2026-10-10
Gastronomia;C;-1;La Cubanita;Eindhoven;Keizersgracht 18 5611GD;https://www.lacubanita.nl/tapas-eindhoven;OK;tak;tak;2026;;Facebook, Instagram;NIEUSTALONE (wymaga zdjęć lub wizji lokalnej);rekrutuje;;;;tak;Podstawy online OK;;"witryna/szyld, druk (menu, ulotki), odzież dla personelu (do sprawdzenia na miejscu); odzież/oklejenie dla nowych ludzi i aut";nie kontaktowano;OpenStreetMap (amenity=restaurant, node/2764373419);2026-10-10
Gastronomia;C;-1;McDonald's;Best;Eindhovenseweg-Zuid 59 5683PW;https://mcdonaldsrestaurant.nl/best;OK;tak;tak;2025;;Facebook;NIEUSTALONE (wymaga zdjęć lub wizji lokalnej);rekrutuje;;;;tak;Podstawy online OK;;"witryna/szyld, druk (menu, ulotki), odzież dla personelu (do sprawdzenia na miejscu); odzież/oklejenie dla nowych ludzi i aut";nie kontaktowano;OpenStreetMap (amenity=fast_food, node/2732597729) + wyszukiwarka + wyszukiwarka;2026-10-10
Gastronomia;C;-1;McDonald's;Eindhoven;Winkelcentrum Woensel 300 5625AG;;NIE ZNALEZIONO STRONY W DANYCH;;;;;;NIEUSTALONE (wymaga zdjęć lub wizji lokalnej);;;;;tak;Do sprawdzenia;strony nie ma w danych mapy (do sprawdzenia);"jeśli faktycznie brak: strona WWW; witryna/szyld, druk (menu, ulotki), odzież dla personelu (do sprawdzenia na miejscu)";nie kontaktowano;OpenStreetMap (amenity=fast_food, node/2751969715);2026-10-10
Gastronomia;C;-1;McDonald's;Eindhoven;Demer 2 5611AR;;NIE ZNALEZIONO STRONY W DANYCH;;;;;;NIEUSTALONE (wymaga zdjęć lub wizji lokalnej);;;;;tak;Do sprawdzenia;strony nie ma w danych mapy (do sprawdzenia);"jeśli faktycznie brak: strona WWW; witryna/szyld, druk (menu, ulotki), odzież dla personelu (do sprawdzenia na miejscu)";nie kontaktowano;OpenStreetMap (amenity=fast_food, node/2765447299);2026-10-10
Gastronomia;C;-1;McDonald's;Eindhoven;Markt 36 5611EC;;NIE ZNALEZIONO STRONY W DANYCH;;;;;;NIEUSTALONE (wymaga zdjęć lub wizji lokalnej);;;;;tak;Do sprawdzenia;strony nie ma w danych mapy (do sprawdzenia);"jeśli faktycznie brak: strona WWW; witryna/szyld, druk (menu, ulotki), odzież dla personelu (do sprawdzenia na miejscu)";nie kontaktowano;OpenStreetMap (amenity=fast_food, node/2765448321);2026-10-10
Gastronomia;C;-1;McDonald's;Eindhoven;Luchthavenweg 17 5657EA;;NIE ZNALEZIONO STRONY W DANYCH;;;;;;NIEUSTALONE (wymaga zdjęć lub wizji lokalnej);;;;;tak;Do sprawdzenia;strony nie ma w danych mapy (do sprawdzenia);"jeśli faktycznie brak: strona WWW; witryna/szyld, druk (menu, ulotki), odzież dla personelu (do sprawdzenia na miejscu)";nie kontaktowano;OpenStreetMap (amenity=fast_food, node/6847681184);2026-10-10
Gastronomia;C;-1;Montimar;Mierlo;Broekstraat 87 5731RA;https://www.montimar.nl/vestigingen/mierlo;OK;tak;tak;;WordPress;Facebook, Instagram;NIEUSTALONE (wymaga zdjęć lub wizji lokalnej);rekrutuje;;;;tak;Podstawy online OK;;"witryna/szyld, druk (menu, ulotki), odzież dla personelu (do sprawdzenia na miejscu); odzież/oklejenie dla nowych ludzi i aut";nie kontaktowano;OpenStreetMap (amenity=restaurant, node/2779857604);2026-10-10
Gastronomia;C;-1;New York Pizza;;;;NIE ZNALEZIONO STRONY W DANYCH;;;;;;NIEUSTALONE (wymaga zdjęć lub wizji lokalnej);;;;;tak;Do sprawdzenia;strony nie ma w danych mapy (do sprawdzenia);"jeśli faktycznie brak: strona WWW; witryna/szyld, druk (menu, ulotki), odzież dla personelu (do sprawdzenia na miejscu)";nie kontaktowano;OpenStreetMap (amenity=fast_food, node/1468410794);2026-10-10
Gastronomia;C;-1;New York Pizza;Best;Oirschotseweg 43 5684NE;https://www.newyorkpizza.nl/;OK;tak;tak;;;Facebook, Instagram, TikTok;NIEUSTALONE (wymaga zdjęć lub wizji lokalnej);rekrutuje;;;;tak;Podstawy online OK;;"witryna/szyld, druk (menu, ulotki), odzież dla personelu (do sprawdzenia na miejscu); odzież/oklejenie dla nowych ludzi i aut";nie kontaktowano;OpenStreetMap (amenity=fast_food, node/2724053938) + wyszukiwarka + wyszukiwarka + wyszukiwarka + wyszukiwarka + wyszukiwarka + wyszukiwarka;2026-10-10
Gastronomia;C;-1;New York Pizza;Eindhoven;Heezerweg 256C 5643KJ;;NIE ZNALEZIONO STRONY W DANYCH;;;;;;NIEUSTALONE (wymaga zdjęć lub wizji lokalnej);;;;;tak;Do sprawdzenia;strony nie ma w danych mapy (do sprawdzenia);"jeśli faktycznie brak: strona WWW; witryna/szyld, druk (menu, ulotki), odzież dla personelu (do sprawdzenia na miejscu)";nie kontaktowano;OpenStreetMap (amenity=fast_food, node/2740383526);2026-10-10
Gastronomia;C;-1;New York Pizza;Veldhoven;Burgemeester van Hooffln 12A 5503BN;;NIE ZNALEZIONO STRONY W DANYCH;;;;;;NIEUSTALONE (wymaga zdjęć lub wizji lokalnej);;;;;tak;Do sprawdzenia;strony nie ma w danych mapy (do sprawdzenia);"jeśli faktycznie brak: strona WWW; witryna/szyld, druk (menu, ulotki), odzież dla personelu (do sprawdzenia na miejscu)";nie kontaktowano;OpenStreetMap (amenity=fast_food, node/2833218239);2026-10-10
Gastronomia;C;-1;New York Pizza;Helmond;Molenstraat 58 5701KH;;NIE ZNALEZIONO STRONY W DANYCH;;;;;;NIEUSTALONE (wymaga zdjęć lub wizji lokalnej);;;;;tak;Do sprawdzenia;strony nie ma w danych mapy (do sprawdzenia);"jeśli faktycznie brak: strona WWW; witryna/szyld, druk (menu, ulotki), odzież dla personelu (do sprawdzenia na miejscu)";nie kontaktowano;OpenStreetMap (amenity=fast_food, node/2904096125);2026-10-10
Gastronomia;C;-1;New York Pizza;Son en Breugel;Nieuwstraat 9a 5691AA;;NIE ZNALEZIONO STRONY W DANYCH;;;;;;NIEUSTALONE (wymaga zdjęć lub wizji lokalnej);;;;;tak;Do sprawdzenia;strony nie ma w danych mapy (do sprawdzenia);"jeśli faktycznie brak: strona WWW; witryna/szyld, druk (menu, ulotki), odzież dla personelu (do sprawdzenia na miejscu)";nie kontaktowano;OpenStreetMap (amenity=fast_food, node/4467649597);2026-10-10
Gastronomia;C;-1;Odin Foodcafé;Eindhoven;Roostenlaan 106 5644GH;https://www.odin.nl/over-odin/winkels/-150172-odin-foodcafe-eindhoven/;OK;tak;tak;;;Facebook, Instagram, LinkedIn, YouTube;NIEUSTALONE (wymaga zdjęć lub wizji lokalnej);rekrutuje;;;;tak;Podstawy online OK;;"witryna/szyld, druk (menu, ulotki), odzież dla personelu (do sprawdzenia na miejscu); odzież/oklejenie dla nowych ludzi i aut";nie kontaktowano;OpenStreetMap (amenity=cafe, node/12688529583);2026-10-10
Gastronomia;C;-1;Pizza Beppe;Eindhoven;Willemstraat 1D 5611HA;https://www.pizzabeppe.nl/locaties/eindhoven/willemstraat;OK;tak;tak;;Webflow;Instagram;NIEUSTALONE (wymaga zdjęć lub wizji lokalnej);rekrutuje;;;;tak;Podstawy online OK;;"witryna/szyld, druk (menu, ulotki), odzież dla personelu (do sprawdzenia na miejscu); odzież/oklejenie dla nowych ludzi i aut";nie kontaktowano;OpenStreetMap (amenity=restaurant, node/2764373698);2026-10-10
Gastronomia;C;-1;Shabu To Go Eindhoven Zuid;Eindhoven;Heezerweg 304 5643KM;https://www.shabutogo.nl/sushi-bestellen-eindhoven/;OK;tak;tak;;WordPress;Facebook, Instagram;NIEUSTALONE (wymaga zdjęć lub wizji lokalnej);rekrutuje;;;;tak;Podstawy online OK;;"witryna/szyld, druk (menu, ulotki), odzież dla personelu (do sprawdzenia na miejscu); odzież/oklejenie dla nowych ludzi i aut";nie kontaktowano;OpenStreetMap (amenity=restaurant, node/2740342228);2026-10-10
Gastronomia;C;-1;Smullers;;;;NIE ZNALEZIONO STRONY W DANYCH;;;;;;NIEUSTALONE (wymaga zdjęć lub wizji lokalnej);;;;;tak;Do sprawdzenia;strony nie ma w danych mapy (do sprawdzenia);"jeśli faktycznie brak: strona WWW; witryna/szyld, druk (menu, ulotki), odzież dla personelu (do sprawdzenia na miejscu)";nie kontaktowano;OpenStreetMap (amenity=fast_food, node/692975604);2026-10-10
Gastronomia;C;-1;Spare Rib Express;Valkenswaard;Van Bruhezedal 6 5551EW;;NIE ZNALEZIONO STRONY W DANYCH;;;;;;NIEUSTALONE (wymaga zdjęć lub wizji lokalnej);;;;;tak;Do sprawdzenia;strony nie ma w danych mapy (do sprawdzenia);"jeśli faktycznie brak: strona WWW; witryna/szyld, druk (menu, ulotki), odzież dla personelu (do sprawdzenia na miejscu)";nie kontaktowano;OpenStreetMap (amenity=fast_food, node/2829177919);2026-10-10
Gastronomia;C;-1;Spare Rib Express;Helmond;Brouwhorst 7 5704EG;https://www.spareribexpress.com/;OK;tak;tak;;;Facebook, Instagram, LinkedIn, YouTube;NIEUSTALONE (wymaga zdjęć lub wizji lokalnej);rekrutuje;;;;tak;Podstawy online OK;;"witryna/szyld, druk (menu, ulotki), odzież dla personelu (do sprawdzenia na miejscu); odzież/oklejenie dla nowych ludzi i aut";nie kontaktowano;OpenStreetMap (amenity=fast_food, node/2899999691);2026-10-10
Gastronomia;C;-1;Starbucks;Eindhoven;Rechtestraat 27 5611GM;https://www.starbucks.co.uk/store-locator/78639-308661/eindhoven-rechtestraat-27;OK;tak;tak;2026;;Facebook, Instagram, TikTok, YouTube;NIEUSTALONE (wymaga zdjęć lub wizji lokalnej);sklep online;;;;tak;Podstawy online OK;;witryna/szyld, druk (menu, ulotki), odzież dla personelu (do sprawdzenia na miejscu);nie kontaktowano;OpenStreetMap (amenity=cafe, node/2765368465) + wyszukiwarka;2026-10-10
Gastronomia;C;-1;Starbucks;;;;NIE ZNALEZIONO STRONY W DANYCH;;;;;;NIEUSTALONE (wymaga zdjęć lub wizji lokalnej);;;;;tak;Do sprawdzenia;strony nie ma w danych mapy (do sprawdzenia);"jeśli faktycznie brak: strona WWW; witryna/szyld, druk (menu, ulotki), odzież dla personelu (do sprawdzenia na miejscu)";nie kontaktowano;OpenStreetMap (amenity=cafe, node/4884305960);2026-10-10
Gastronomia;C;-1;Subway;Eindhoven;Winkelcentrum Woensel 115 5625AG;;NIE ZNALEZIONO STRONY W DANYCH;;;;;;NIEUSTALONE (wymaga zdjęć lub wizji lokalnej);;;;;tak;Do sprawdzenia;strony nie ma w danych mapy (do sprawdzenia);"jeśli faktycznie brak: strona WWW; witryna/szyld, druk (menu, ulotki), odzież dla personelu (do sprawdzenia na miejscu)";nie kontaktowano;OpenStreetMap (amenity=fast_food, node/2751968380);2026-10-10
Gastronomia;C;-1;Subway;Eindhoven;Strijpsestraat 187 5616GP;;NIE ZNALEZIONO STRONY W DANYCH;;;;;;NIEUSTALONE (wymaga zdjęć lub wizji lokalnej);;;;;tak;Do sprawdzenia;strony nie ma w danych mapy (do sprawdzenia);"jeśli faktycznie brak: strona WWW; witryna/szyld, druk (menu, ulotki), odzież dla personelu (do sprawdzenia na miejscu)";nie kontaktowano;OpenStreetMap (amenity=fast_food, node/2753860331);2026-10-10
Gastronomia;C;-1;Subway;Eindhoven;Stationsplein 30 5611BC;;NIE ZNALEZIONO STRONY W DANYCH;;;;;;NIEUSTALONE (wymaga zdjęć lub wizji lokalnej);;;;;tak;Do sprawdzenia;strony nie ma w danych mapy (do sprawdzenia);"jeśli faktycznie brak: strona WWW; witryna/szyld, druk (menu, ulotki), odzież dla personelu (do sprawdzenia na miejscu)";nie kontaktowano;OpenStreetMap (amenity=fast_food, node/2765159393);2026-10-10
Gastronomia;C;-1;Subway;Geldrop;Achter de Kerk 1 5664GB;;NIE ZNALEZIONO STRONY W DANYCH;;;;;;NIEUSTALONE (wymaga zdjęć lub wizji lokalnej);;;;;tak;Do sprawdzenia;strony nie ma w danych mapy (do sprawdzenia);"jeśli faktycznie brak: strona WWW; witryna/szyld, druk (menu, ulotki), odzież dla personelu (do sprawdzenia na miejscu)";nie kontaktowano;OpenStreetMap (amenity=fast_food, node/2872352351);2026-10-10
Gastronomia;C;-1;Subway;Eindhoven;Aalsterweg 18A 5615CG;;NIE ZNALEZIONO STRONY W DANYCH;;;;;;NIEUSTALONE (wymaga zdjęć lub wizji lokalnej);;;;;tak;Do sprawdzenia;strony nie ma w danych mapy (do sprawdzenia);"jeśli faktycznie brak: strona WWW; witryna/szyld, druk (menu, ulotki), odzież dla personelu (do sprawdzenia na miejscu)";nie kontaktowano;OpenStreetMap (amenity=fast_food, node/4746496833);2026-10-10
Gastronomia;C;-1;Subway;Helmond;Heibloemweg 2 5704BS;;NIE ZNALEZIONO STRONY W DANYCH;;;;;;NIEUSTALONE (wymaga zdjęć lub wizji lokalnej);;;;;tak;Do sprawdzenia;strony nie ma w danych mapy (do sprawdzenia);"jeśli faktycznie brak: strona WWW; witryna/szyld, druk (menu, ulotki), odzież dla personelu (do sprawdzenia na miejscu)";nie kontaktowano;OpenStreetMap (amenity=fast_food, node/5064860654);2026-10-10
Gastronomia;C;-1;Subway;Eindhoven;Vrijstraat 23 5611AT;;NIE ZNALEZIONO STRONY W DANYCH;;;;;;NIEUSTALONE (wymaga zdjęć lub wizji lokalnej);;;;;tak;Do sprawdzenia;strony nie ma w danych mapy (do sprawdzenia);"jeśli faktycznie brak: strona WWW; witryna/szyld, druk (menu, ulotki), odzież dla personelu (do sprawdzenia na miejscu)";nie kontaktowano;OpenStreetMap (amenity=fast_food, node/6304392001);2026-10-10
Gastronomia;C;-1;Subway;;;;NIE ZNALEZIONO STRONY W DANYCH;;;;;;NIEUSTALONE (wymaga zdjęć lub wizji lokalnej);;;;;tak;Do sprawdzenia;strony nie ma w danych mapy (do sprawdzenia);"jeśli faktycznie brak: strona WWW; witryna/szyld, druk (menu, ulotki), odzież dla personelu (do sprawdzenia na miejscu)";nie kontaktowano;OpenStreetMap (amenity=fast_food, node/9874176195);2026-10-10
Gastronomia;C;-1;Taco Mundo;Eindhoven;Aalsterweg 18 5615CG;https://www.tacomundo.com/vestigingen/eindhoven;OK;tak;tak;2025;Webflow;Facebook, Instagram, LinkedIn, TikTok;NIEUSTALONE (wymaga zdjęć lub wizji lokalnej);rekrutuje;;;;tak;Podstawy online OK;;"witryna/szyld, druk (menu, ulotki), odzież dla personelu (do sprawdzenia na miejscu); odzież/oklejenie dla nowych ludzi i aut";nie kontaktowano;OpenStreetMap (amenity=fast_food, node/2755103849);2026-10-10
Gastronomia;C;-1;The Commons;Eindhoven;Stationsweg 1 5611AA;https://www.thesocialhub.co/eindhoven/eat-and-drink/;OK;tak;tak;;;;NIEUSTALONE (wymaga zdjęć lub wizji lokalnej);;;;;tak;Częściowe braki;nie znaleziono social media na stronie;"materiały do social media; witryna/szyld, druk (menu, ulotki), odzież dla personelu (do sprawdzenia na miejscu)";nie kontaktowano;OpenStreetMap (amenity=restaurant, node/11711478821);2026-10-10
Gastronomia;C;-1;The Döner Company;;;;NIE ZNALEZIONO STRONY W DANYCH;;;;;;NIEUSTALONE (wymaga zdjęć lub wizji lokalnej);;;;;tak;Do sprawdzenia;strony nie ma w danych mapy (do sprawdzenia);"jeśli faktycznie brak: strona WWW; witryna/szyld, druk (menu, ulotki), odzież dla personelu (do sprawdzenia na miejscu)";nie kontaktowano;OpenStreetMap (amenity=fast_food, node/703192852);2026-10-10
Gastronomia;C;-1;TR3S;Eindhoven;Emmasingel 4 5611AZ;https://www.trestapasbar.nl/vestigingen/eindhoven;OK;tak;tak;;Webflow;Facebook, Instagram, LinkedIn;NIEUSTALONE (wymaga zdjęć lub wizji lokalnej);rekrutuje;;;;tak;Podstawy online OK;;"witryna/szyld, druk (menu, ulotki), odzież dla personelu (do sprawdzenia na miejscu); odzież/oklejenie dla nowych ludzi i aut";nie kontaktowano;OpenStreetMap (amenity=restaurant, node/312790007);2026-10-10
Gastronomia;C;-1;Çiğköftem;Eindhoven;Kruisstraat 144 5612CM;;NIE ZNALEZIONO STRONY W DANYCH;;;;;;NIEUSTALONE (wymaga zdjęć lub wizji lokalnej);;;;;tak;Do sprawdzenia;strony nie ma w danych mapy (do sprawdzenia);"jeśli faktycznie brak: strona WWW; witryna/szyld, druk (menu, ulotki), odzież dla personelu (do sprawdzenia na miejscu)";nie kontaktowano;OpenStreetMap (amenity=fast_food, node/2778292108);2026-10-10
Gastronomia;C;-2;Atithi;Eindhoven;Nieuwe Emmasingel 60 5611AM;https://atithi.nl/atithi-eindhoven/;OK;tak;tak;;WordPress;Facebook;NIEUSTALONE (wymaga zdjęć lub wizji lokalnej);;;;;tak;Podstawy online OK;;witryna/szyld, druk (menu, ulotki), odzież dla personelu (do sprawdzenia na miejscu);nie kontaktowano;OpenStreetMap (amenity=restaurant, node/2765449042);2026-10-10
Gastronomia;C;-2;BAKKIE040;Eindhoven;Blauwe Loper 63A 5612TA;https://www.bakkie040.nl;OK;tak;tak;;WordPress;Instagram;NIEUSTALONE (wymaga zdjęć lub wizji lokalnej);;;;;tak;Podstawy online OK;;witryna/szyld, druk (menu, ulotki), odzież dla personelu (do sprawdzenia na miejscu);nie kontaktowano;OpenStreetMap (amenity=cafe, node/10919804482) + wyszukiwarka;2026-10-10
Gastronomia;C;-2;Coffeelovers;Eindhoven;Nieuwe Emmasingel 48 5611AM;https://www.coffeelovers.nl/onze-locaties/eindhoven/;OK;tak;tak;2024;WordPress;Facebook, Instagram;NIEUSTALONE (wymaga zdjęć lub wizji lokalnej);;;;;tak;Podstawy online OK;;witryna/szyld, druk (menu, ulotki), odzież dla personelu (do sprawdzenia na miejscu);nie kontaktowano;OpenStreetMap (amenity=cafe, node/13630912418);2026-10-10
Gastronomia;C;-2;Dunkin';Eindhoven;Piazza 25 5611AE;https://www.dunkindonuts.nl/vestigingen/eindhoven-piazza-25/;NIEUSTALONE (brak połączenia z mojego środowiska);;;;;;NIEUSTALONE (wymaga zdjęć lub wizji lokalnej);;;;;tak;Nieustalone;;witryna/szyld, druk (menu, ulotki), odzież dla personelu (do sprawdzenia na miejscu);nie kontaktowano;OpenStreetMap (amenity=fast_food, node/5545486214);2026-10-10
Gastronomia;C;-2;Family;Maarheeze;Molenstraat 53 6026CL;https://maarheeze.family.nl;NIEUSTALONE (blokada robotów);;;;;;NIEUSTALONE (wymaga zdjęć lub wizji lokalnej);;;;;tak;Nieustalone;;witryna/szyld, druk (menu, ulotki), odzież dla personelu (do sprawdzenia na miejscu);nie kontaktowano;OpenStreetMap (amenity=fast_food, node/2839391745);2026-10-10
Gastronomia;C;-2;ICHI;;;https://www.ichicafe.nl;OK;tak;tak;2024;Wix;Instagram, TikTok;NIEUSTALONE (wymaga zdjęć lub wizji lokalnej);;;;;tak;Podstawy online OK;;witryna/szyld, druk (menu, ulotki), odzież dla personelu (do sprawdzenia na miejscu);nie kontaktowano;OpenStreetMap (amenity=cafe, node/3446865828);2026-10-10
Gastronomia;C;-2;MADO;Eindhoven;Woenselse Markt 51 5612CS;https://www.mado-nederland.nl/eindhoven/;OK;tak;tak;2024;;Facebook, Instagram;NIEUSTALONE (wymaga zdjęć lub wizji lokalnej);;;;;tak;Podstawy online OK;;witryna/szyld, druk (menu, ulotki), odzież dla personelu (do sprawdzenia na miejscu);nie kontaktowano;OpenStreetMap (amenity=cafe, node/2778246431);2026-10-10
Gastronomia;C;-2;McDonald's;Eindhoven;Noord Brabantlaan 350 5657GA;https://www.mcdonalds.com/nl/nl-nl/location/eindhoven/mcdonalds-eindhoven-noordbrabantlaan/noordbrabantlaan-350/850065.html;NIEUSTALONE (blokada robotów);;;;;;NIEUSTALONE (wymaga zdjęć lub wizji lokalnej);;;;;tak;Nieustalone;;witryna/szyld, druk (menu, ulotki), odzież dla personelu (do sprawdzenia na miejscu);nie kontaktowano;OpenStreetMap (amenity=fast_food, node/2727753256);2026-10-10
Gastronomia;C;-2;Oakberry Açaí bowls;Eindhoven;Vrijstraat 19 5611AT;https://www.oakberry.com/en-NL;OK;tak;tak;;;Facebook, Instagram, TikTok;NIEUSTALONE (wymaga zdjęć lub wizji lokalnej);;;;;tak;Podstawy online OK;;witryna/szyld, druk (menu, ulotki), odzież dla personelu (do sprawdzenia na miejscu);nie kontaktowano;OpenStreetMap (amenity=fast_food, node/2765367931);2026-10-10
Gastronomia;C;-2;Papa John's;Eindhoven;Kleine Berg 78 5611JW;https://www.papajohns.co.nl/branch/eindhoven-centrum/;NIEUSTALONE (blokada robotów);;;;;;NIEUSTALONE (wymaga zdjęć lub wizji lokalnej);;;;;tak;Nieustalone;;witryna/szyld, druk (menu, ulotki), odzież dla personelu (do sprawdzenia na miejscu);nie kontaktowano;OpenStreetMap (amenity=fast_food, node/2764378457) + wyszukiwarka;2026-10-10
Gastronomia;C;-2;Subway;Valkenswaard;Markt 37 5554CA;https://www.subway.nl;NIEUSTALONE (brak połączenia z mojego środowiska);;;;;;NIEUSTALONE (wymaga zdjęć lub wizji lokalnej);;;;;tak;Nieustalone;;witryna/szyld, druk (menu, ulotki), odzież dla personelu (do sprawdzenia na miejscu);nie kontaktowano;OpenStreetMap (amenity=fast_food, node/2610852194);2026-10-10
Gastronomia;C;-2;Sushi 8;Best;Nieuwstraat 74 5683KD;https://best.sushi-eight.nl/;OK;tak;tak;2026;;Facebook, Instagram;NIEUSTALONE (wymaga zdjęć lub wizji lokalnej);;;;;tak;Podstawy online OK;;witryna/szyld, druk (menu, ulotki), odzież dla personelu (do sprawdzenia na miejscu);nie kontaktowano;OpenStreetMap (amenity=fast_food, node/2720624461);2026-10-10
Gastronomia;C;-2;Sushi 8;Sint-Oedenrode;Kerkplein 1 5492AN;https://sintoedenrode.sushi-eight.nl/;OK;tak;tak;2026;;Facebook, Instagram;NIEUSTALONE (wymaga zdjęć lub wizji lokalnej);;;;;tak;Podstawy online OK;;witryna/szyld, druk (menu, ulotki), odzież dla personelu (do sprawdzenia na miejscu);nie kontaktowano;OpenStreetMap (amenity=fast_food, node/2796088334);2026-10-10
Gastronomia;C;-2;Sushi 8;Oirschot;de Schaaf 21 5688EX;https://oirschot.sushi-eight.nl/;OK;tak;tak;2026;;Facebook, Instagram;NIEUSTALONE (wymaga zdjęć lub wizji lokalnej);;;;;tak;Podstawy online OK;;witryna/szyld, druk (menu, ulotki), odzież dla personelu (do sprawdzenia na miejscu);nie kontaktowano;OpenStreetMap (amenity=fast_food, node/2825995264);2026-10-10
Gastronomia;C;-2;Sushi 8;Bladel;Sniederslaan 57 5531EH;https://bladel.sushi-eight.nl/;OK;tak;tak;2026;;Facebook, Instagram;NIEUSTALONE (wymaga zdjęć lub wizji lokalnej);;;;;tak;Podstawy online OK;;witryna/szyld, druk (menu, ulotki), odzież dla personelu (do sprawdzenia na miejscu);nie kontaktowano;OpenStreetMap (amenity=fast_food, node/2827068212);2026-10-10
Gastronomia;C;-2;Sushi 8;Eersel;Nieuwstraat 36a 5521CC;https://eersel.sushi-eight.nl/;OK;tak;tak;2026;;Facebook, Instagram;NIEUSTALONE (wymaga zdjęć lub wizji lokalnej);;;;;tak;Podstawy online OK;;witryna/szyld, druk (menu, ulotki), odzież dla personelu (do sprawdzenia na miejscu);nie kontaktowano;OpenStreetMap (amenity=fast_food, node/2828642651);2026-10-10
Gastronomia;C;-2;Sushi 8;Bergeijk;Hof 8 5571CC;https://bergeijk.sushi-eight.nl/;OK;tak;tak;2026;;Facebook, Instagram;NIEUSTALONE (wymaga zdjęć lub wizji lokalnej);;;;;tak;Podstawy online OK;;witryna/szyld, druk (menu, ulotki), odzież dla personelu (do sprawdzenia na miejscu);nie kontaktowano;OpenStreetMap (amenity=fast_food, node/2828722493);2026-10-10
Gastronomia;C;-2;Sushi 8;Heeze;Vullinghspark 50 5591DB;https://heeze.sushi-eight.nl/;OK;tak;tak;2026;;Facebook, Instagram;NIEUSTALONE (wymaga zdjęć lub wizji lokalnej);;;;;tak;Podstawy online OK;;witryna/szyld, druk (menu, ulotki), odzież dla personelu (do sprawdzenia na miejscu);nie kontaktowano;OpenStreetMap (amenity=fast_food, node/2829542392);2026-10-10
Gastronomia;C;-2;Sushi 8;Asten;Prins Bernhardstraat 8 5721GC;https://asten.sushi-eight.nl/;OK;tak;tak;2026;;Facebook, Instagram;NIEUSTALONE (wymaga zdjęć lub wizji lokalnej);;;;;tak;Podstawy online OK;;witryna/szyld, druk (menu, ulotki), odzież dla personelu (do sprawdzenia na miejscu);nie kontaktowano;OpenStreetMap (amenity=fast_food, node/2872187549);2026-10-10
Gastronomia;C;-2;Sushi 8;Beek en Donk;Piet van Thielplein 8 5741CP;https://beekendonk.sushi-eight.nl/;OK;tak;tak;2026;;Facebook, Instagram;NIEUSTALONE (wymaga zdjęć lub wizji lokalnej);;;;;tak;Podstawy online OK;;witryna/szyld, druk (menu, ulotki), odzież dla personelu (do sprawdzenia na miejscu);nie kontaktowano;OpenStreetMap (amenity=fast_food, node/2899183272);2026-10-10
Gastronomia;C;-2;Sushi 8;Gemert;Grootmeestersstraat 5 5421KK;https://gemert.sushi-eight.nl/;OK;tak;tak;2026;;Facebook, Instagram;NIEUSTALONE (wymaga zdjęć lub wizji lokalnej);;;;;tak;Podstawy online OK;;witryna/szyld, druk (menu, ulotki), odzież dla personelu (do sprawdzenia na miejscu);nie kontaktowano;OpenStreetMap (amenity=fast_food, node/3005553217);2026-10-10
Gastronomia;C;-2;Sushi 8;Eindhoven;Nieuwstraat 7C 5611DA;https://eindhoven.sushi-eight.nl/;OK;tak;tak;2026;;Facebook, Instagram;NIEUSTALONE (wymaga zdjęć lub wizji lokalnej);;;;;tak;Podstawy online OK;;witryna/szyld, druk (menu, ulotki), odzież dla personelu (do sprawdzenia na miejscu);nie kontaktowano;OpenStreetMap (amenity=fast_food, node/3470218425);2026-10-10
Gastronomia;C;-2;SushiPoint;;;https://www.sushipoint.nl/;NIEUSTALONE (blokada robotów);;;;;;NIEUSTALONE (wymaga zdjęć lub wizji lokalnej);;;;;tak;Nieustalone;;witryna/szyld, druk (menu, ulotki), odzież dla personelu (do sprawdzenia na miejscu);nie kontaktowano;OpenStreetMap (amenity=fast_food, node/4181988503);2026-10-10
Gastronomia;C;-2;Taco Bell;Eindhoven;Rechtestraat 62 5611GR;https://tacobell.nl;OK;tak;tak;;WordPress;Facebook, Instagram;NIEUSTALONE (wymaga zdjęć lub wizji lokalnej);;;;;tak;Podstawy online OK;;witryna/szyld, druk (menu, ulotki), odzież dla personelu (do sprawdzenia na miejscu);nie kontaktowano;OpenStreetMap (amenity=fast_food, node/2765369113);2026-10-10
Gastronomia;C;-2;Teds;Eindhoven;Leidingstraat 45 5617AJ;https://teds-place.nl/locations/eindhoven-strijp-s/;OK;tak;tak;;WordPress;Instagram, LinkedIn, TikTok;NIEUSTALONE (wymaga zdjęć lub wizji lokalnej);;;;;tak;Podstawy online OK;;witryna/szyld, druk (menu, ulotki), odzież dla personelu (do sprawdzenia na miejscu);nie kontaktowano;OpenStreetMap (amenity=restaurant, node/2754999090);2026-10-10
Gastronomia;C;-2;Wok To Go;Eindhoven;Winkelcentrum Woensel 400 5625AG;https://www.woktogo.nl/nl/restaurants/eindhoven;OK;tak;tak;2026;;Facebook, Instagram, TikTok;NIEUSTALONE (wymaga zdjęć lub wizji lokalnej);;;;;tak;Podstawy online OK;;witryna/szyld, druk (menu, ulotki), odzież dla personelu (do sprawdzenia na miejscu);nie kontaktowano;OpenStreetMap (amenity=fast_food, node/502142012);2026-10-10
