Kategoria;Priorytet;Punkty;Firma;Miasto;Adres;Strona WWW;Stan strony;HTTPS;Na telefon (viewport);Rok w stopce;System strony;Social media (znalezione);Oklejenie aut / odzież / witryna;Sygnały zakupu;Pracownicy (LinkedIn);Zmiana zatrudnienia r/r;Rok założenia;Sieć / franczyza;Ocena ogólna;Luki;Szansa dla GW;Status kontaktu;Źródło;Sprawdzono
Sklepy lokalne;A;6;'T Bikertje;Helmond;Hoofdstraat 41C-1 5706AJ;http://bikertjefietsen.nl;PRZESTARZAŁA;nie;tak;;;;NIEUSTALONE (wymaga zdjęć lub wizji lokalnej);rekrutuje;;;;;Częściowe braki;"przestarzała strona (brak HTTPS); nie znaleziono social media na stronie";"nowa strona (mobile, HTTPS); materiały do social media; witryna/szyld, odzież dla personelu (do sprawdzenia na miejscu; oferta zależy od branży); odzież/oklejenie dla nowych ludzi i aut";nie kontaktowano;OpenStreetMap (shop=bicycle, node/242936008);2026-10-10
Sklepy lokalne;A;6;Fietsspecialist van de Wijgert;Eindhoven;Tongelresestraat 35 5613DA;http://www.fietsspecialistvandewijgert.nl/;PRZESTARZAŁA;nie;tak;2024;;;NIEUSTALONE (wymaga zdjęć lub wizji lokalnej);rekrutuje;;;;;Częściowe braki;"przestarzała strona (brak HTTPS); nie znaleziono social media na stronie";"nowa strona (mobile, HTTPS); materiały do social media; witryna/szyld, odzież dla personelu (do sprawdzenia na miejscu; oferta zależy od branży); odzież/oklejenie dla nowych ludzi i aut";nie kontaktowano;OpenStreetMap (shop=bicycle, node/2762280784);2026-10-10
Sklepy lokalne;A;6;Jungerius Flowers;Helmond;Torenstraat 1 5701SH;https://www.jungeriusflowers.nl;PRZESTARZAŁA;tak;tak;2018;;Facebook, Instagram;NIEUSTALONE (wymaga zdjęć lub wizji lokalnej);"rekrutuje; sklep online";;;;;Częściowe braki;przestarzała strona (stopka 2018);"nowa strona (mobile, HTTPS); witryna/szyld, odzież dla personelu (do sprawdzenia na miejscu; oferta zależy od branży); odzież/oklejenie dla nowych ludzi i aut";nie kontaktowano;OpenStreetMap (shop=florist, node/12923084905);2026-10-10
Sklepy lokalne;A;6;Stadsbakkerij Broodt;Eindhoven;Smalle Haven 101 5611EH;http://www.broodt.nl/;PRZESTARZAŁA;nie;tak;2019;;Facebook, LinkedIn;NIEUSTALONE (wymaga zdjęć lub wizji lokalnej);"rekrutuje; sklep online";;;;;Częściowe braki;przestarzała strona (brak HTTPS, stopka 2019);"nowa strona (mobile, HTTPS); witryna/szyld, odzież dla personelu (do sprawdzenia na miejscu; oferta zależy od branży); odzież/oklejenie dla nowych ludzi i aut";nie kontaktowano;OpenStreetMap (shop=bakery, node/2765279666);2026-10-10
Sklepy lokalne;A;6;Svea;Son en Breugel;Ekkersrijt 4084 5692DA;https://www.sveakeukens.nl;PRZESTARZAŁA;tak;tak;2015;;;NIEUSTALONE (wymaga zdjęć lub wizji lokalnej);rekrutuje;;;;;Częściowe braki;"przestarzała strona (stopka 2015); nie znaleziono social media na stronie";"nowa strona (mobile, HTTPS); materiały do social media; witryna/szyld, odzież dla personelu (do sprawdzenia na miejscu; oferta zależy od branży); odzież/oklejenie dla nowych ludzi i aut";nie kontaktowano;OpenStreetMap (shop=kitchen, node/4561832680);2026-10-10
Sklepy lokalne;B;5;Ad van Lieshout;Helmond;Dorpsstraat 113 5708GG;https://advanlieshoutfietsen.nl;BŁĄD STRONY (do potwierdzenia);;;;;Facebook, Instagram, LinkedIn;NIEUSTALONE (wymaga zdjęć lub wizji lokalnej);rekrutuje;;;;;Duże braki online;strona zwróciła błąd (do potwierdzenia);"nowa/naprawiona strona; witryna/szyld, odzież dla personelu (do sprawdzenia na miejscu; oferta zależy od branży); odzież/oklejenie dla nowych ludzi i aut";nie kontaktowano;OpenStreetMap (shop=bicycle, node/2898214404);2026-10-10
Sklepy lokalne;B;5;Battery Point;Eindhoven;Kanaaldijk-Noord 59 5642JA;https://www.batterypoint.nl;PRZESTARZAŁA;tak;tak;2019;;Facebook;NIEUSTALONE (wymaga zdjęć lub wizji lokalnej);sklep online;;;;;Częściowe braki;przestarzała strona (stopka 2019);"nowa strona (mobile, HTTPS); witryna/szyld, odzież dla personelu (do sprawdzenia na miejscu; oferta zależy od branży)";nie kontaktowano;OpenStreetMap (shop=electrical, node/2745963357);2026-10-10
Sklepy lokalne;B;5;De Brabantse fietsenmaker;Eindhoven;Biarritzplein 36 5627LE;http://www.debrabantsefietsenmaker.nl/;PRZESTARZAŁA;nie;tak;;;;NIEUSTALONE (wymaga zdjęć lub wizji lokalnej);;;;;;Częściowe braki;"przestarzała strona (brak HTTPS); nie znaleziono social media na stronie";"nowa strona (mobile, HTTPS); materiały do social media; witryna/szyld, odzież dla personelu (do sprawdzenia na miejscu; oferta zależy od branży)";nie kontaktowano;OpenStreetMap (shop=bicycle, node/3812978474);2026-10-10
Sklepy lokalne;B;5;De Liggende Hollander;Eindhoven;Tourslaan 41 5627KW;http://www.deliggendehollander.nl/;PRZESTARZAŁA;nie;tak;;Joomla;;NIEUSTALONE (wymaga zdjęć lub wizji lokalnej);;;;;;Częściowe braki;"przestarzała strona (brak HTTPS); nie znaleziono social media na stronie";"nowa strona (mobile, HTTPS); materiały do social media; witryna/szyld, odzież dla personelu (do sprawdzenia na miejscu; oferta zależy od branży)";nie kontaktowano;OpenStreetMap (shop=bicycle, node/5920739508);2026-10-10
Sklepy lokalne;B;5;De Scharrelslager Royackers;Son en Breugel;Nieuwstraat 34 5691AD;https://slagerijroyackers.nl;OK;tak;tak;;WordPress;;NIEUSTALONE (wymaga zdjęć lub wizji lokalnej);"rekrutuje; sklep online";;;;;Częściowe braki;nie znaleziono social media na stronie;"materiały do social media; witryna/szyld, odzież dla personelu (do sprawdzenia na miejscu; oferta zależy od branży); odzież/oklejenie dla nowych ludzi i aut";nie kontaktowano;OpenStreetMap (shop=butcher, node/2792749520);2026-10-10
Sklepy lokalne;B;5;Het bakkershuys;Bakel;Dorpsstraat 5 5761BL;https://www.hetbakkershuys.nl;PRZESTARZAŁA;tak;nie;;;;NIEUSTALONE (wymaga zdjęć lub wizji lokalnej);;;;;;Częściowe braki;"przestarzała strona (nie na telefon); nie znaleziono social media na stronie";"nowa strona (mobile, HTTPS); materiały do social media; witryna/szyld, odzież dla personelu (do sprawdzenia na miejscu; oferta zależy od branży)";nie kontaktowano;OpenStreetMap (shop=bakery, node/3014840458);2026-10-10
Sklepy lokalne;B;5;Interieurbeplanting van der Vleuten;Sint-Oedenrode;Schijndelseweg 15 5491TA;https://www.vandervleuten-beplanting.nl/;PRZESTARZAŁA;tak;tak;2021;WordPress;Facebook, Instagram, LinkedIn, YouTube;NIEUSTALONE (wymaga zdjęć lub wizji lokalnej);rekrutuje;;;;;Częściowe braki;przestarzała strona (stopka 2021);"nowa strona (mobile, HTTPS); witryna/szyld, odzież dla personelu (do sprawdzenia na miejscu; oferta zależy od branży); odzież/oklejenie dla nowych ludzi i aut";nie kontaktowano;OpenStreetMap (shop=interior_decoration, node/11053797915);2026-10-10
Sklepy lokalne;B;5;Johannes fietsenzaak;;;http://johannesfietsenzaak.nl;PRZESTARZAŁA;nie;tak;2022;;;NIEUSTALONE (wymaga zdjęć lub wizji lokalnej);;;;;;Częściowe braki;"przestarzała strona (brak HTTPS); nie znaleziono social media na stronie";"nowa strona (mobile, HTTPS); materiały do social media; witryna/szyld, odzież dla personelu (do sprawdzenia na miejscu; oferta zależy od branży)";nie kontaktowano;OpenStreetMap (shop=bicycle, node/11811561789);2026-10-10
Sklepy lokalne;B;5;K-Pop Mart;Veldhoven;;https://k-popmart-nl.myshopify.com/;OK;tak;tak;2026;Shopify;;NIEUSTALONE (wymaga zdjęć lub wizji lokalnej);"sklep online; otwarcie sklepu Kromstraat 26 ok. maj 2025 (ED.nl 2025-05-03)";;;2025;;Częściowe braki;nie znaleziono social media na stronie;"materiały do social media; witryna/szyld, odzież dla personelu (do sprawdzenia na miejscu; oferta zależy od branży)";nie kontaktowano;nowo założona lub otwarta firma (runda 2, lokalne media / rejestr Oozo) | dowód: https://www.ed.nl/veldhoven/voor-kimchi-dumplings-en-sojasaus-voortaan-naar-veldhoven-nieuwe-super-k-pop-mart~a4aad330/;2026-10-10
Sklepy lokalne;B;5;Kwekerij Muijderman;;;https://www.kwekerijmuijderman.nl;PRZESTARZAŁA;tak;tak;2017;;;NIEUSTALONE (wymaga zdjęć lub wizji lokalnej);;;;;;Częściowe braki;"przestarzała strona (stopka 2017); nie znaleziono social media na stronie";"nowa strona (mobile, HTTPS); materiały do social media; witryna/szyld, odzież dla personelu (do sprawdzenia na miejscu; oferta zależy od branży)";nie kontaktowano;OpenStreetMap (shop=garden_centre, node/11572575387);2026-10-10
Sklepy lokalne;B;5;Liebesrad fietsonderhoud en reparatie;Eindhoven;Hoogstraat 151A 5615PC;https://www.liebesrad.nl/;PRZESTARZAŁA;tak;tak;2019;Lightspeed;Facebook, Instagram;NIEUSTALONE (wymaga zdjęć lub wizji lokalnej);sklep online;;;;;Częściowe braki;przestarzała strona (stopka 2019);"nowa strona (mobile, HTTPS); witryna/szyld, odzież dla personelu (do sprawdzenia na miejscu; oferta zależy od branży)";nie kontaktowano;OpenStreetMap (shop=bicycle, node/2748414711);2026-10-10
Sklepy lokalne;B;5;Renders;Eindhoven;Aalsterweg 55 5615CA;https://www.bakkerijrenders.nl/;PRZESTARZAŁA;tak;tak;2019;WordPress;Facebook, Instagram, LinkedIn;NIEUSTALONE (wymaga zdjęć lub wizji lokalnej);rekrutuje;;;;;Częściowe braki;przestarzała strona (stopka 2019);"nowa strona (mobile, HTTPS); witryna/szyld, odzież dla personelu (do sprawdzenia na miejscu; oferta zależy od branży); odzież/oklejenie dla nowych ludzi i aut";nie kontaktowano;OpenStreetMap (shop=bakery, node/11955495911);2026-10-10
Sklepy lokalne;B;5;Rijwielhuis ‘t Verzet;Eindhoven;Edisonstraat 144 5621HT;https://www.tverzet.nl/;PRZESTARZAŁA;tak;nie;2015;WordPress;Facebook, Instagram;NIEUSTALONE (wymaga zdjęć lub wizji lokalnej);sklep online;;;;;Częściowe braki;przestarzała strona (nie na telefon, stopka 2015);"nowa strona (mobile, HTTPS); witryna/szyld, odzież dla personelu (do sprawdzenia na miejscu; oferta zależy od branży)";nie kontaktowano;OpenStreetMap (shop=bicycle, node/2780309521);2026-10-10
Sklepy lokalne;B;5;Slagerij van Kemenade;Asten;Emmastraat 16 5721HB;https://slagerijvankemenade.nl;PRZESTARZAŁA;tak;tak;2021;;Facebook, Instagram, LinkedIn;NIEUSTALONE (wymaga zdjęć lub wizji lokalnej);rekrutuje;;;;;Częściowe braki;przestarzała strona (stopka 2021);"nowa strona (mobile, HTTPS); witryna/szyld, odzież dla personelu (do sprawdzenia na miejscu; oferta zależy od branży); odzież/oklejenie dla nowych ludzi i aut";nie kontaktowano;OpenStreetMap (shop=butcher, node/2872220427);2026-10-10
Sklepy lokalne;B;5;Streekwinkel Het Dommeldal;Sint-Oedenrode;Liempdseweg 12;http://www.groentekwekerijeijkemans.nl/;PRZESTARZAŁA;nie;nie;;;;NIEUSTALONE (wymaga zdjęć lub wizji lokalnej);;;;;;Częściowe braki;"przestarzała strona (brak HTTPS, nie na telefon); nie znaleziono social media na stronie";"nowa strona (mobile, HTTPS); materiały do social media; witryna/szyld, odzież dla personelu (do sprawdzenia na miejscu; oferta zależy od branży)";nie kontaktowano;OpenStreetMap (shop=greengrocer, way/549934472);2026-10-10
Sklepy lokalne;B;5;Vogels Maatwerk;Best;Koningin Julianaweg 35 5684VA;https://www.vogelsmaatwerk.nl/;PRZESTARZAŁA;tak;nie;;WordPress;Facebook, YouTube;NIEUSTALONE (wymaga zdjęć lub wizji lokalnej);nowa lokalizacja;;;;;Częściowe braki;przestarzała strona (nie na telefon);"nowa strona (mobile, HTTPS); witryna/szyld, odzież dla personelu (do sprawdzenia na miejscu; oferta zależy od branży); oznakowanie nowej lokalizacji / start marki";nie kontaktowano;OpenStreetMap (shop=furniture, node/3816436666);2026-10-10
Sklepy lokalne;B;4;'t Streeckhuys;Helmond;Brouwhorst 19 5704EG;https://www.streeckhuys.nl/;OK;tak;tak;2026;WordPress;Facebook, Instagram, LinkedIn;NIEUSTALONE (wymaga zdjęć lub wizji lokalnej);"rekrutuje; sklep online";;;;;Podstawy online OK;;"witryna/szyld, odzież dla personelu (do sprawdzenia na miejscu; oferta zależy od branży); odzież/oklejenie dla nowych ludzi i aut";nie kontaktowano;OpenStreetMap (shop=butcher, node/2899995542) + wyszukiwarka;2026-10-10
Sklepy lokalne;B;4;Alimentari (Pop-up Store);Veldhoven;De Run 8242 5504EM;https://alimentari.nl/;PRZESTARZAŁA;tak;tak;2019;WordPress;Facebook;NIEUSTALONE (wymaga zdjęć lub wizji lokalnej);;;;;;Częściowe braki;przestarzała strona (stopka 2019);"nowa strona (mobile, HTTPS); witryna/szyld, odzież dla personelu (do sprawdzenia na miejscu; oferta zależy od branży)";nie kontaktowano;OpenStreetMap (shop=deli, node/2830876145);2026-10-10
Sklepy lokalne;B;4;Bakkerij der Kinderen;Helmond;Heistraat 4A 5701HN;http://www.bakkerijderkinderen.nl/;PRZESTARZAŁA;nie;tak;;;Facebook;NIEUSTALONE (wymaga zdjęć lub wizji lokalnej);;;;;;Częściowe braki;przestarzała strona (brak HTTPS);"nowa strona (mobile, HTTPS); witryna/szyld, odzież dla personelu (do sprawdzenia na miejscu; oferta zależy od branży)";nie kontaktowano;OpenStreetMap (shop=bakery, node/2903869484) + wyszukiwarka;2026-10-10
Sklepy lokalne;B;4;Beerens;Best;Hoofdstraat 41 5683AC;https://www.beerensslagerijentraiteur.nl;OK;tak;tak;2026;WordPress;Facebook, Instagram;NIEUSTALONE (wymaga zdjęć lub wizji lokalnej);"rekrutuje; sklep online";;;;;Podstawy online OK;;"witryna/szyld, odzież dla personelu (do sprawdzenia na miejscu; oferta zależy od branży); odzież/oklejenie dla nowych ludzi i aut";nie kontaktowano;OpenStreetMap (shop=butcher, node/2723937313);2026-10-10
Sklepy lokalne;B;4;Bike Totaal Bito;Bladel;Sniederslaan 63 5531EH;https://www.biketotaal.nl/fietsenwinkel/bike-totaal-bito;OK;tak;tak;;;Facebook, Instagram, YouTube;NIEUSTALONE (wymaga zdjęć lub wizji lokalnej);"rekrutuje; sklep online";;;;;Podstawy online OK;;"witryna/szyld, odzież dla personelu (do sprawdzenia na miejscu; oferta zależy od branży); odzież/oklejenie dla nowych ludzi i aut";nie kontaktowano;OpenStreetMap (shop=bicycle, node/2827069329);2026-10-10
Sklepy lokalne;B;4;birdshop;Eindhoven;Hastelweg 79A 5616HK;https://birdshopeindhoven.nl/;OK;tak;tak;2026;Shopify;;NIEUSTALONE (wymaga zdjęć lub wizji lokalnej);sklep online;;;;;Częściowe braki;nie znaleziono social media na stronie;"materiały do social media; witryna/szyld, odzież dla personelu (do sprawdzenia na miejscu; oferta zależy od branży)";nie kontaktowano;OpenStreetMap (shop=pet, node/2753790069);2026-10-10
Sklepy lokalne;B;4;Bloemenatelier Ad Basten;Hapert;Kerkstraat 18 5527EG;https://bloemenatelier-basten.nl/;PRZESTARZAŁA;tak;tak;2020;;Facebook, Instagram;NIEUSTALONE (wymaga zdjęć lub wizji lokalnej);;;;;;Częściowe braki;przestarzała strona (stopka 2020);"nowa strona (mobile, HTTPS); witryna/szyld, odzież dla personelu (do sprawdzenia na miejscu; oferta zależy od branży)";nie kontaktowano;OpenStreetMap (shop=florist, node/2827401010) + wyszukiwarka;2026-10-10
Sklepy lokalne;B;4;Bloemmarie;Eindhoven;Geldropseweg 90A 5611SL;https://www.bloemmarie.nl/;PRZESTARZAŁA;tak;tak;2019;;Facebook, Instagram, LinkedIn;NIEUSTALONE (wymaga zdjęć lub wizji lokalnej);;;;;;Częściowe braki;przestarzała strona (stopka 2019);"nowa strona (mobile, HTTPS); witryna/szyld, odzież dla personelu (do sprawdzenia na miejscu; oferta zależy od branży)";nie kontaktowano;OpenStreetMap (shop=florist, node/2759422229);2026-10-10
Sklepy lokalne;B;4;Bloom;Oost West en Middelbeers;Andreasstraat 7,9 5091BC;https://www.bloom-online.nl/;PRZESTARZAŁA;tak;tak;2014;;Facebook, Instagram, TikTok;NIEUSTALONE (wymaga zdjęć lub wizji lokalnej);;;;;;Częściowe braki;przestarzała strona (stopka 2014);"nowa strona (mobile, HTTPS); witryna/szyld, odzież dla personelu (do sprawdzenia na miejscu; oferta zależy od branży)";nie kontaktowano;OpenStreetMap (shop=florist, node/13371612124);2026-10-10
Sklepy lokalne;B;4;Brabants Roem;Eindhoven;Sint Gerardusplein 24 5644NG;https://www.brabantsroem.nl;OK;tak;tak;;WordPress;;NIEUSTALONE (wymaga zdjęć lub wizji lokalnej);sklep online;;;;;Częściowe braki;nie znaleziono social media na stronie;"materiały do social media; witryna/szyld, odzież dla personelu (do sprawdzenia na miejscu; oferta zależy od branży)";nie kontaktowano;OpenStreetMap (shop=bakery, node/2739349424);2026-10-10
Sklepy lokalne;B;4;Budget Fietsenhuis;Eindhoven;Kruisstraat 176 5612CN;https://budgetfietsenhuis.nl;PRZESTARZAŁA;tak;tak;2018;Joomla;Facebook;NIEUSTALONE (wymaga zdjęć lub wizji lokalnej);;;;;;Częściowe braki;przestarzała strona (stopka 2018);"nowa strona (mobile, HTTPS); witryna/szyld, odzież dla personelu (do sprawdzenia na miejscu; oferta zależy od branży)";nie kontaktowano;OpenStreetMap (shop=bicycle, node/2778292337);2026-10-10
Sklepy lokalne;B;4;Coenen&Co;Helmond;Elzaspassage 19 5701RW;https://www.coenenhelmond.nl/;BŁĄD STRONY (do potwierdzenia);;;;;;NIEUSTALONE (wymaga zdjęć lub wizji lokalnej);;;;;;Duże braki online;strona zwróciła błąd (do potwierdzenia);"nowa/naprawiona strona; witryna/szyld, odzież dla personelu (do sprawdzenia na miejscu; oferta zależy od branży)";nie kontaktowano;OpenStreetMap (shop=interior_decoration, node/2903870121);2026-10-10
Sklepy lokalne;B;4;De Groenstylist;Son en Breugel;Heistraat 9 5691CA;http://www.groenstylist.nl/;PRZESTARZAŁA;nie;tak;;WordPress;Facebook;NIEUSTALONE (wymaga zdjęć lub wizji lokalnej);;;;;;Częściowe braki;przestarzała strona (brak HTTPS);"nowa strona (mobile, HTTPS); witryna/szyld, odzież dla personelu (do sprawdzenia na miejscu; oferta zależy od branży)";nie kontaktowano;OpenStreetMap (shop=florist, node/2792751405);2026-10-10
Sklepy lokalne;B;4;De Laat;Oost West en Middelbeers;Margrietstraat 61 5091AC;https://www.verfspeciaalzaakdelaat.nl/;PRZESTARZAŁA;tak;nie;2026;;Facebook, Instagram;NIEUSTALONE (wymaga zdjęć lub wizji lokalnej);;;;;;Częściowe braki;przestarzała strona (nie na telefon);"nowa strona (mobile, HTTPS); witryna/szyld, odzież dla personelu (do sprawdzenia na miejscu; oferta zależy od branży)";nie kontaktowano;OpenStreetMap (shop=paint, node/2825997578);2026-10-10
Sklepy lokalne;B;4;De Laat Slaapexpert;Bladel;Markt 28 5531BC;https://delaatslaapexpert.nl/;OK;tak;tak;;WordPress;Facebook, Instagram;NIEUSTALONE (wymaga zdjęć lub wizji lokalnej);"rekrutuje; sklep online";;;;;Podstawy online OK;;"witryna/szyld, odzież dla personelu (do sprawdzenia na miejscu; oferta zależy od branży); odzież/oklejenie dla nowych ludzi i aut";nie kontaktowano;OpenStreetMap (shop=bed, node/2827062317);2026-10-10
Sklepy lokalne;B;4;Dierenshop Berry de Bruin;Best;Koningin Julianaweg 23-25 5684VA;https://www.dierenshopberrydebruin.nl/;PRZESTARZAŁA;tak;tak;2020;;Facebook, Instagram, YouTube;NIEUSTALONE (wymaga zdjęć lub wizji lokalnej);;;;;;Częściowe braki;przestarzała strona (stopka 2020);"nowa strona (mobile, HTTPS); witryna/szyld, odzież dla personelu (do sprawdzenia na miejscu; oferta zależy od branży)";nie kontaktowano;OpenStreetMap (shop=pet, node/3816436625);2026-10-10
Sklepy lokalne;B;4;Fietsservice Berkvens;Gemert;Kapelaanstraat 62 5421DG;https://www.fietsserviceberkvens.nl;PRZESTARZAŁA;tak;nie;;WordPress;Facebook;NIEUSTALONE (wymaga zdjęć lub wizji lokalnej);;;;;;Częściowe braki;przestarzała strona (nie na telefon);"nowa strona (mobile, HTTPS); witryna/szyld, odzież dla personelu (do sprawdzenia na miejscu; oferta zależy od branży)";nie kontaktowano;OpenStreetMap (shop=bicycle, node/3005554340);2026-10-10
Sklepy lokalne;B;4;FirstXL;Eindhoven;Winkelcentrum Woensel 310 5625AG;https://firstxl.nl/;OK;tak;tak;;WordPress;;NIEUSTALONE (wymaga zdjęć lub wizji lokalnej);sklep online;;;;;Częściowe braki;nie znaleziono social media na stronie;"materiały do social media; witryna/szyld, odzież dla personelu (do sprawdzenia na miejscu; oferta zależy od branży)";nie kontaktowano;OpenStreetMap (shop=interior_decoration, node/2751969745);2026-10-10
Sklepy lokalne;B;4;Floris Meesterbinders;Eindhoven;Cassandraplein 18 5631BA;http://floris-meesterbinders.nl;PRZESTARZAŁA;nie;nie;;WordPress;Facebook;NIEUSTALONE (wymaga zdjęć lub wizji lokalnej);;;;;;Częściowe braki;przestarzała strona (brak HTTPS, nie na telefon);"nowa strona (mobile, HTTPS); witryna/szyld, odzież dla personelu (do sprawdzenia na miejscu; oferta zależy od branży)";nie kontaktowano;OpenStreetMap (shop=florist, node/6295837608);2026-10-10
Sklepy lokalne;B;4;Gerard Swinkels Mechanisatie;Mierlo;Ambachtweg 43 5731AE;https://swinkelsmierlo.nl;OK;tak;tak;2023;WordPress;;NIEUSTALONE (wymaga zdjęć lub wizji lokalnej);rekrutuje;;;;;Częściowe braki;nie znaleziono social media na stronie;"materiały do social media; witryna/szyld, odzież dla personelu (do sprawdzenia na miejscu; oferta zależy od branży); odzież/oklejenie dla nowych ludzi i aut";nie kontaktowano;OpenStreetMap (shop=trade, node/2876288477);2026-10-10
Sklepy lokalne;B;4;Groente Fruit van Dalen;;;https://www.groentefruitvandalen.nl/;PRZESTARZAŁA;tak;tak;2017;;Facebook;NIEUSTALONE (wymaga zdjęć lub wizji lokalnej);;;;;;Częściowe braki;przestarzała strona (stopka 2017);"nowa strona (mobile, HTTPS); witryna/szyld, odzież dla personelu (do sprawdzenia na miejscu; oferta zależy od branży)";nie kontaktowano;OpenStreetMap (shop=greengrocer, node/12222992561);2026-10-10
Sklepy lokalne;B;4;Heevis;;;https://www.heevis.nl/;OK;tak;tak;2026;Shopify;;NIEUSTALONE (wymaga zdjęć lub wizji lokalnej);sklep online;;;;;Częściowe braki;nie znaleziono social media na stronie;"materiały do social media; witryna/szyld, odzież dla personelu (do sprawdzenia na miejscu; oferta zależy od branży)";nie kontaktowano;OpenStreetMap (shop=pet, node/12037601354);2026-10-10
Sklepy lokalne;B;4;Het Groene Thuis;Eindhoven;Edisonstraat 13 5621HJ;https://hetgroenethuis.nl;BŁĄD STRONY (do potwierdzenia);;;;;;NIEUSTALONE (wymaga zdjęć lub wizji lokalnej);;;;;;Duże braki online;strona zwróciła błąd (do potwierdzenia);"nowa/naprawiona strona; witryna/szyld, odzież dla personelu (do sprawdzenia na miejscu; oferta zależy od branży)";nie kontaktowano;OpenStreetMap (shop=florist, node/6816061194);2026-10-10
Sklepy lokalne;B;4;Huisdiervoordeelshop;Eindhoven;Boschdijk 263 5612HD;https://huisdiervoordeelshop.nl/vestigingen/dierenwinkel-eindhoven/;OK;tak;tak;;WordPress;Facebook, Instagram, TikTok, YouTube;NIEUSTALONE (wymaga zdjęć lub wizji lokalnej);"rekrutuje; sklep online";;;;;Podstawy online OK;;"witryna/szyld, odzież dla personelu (do sprawdzenia na miejscu; oferta zależy od branży); odzież/oklejenie dla nowych ludzi i aut";nie kontaktowano;OpenStreetMap (shop=pet, node/2774931118) + wyszukiwarka;2026-10-10
Sklepy lokalne;B;4;Hurks;Lieshout;Dorpsstraat 36 5737GC;https://slagerijhurks.nl/;PRZESTARZAŁA;tak;nie;;WordPress;Facebook;NIEUSTALONE (wymaga zdjęć lub wizji lokalnej);;;;;;Częściowe braki;przestarzała strona (nie na telefon);"nowa strona (mobile, HTTPS); witryna/szyld, odzież dla personelu (do sprawdzenia na miejscu; oferta zależy od branży)";nie kontaktowano;OpenStreetMap (shop=butcher, node/2898997500);2026-10-10
Sklepy lokalne;B;4;Jardin d'Olive;Eindhoven;Torenallee 86-02 5617BE;https://www.jardindolive.nl/;BŁĄD STRONY (do potwierdzenia);;;;;;NIEUSTALONE (wymaga zdjęć lub wizji lokalnej);;;;;;Duże braki online;strona zwróciła błąd (do potwierdzenia);"nowa/naprawiona strona; witryna/szyld, odzież dla personelu (do sprawdzenia na miejscu; oferta zależy od branży)";nie kontaktowano;OpenStreetMap (shop=deli, node/7309533128);2026-10-10
Sklepy lokalne;B;4;Mandenman;Beek en Donk;Pater Becanusstraat 5 5741LA;https://www.mandenmanmeubelen.nl;OK;tak;tak;2026;;;NIEUSTALONE (wymaga zdjęć lub wizji lokalnej);rekrutuje;;;;;Częściowe braki;nie znaleziono social media na stronie;"materiały do social media; witryna/szyld, odzież dla personelu (do sprawdzenia na miejscu; oferta zależy od branży); odzież/oklejenie dla nowych ludzi i aut";nie kontaktowano;OpenStreetMap (shop=furniture, node/2900692328);2026-10-10
Sklepy lokalne;B;4;MIST Cards Store;Eindhoven;;https://mistcards.nl/;OK;tak;tak;2026;Shopify;Instagram, TikTok, YouTube;NIEUSTALONE (wymaga zdjęć lub wizji lokalnej);"sklep online; otwarcie sklepu stacjonarnego 2026-04-04 (indebuurt 2026-05-03)";;;2026;;Podstawy online OK;;"witryna/szyld, odzież dla personelu (do sprawdzenia na miejscu; oferta zależy od branży)";nie kontaktowano;nowo założona lub otwarta firma (runda 2, lokalne media / rejestr Oozo) | dowód: https://indebuurt.nl/eindhoven/nieuw-in-eindhoven/deze-eindhovense-zaken-openden-en-sloten-in-april-2026~a65c380c/;2026-10-10
Sklepy lokalne;B;4;Quality Bike Service Helmond;;;https://fietsenmakerhelmond.nl/;OK;tak;tak;2026;WordPress;;NIEUSTALONE (wymaga zdjęć lub wizji lokalnej);sklep online;;;;;Częściowe braki;nie znaleziono social media na stronie;"materiały do social media; witryna/szyld, odzież dla personelu (do sprawdzenia na miejscu; oferta zależy od branży)";nie kontaktowano;OpenStreetMap (shop=bicycle, node/12722624683);2026-10-10
Sklepy lokalne;B;4;R. van Overdijk;Oirschot;Spoordonkseweg 91 5688KC;https://vanoverdijk.nl;OK;tak;tak;2024;WordPress;Facebook, Instagram;NIEUSTALONE (wymaga zdjęć lub wizji lokalnej);"rekrutuje; sklep online";;;;;Podstawy online OK;;"witryna/szyld, odzież dla personelu (do sprawdzenia na miejscu; oferta zależy od branży); odzież/oklejenie dla nowych ludzi i aut";nie kontaktowano;OpenStreetMap (shop=bicycle, node/2825868370);2026-10-10
Sklepy lokalne;B;4;Rijwielcentrale;Eindhoven;Kruisstraat 98 5612CL;https://www.rijwielcentrale.nl/;OK;tak;tak;2026;Lightspeed;Facebook, Instagram;NIEUSTALONE (wymaga zdjęć lub wizji lokalnej);"rekrutuje; sklep online";;;;;Podstawy online OK;;"witryna/szyld, odzież dla personelu (do sprawdzenia na miejscu; oferta zależy od branży); odzież/oklejenie dla nowych ludzi i aut";nie kontaktowano;OpenStreetMap (shop=bicycle, node/2778295247);2026-10-10
Sklepy lokalne;B;4;Schildersbedrijf G van Gerven;Geldrop;Hoog Geldrop 49 5663BB;https://www.schilder-geldrop.nl/;OK;tak;tak;2026;;;NIEUSTALONE (wymaga zdjęć lub wizji lokalnej);rekrutuje;;;;;Częściowe braki;nie znaleziono social media na stronie;"materiały do social media; witryna/szyld, odzież dla personelu (do sprawdzenia na miejscu; oferta zależy od branży); odzież/oklejenie dla nowych ludzi i aut";nie kontaktowano;OpenStreetMap (shop=paint, node/2871434698);2026-10-10
Sklepy lokalne;B;4;Schuimrubber & Gordijnenhuis;Eindhoven;Heezerweg 108 5614HG;https://www.schuimrubberhuis.nl/;OK;tak;tak;2026;Wix;;NIEUSTALONE (wymaga zdjęć lub wizji lokalnej);nowa lokalizacja;;;;;Częściowe braki;nie znaleziono social media na stronie;"materiały do social media; witryna/szyld, odzież dla personelu (do sprawdzenia na miejscu; oferta zależy od branży); oznakowanie nowej lokalizacji / start marki";nie kontaktowano;OpenStreetMap (shop=interior_decoration, node/2758433595);2026-10-10
Sklepy lokalne;B;4;Side Market (turecki supermarket);Geldrop;;;NIE ZNALEZIONO STRONY W DANYCH;;;;;;NIEUSTALONE (wymaga zdjęć lub wizji lokalnej);"otwarcie 2026-06-06 (ED.nl 2026-06-04); rejestr: zalozona luty 2026";;;2026;;Do sprawdzenia;strony nie ma w danych mapy (do sprawdzenia);"jeśli faktycznie brak: strona WWW; witryna/szyld, odzież dla personelu (do sprawdzenia na miejscu; oferta zależy od branży)";nie kontaktowano;nowo założona lub otwarta firma (runda 2, lokalne media / rejestr Oozo) | dowód: https://www.ed.nl/geldrop-mierlo/op-vakantie-verliefd-nu-samen-een-supermarkt-in-geldrop-we-willen-mensen-een-stukje-turkije-laten-proeven~a81f1082/;2026-10-10
Sklepy lokalne;B;4;Sijben;Son en Breugel;Ekkersrijt 4119 5692DD;https://www.sijben.nl/winkels/eindhoven;BŁĄD STRONY (do potwierdzenia);;;;;;NIEUSTALONE (wymaga zdjęć lub wizji lokalnej);;;;;;Duże braki online;strona zwróciła błąd (do potwierdzenia);"nowa/naprawiona strona; witryna/szyld, odzież dla personelu (do sprawdzenia na miejscu; oferta zależy od branży)";nie kontaktowano;OpenStreetMap (shop=furniture, node/2785223022);2026-10-10
Sklepy lokalne;B;4;Smeg Store Eindhoven;Eindhoven;Zeelsterstraat 18 5652EK;http://www.smegstoreeindhoven.nl/;OK;tak;tak;2026;;;NIEUSTALONE (wymaga zdjęć lub wizji lokalnej);sklep online;;;;;Częściowe braki;nie znaleziono social media na stronie;"materiały do social media; witryna/szyld, odzież dla personelu (do sprawdzenia na miejscu; oferta zależy od branży)";nie kontaktowano;OpenStreetMap (shop=kitchen, node/12085924426);2026-10-10
Sklepy lokalne;B;4;St. Pieter;Eindhoven;Bruggelaan 2 5628RH;https://www.st-pieter.nl/over-st-pieter/showrooms/st-pieter-eindhoven;BŁĄD STRONY (do potwierdzenia);;;;;Facebook, Instagram, YouTube;NIEUSTALONE (wymaga zdjęć lub wizji lokalnej);;;;;;Duże braki online;strona zwróciła błąd (do potwierdzenia);"nowa/naprawiona strona; witryna/szyld, odzież dla personelu (do sprawdzenia na miejscu; oferta zależy od branży)";nie kontaktowano;OpenStreetMap (shop=bathroom_furnishing, node/2734420577);2026-10-10
Sklepy lokalne;B;4;v/d Tillaar Gevelmontage;Someren;Kerkendijk 90a 5712EW;http://www.vdtillaar.com;BŁĄD STRONY (do potwierdzenia);;;;;;NIEUSTALONE (wymaga zdjęć lub wizji lokalnej);;;;;;Duże braki online;strona zwróciła błąd (do potwierdzenia);"nowa/naprawiona strona; witryna/szyld, odzież dla personelu (do sprawdzenia na miejscu; oferta zależy od branży)";nie kontaktowano;OpenStreetMap (shop=hardware, node/2851437772);2026-10-10
Sklepy lokalne;B;4;Van Hooff Culinair;Heeze;Kapelstraat 68 5591HG;https://www.vanhooffculinair.nl/;OK;tak;tak;;;;NIEUSTALONE (wymaga zdjęć lub wizji lokalnej);nowa lokalizacja;;;;;Częściowe braki;nie znaleziono social media na stronie;"materiały do social media; witryna/szyld, odzież dla personelu (do sprawdzenia na miejscu; oferta zależy od branży); oznakowanie nowej lokalizacji / start marki";nie kontaktowano;OpenStreetMap (shop=deli, node/2830083155);2026-10-10
Sklepy lokalne;B;4;Vloerhuis;Eindhoven;Willem van Konijnenburglaan 1C 5613DW;https://vloerhuisnederland.nl;OK;tak;tak;2026;Shopify;Facebook, Instagram, TikTok;NIEUSTALONE (wymaga zdjęć lub wizji lokalnej);"rekrutuje; sklep online";;;;;Podstawy online OK;;"witryna/szyld, odzież dla personelu (do sprawdzenia na miejscu; oferta zależy od branży); odzież/oklejenie dla nowych ludzi i aut";nie kontaktowano;OpenStreetMap (shop=flooring, node/2761870191);2026-10-10
Sklepy lokalne;B;4;Voskamp Bouw en Industrie Eindhoven;Eindhoven;Kanaaldijk-Zuid 3 5613LE;https://www.voskampgroep.nl/locaties/voskamp-bouw-en-industrie-eindhoven;BŁĄD STRONY (do potwierdzenia);;;;;;NIEUSTALONE (wymaga zdjęć lub wizji lokalnej);;;;;;Duże braki online;strona zwróciła błąd (do potwierdzenia);"nowa/naprawiona strona; witryna/szyld, odzież dla personelu (do sprawdzenia na miejscu; oferta zależy od branży)";nie kontaktowano;OpenStreetMap (shop=hardware, node/2759592522);2026-10-10
Sklepy lokalne;C;3;'t Broodhuysje;Valkenswaard;Maastrichterweg 28 5554GK;;NIE ZNALEZIONO STRONY W DANYCH;;;;;;NIEUSTALONE (wymaga zdjęć lub wizji lokalnej);;;;;;Do sprawdzenia;strony nie ma w danych mapy (do sprawdzenia);"jeśli faktycznie brak: strona WWW; witryna/szyld, odzież dla personelu (do sprawdzenia na miejscu; oferta zależy od branży)";nie kontaktowano;OpenStreetMap (shop=bakery, node/2829695278);2026-10-10
Sklepy lokalne;C;3;'t Geitenboerke;Veldhoven;Toterfout 13 5507RD;https://geitenboerke.nl;OK;tak;tak;;WordPress;;NIEUSTALONE (wymaga zdjęć lub wizji lokalnej);;;;;;Częściowe braki;nie znaleziono social media na stronie;"materiały do social media; witryna/szyld, odzież dla personelu (do sprawdzenia na miejscu; oferta zależy od branży)";nie kontaktowano;OpenStreetMap (shop=cheese, node/2829899409);2026-10-10
Sklepy lokalne;C;3;'t Kaaswinkeltje;;;;NIE ZNALEZIONO STRONY W DANYCH;;;;;;NIEUSTALONE (wymaga zdjęć lub wizji lokalnej);;;;;;Do sprawdzenia;strony nie ma w danych mapy (do sprawdzenia);"jeśli faktycznie brak: strona WWW; witryna/szyld, odzież dla personelu (do sprawdzenia na miejscu; oferta zależy od branży)";nie kontaktowano;OpenStreetMap (shop=cheese, node/3579525465);2026-10-10
Sklepy lokalne;C;3;'t Streeckhuys;Asten;Burgemeester Ruttenplein 10 5721DX;;NIE ZNALEZIONO STRONY W DANYCH;;;;;;NIEUSTALONE (wymaga zdjęć lub wizji lokalnej);;;;;;Do sprawdzenia;strony nie ma w danych mapy (do sprawdzenia);"jeśli faktycznie brak: strona WWW; witryna/szyld, odzież dla personelu (do sprawdzenia na miejscu; oferta zależy od branży)";nie kontaktowano;OpenStreetMap (shop=butcher, node/2872184353);2026-10-10
Sklepy lokalne;C;3;040 Fietsservice;;;;NIE ZNALEZIONO STRONY W DANYCH;;;;;;NIEUSTALONE (wymaga zdjęć lub wizji lokalnej);;;;;;Do sprawdzenia;strony nie ma w danych mapy (do sprawdzenia);"jeśli faktycznie brak: strona WWW; witryna/szyld, odzież dla personelu (do sprawdzenia na miejscu; oferta zależy od branży)";nie kontaktowano;OpenStreetMap (shop=bicycle, node/3579525487);2026-10-10
Sklepy lokalne;C;3;040FietsService;Eindhoven;Leenderweg 47 5614HL;https://www.040fietsservice.nl/;OK;tak;tak;;WordPress;;NIEUSTALONE (wymaga zdjęć lub wizji lokalnej);;;;;;Częściowe braki;nie znaleziono social media na stronie;"materiały do social media; witryna/szyld, odzież dla personelu (do sprawdzenia na miejscu; oferta zależy od branży)";nie kontaktowano;OpenStreetMap (shop=bicycle, node/13202128185);2026-10-10
Sklepy lokalne;C;3;A House of Happiness;Eindhoven;Croy 17 5653LC;;NIE ZNALEZIONO STRONY W DANYCH;;;;;;NIEUSTALONE (wymaga zdjęć lub wizji lokalnej);;;;;;Do sprawdzenia;strony nie ma w danych mapy (do sprawdzenia);"jeśli faktycznie brak: strona WWW; witryna/szyld, odzież dla personelu (do sprawdzenia na miejscu; oferta zależy od branży)";nie kontaktowano;OpenStreetMap (shop=curtain, node/2711198037);2026-10-10
Sklepy lokalne;C;3;Aanhuis;;;;NIE ZNALEZIONO STRONY W DANYCH;;;;;;NIEUSTALONE (wymaga zdjęć lub wizji lokalnej);;;;;;Do sprawdzenia;strony nie ma w danych mapy (do sprawdzenia);"jeśli faktycznie brak: strona WWW; witryna/szyld, odzież dla personelu (do sprawdzenia na miejscu; oferta zależy od branży)";nie kontaktowano;OpenStreetMap (shop=interior_decoration, node/11955491359);2026-10-10
Sklepy lokalne;C;3;Abbey Lane;Valkenswaard;Eindhovenseweg 16 5554AC;https://www.abbeylane.nl/;OK;tak;tak;2026;Lightspeed;Facebook, Instagram;NIEUSTALONE (wymaga zdjęć lub wizji lokalnej);sklep online;;;;;Podstawy online OK;;"witryna/szyld, odzież dla personelu (do sprawdzenia na miejscu; oferta zależy od branży)";nie kontaktowano;OpenStreetMap (shop=furniture, node/2829224356);2026-10-10
Sklepy lokalne;C;3;Adam's home;Eindhoven;Lardinoisstraat 15 5611ZZ;;NIE ZNALEZIONO STRONY W DANYCH;;;;;;NIEUSTALONE (wymaga zdjęć lub wizji lokalnej);;;;;;Do sprawdzenia;strony nie ma w danych mapy (do sprawdzenia);"jeśli faktycznie brak: strona WWW; witryna/szyld, odzież dla personelu (do sprawdzenia na miejscu; oferta zależy od branży)";nie kontaktowano;OpenStreetMap (shop=interior_decoration, node/2774855306);2026-10-10
Sklepy lokalne;C;3;Ado Bike;Eindhoven;Kruisstraat 126 5612CM;https://adobikeeindhoven.nl/;OK;tak;tak;;WordPress;;NIEUSTALONE (wymaga zdjęć lub wizji lokalnej);;;;;;Częściowe braki;nie znaleziono social media na stronie;"materiały do social media; witryna/szyld, odzież dla personelu (do sprawdzenia na miejscu; oferta zależy od branży)";nie kontaktowano;OpenStreetMap (shop=bicycle, node/1911425645) + wyszukiwarka;2026-10-10
Sklepy lokalne;C;3;Affaire d'antiques et cadeaux;Eindhoven;Hertogstraat 31 5611PA;;NIE ZNALEZIONO STRONY W DANYCH;;;;;;NIEUSTALONE (wymaga zdjęć lub wizji lokalnej);;;;;;Do sprawdzenia;strony nie ma w danych mapy (do sprawdzenia);"jeśli faktycznie brak: strona WWW; witryna/szyld, odzież dla personelu (do sprawdzenia na miejscu; oferta zależy od branży)";nie kontaktowano;OpenStreetMap (shop=furniture, node/2759418701);2026-10-10
Sklepy lokalne;C;3;Al Fourat Slagerij & BBQ;Eindhoven;Kruisstraat 88 5612CK;;NIE ZNALEZIONO STRONY W DANYCH;;;;;;NIEUSTALONE (wymaga zdjęć lub wizji lokalnej);;;;;;Do sprawdzenia;strony nie ma w danych mapy (do sprawdzenia);"jeśli faktycznie brak: strona WWW; witryna/szyld, odzież dla personelu (do sprawdzenia na miejscu; oferta zależy od branży)";nie kontaktowano;OpenStreetMap (shop=butcher, node/2778295056);2026-10-10
Sklepy lokalne;C;3;Amslod;;;;NIE ZNALEZIONO STRONY W DANYCH;;;;;;NIEUSTALONE (wymaga zdjęć lub wizji lokalnej);;;;;;Do sprawdzenia;strony nie ma w danych mapy (do sprawdzenia);"jeśli faktycznie brak: strona WWW; witryna/szyld, odzież dla personelu (do sprawdzenia na miejscu; oferta zależy od branży)";nie kontaktowano;OpenStreetMap (shop=bicycle, node/11663176673);2026-10-10
Sklepy lokalne;C;3;Auping;Eindhoven;Looyenbeemd 3 5652BH;;NIE ZNALEZIONO STRONY W DANYCH;;;;;;NIEUSTALONE (wymaga zdjęć lub wizji lokalnej);;;;;;Do sprawdzenia;strony nie ma w danych mapy (do sprawdzenia);"jeśli faktycznie brak: strona WWW; witryna/szyld, odzież dla personelu (do sprawdzenia na miejscu; oferta zależy od branży)";nie kontaktowano;OpenStreetMap (shop=bed, node/537149900);2026-10-10
Sklepy lokalne;C;3;B&B Tegels & Sanitair;Helmond;Mierloseweg 288 5707AV;https://www.bbtegels.nl/;OK;tak;tak;2026;;;NIEUSTALONE (wymaga zdjęć lub wizji lokalnej);;;;;;Częściowe braki;nie znaleziono social media na stronie;"materiały do social media; witryna/szyld, odzież dla personelu (do sprawdzenia na miejscu; oferta zależy od branży)";nie kontaktowano;OpenStreetMap (shop=bathroom_furnishing, node/2901804742);2026-10-10
Sklepy lokalne;C;3;B-Covered;Eindhoven;Lucas Gasselstraat 2 5613LB;https://www.b-covered.com/;OK;tak;tak;;WordPress;Facebook, Instagram;NIEUSTALONE (wymaga zdjęć lub wizji lokalnej);rekrutuje;;;;;Podstawy online OK;;"witryna/szyld, odzież dla personelu (do sprawdzenia na miejscu; oferta zależy od branży); odzież/oklejenie dla nowych ludzi i aut";nie kontaktowano;OpenStreetMap (shop=interior_decoration, node/2759645103);2026-10-10
Sklepy lokalne;C;3;Bakers Zitten & Wonen;Eindhoven;Kruisstraat 181 5612CH;;NIE ZNALEZIONO STRONY W DANYCH;;;;;;NIEUSTALONE (wymaga zdjęć lub wizji lokalnej);;;;;;Do sprawdzenia;strony nie ma w danych mapy (do sprawdzenia);"jeśli faktycznie brak: strona WWW; witryna/szyld, odzież dla personelu (do sprawdzenia na miejscu; oferta zależy od branży)";nie kontaktowano;OpenStreetMap (shop=furniture, node/2777941232);2026-10-10
Sklepy lokalne;C;3;Bakker van de Ven;Gemert;Burgemeester Rietmanstraat 6b 5421JX;;NIE ZNALEZIONO STRONY W DANYCH;;;;;;NIEUSTALONE (wymaga zdjęć lub wizji lokalnej);;;;;;Do sprawdzenia;strony nie ma w danych mapy (do sprawdzenia);"jeśli faktycznie brak: strona WWW; witryna/szyld, odzież dla personelu (do sprawdzenia na miejscu; oferta zależy od branży)";nie kontaktowano;OpenStreetMap (shop=bakery, node/3005554597);2026-10-10
Sklepy lokalne;C;3;Bakkerij Bart;Eindhoven;Winkelcentrum Woensel 265 5625AG;;NIE ZNALEZIONO STRONY W DANYCH;;;;;;NIEUSTALONE (wymaga zdjęć lub wizji lokalnej);;;;;;Do sprawdzenia;strony nie ma w danych mapy (do sprawdzenia);"jeśli faktycznie brak: strona WWW; witryna/szyld, odzież dla personelu (do sprawdzenia na miejscu; oferta zależy od branży)";nie kontaktowano;OpenStreetMap (shop=bakery, node/2751969377);2026-10-10
Sklepy lokalne;C;3;Bakkerij Bèr Vogels;Handel;Onze Lieve Vrouwestraat 34 5423SK;https://bakkerijvogels.nl/;OK;tak;tak;;;;NIEUSTALONE (wymaga zdjęć lub wizji lokalnej);;;;;;Częściowe braki;nie znaleziono social media na stronie;"materiały do social media; witryna/szyld, odzież dla personelu (do sprawdzenia na miejscu; oferta zależy od branży)";nie kontaktowano;OpenStreetMap (shop=bakery, node/3004883939);2026-10-10
Sklepy lokalne;C;3;Bakkerij Driessen;Veldhoven;Kromstraat 40 5504BD;;NIE ZNALEZIONO STRONY W DANYCH;;;;;;NIEUSTALONE (wymaga zdjęć lub wizji lokalnej);;;;;;Do sprawdzenia;strony nie ma w danych mapy (do sprawdzenia);"jeśli faktycznie brak: strona WWW; witryna/szyld, odzież dla personelu (do sprawdzenia na miejscu; oferta zależy od branży)";nie kontaktowano;OpenStreetMap (shop=bakery, node/2833147444);2026-10-10
Sklepy lokalne;C;3;Bakkerij Jansen;;;;NIE ZNALEZIONO STRONY W DANYCH;;;;;;NIEUSTALONE (wymaga zdjęć lub wizji lokalnej);;;;;;Do sprawdzenia;strony nie ma w danych mapy (do sprawdzenia);"jeśli faktycznie brak: strona WWW; witryna/szyld, odzież dla personelu (do sprawdzenia na miejscu; oferta zależy od branży)";nie kontaktowano;OpenStreetMap (shop=bakery, node/1347327307);2026-10-10
Sklepy lokalne;C;3;Bakkerij Jansen;Hapert;Nieuwstraat 6A 5527AT;;NIE ZNALEZIONO STRONY W DANYCH;;;;;;NIEUSTALONE (wymaga zdjęć lub wizji lokalnej);;;;;;Do sprawdzenia;strony nie ma w danych mapy (do sprawdzenia);"jeśli faktycznie brak: strona WWW; witryna/szyld, odzież dla personelu (do sprawdzenia na miejscu; oferta zależy od branży)";nie kontaktowano;OpenStreetMap (shop=bakery, node/2827409672);2026-10-10
Sklepy lokalne;C;3;Bakkerij Moeskops;;;;NIE ZNALEZIONO STRONY W DANYCH;;;;;;NIEUSTALONE (wymaga zdjęć lub wizji lokalnej);;;;;;Do sprawdzenia;strony nie ma w danych mapy (do sprawdzenia);"jeśli faktycznie brak: strona WWW; witryna/szyld, odzież dla personelu (do sprawdzenia na miejscu; oferta zależy od branży)";nie kontaktowano;OpenStreetMap (shop=bakery, node/5859231643);2026-10-10
Sklepy lokalne;C;3;Bakkerij P. v.d. Voort Hapert;Hapert;Markt 3 5527EN;;NIE ZNALEZIONO STRONY W DANYCH;;;;;;NIEUSTALONE (wymaga zdjęć lub wizji lokalnej);;;;;;Do sprawdzenia;strony nie ma w danych mapy (do sprawdzenia);"jeśli faktycznie brak: strona WWW; witryna/szyld, odzież dla personelu (do sprawdzenia na miejscu; oferta zależy od branży)";nie kontaktowano;OpenStreetMap (shop=bakery, node/2827404535);2026-10-10
Sklepy lokalne;C;3;Bakkerij van Weert;Leende;Oostrikkerstraat 29 5595AD;;NIE ZNALEZIONO STRONY W DANYCH;;;;;;NIEUSTALONE (wymaga zdjęć lub wizji lokalnej);;;;;;Do sprawdzenia;strony nie ma w danych mapy (do sprawdzenia);"jeśli faktycznie brak: strona WWW; witryna/szyld, odzież dla personelu (do sprawdzenia na miejscu; oferta zależy od branży)";nie kontaktowano;OpenStreetMap (shop=bakery, node/2340180880);2026-10-10
Sklepy lokalne;C;3;Bakkerij W.J. Bertrams;Veldhoven;Dorpstraat 78 5504HK;;NIE ZNALEZIONO STRONY W DANYCH;;;;;;NIEUSTALONE (wymaga zdjęć lub wizji lokalnej);;;;;;Do sprawdzenia;strony nie ma w danych mapy (do sprawdzenia);"jeśli faktycznie brak: strona WWW; witryna/szyld, odzież dla personelu (do sprawdzenia na miejscu; oferta zależy od branży)";nie kontaktowano;OpenStreetMap (shop=bakery, node/2440225029);2026-10-10
Sklepy lokalne;C;3;Bakkertje Bol;Eindhoven;Rechtestraat 51 5611GM;https://www.bakkertjebol.nl/;OK;tak;tak;;;Facebook;NIEUSTALONE (wymaga zdjęć lub wizji lokalnej);rekrutuje;;;;;Podstawy online OK;;"witryna/szyld, odzież dla personelu (do sprawdzenia na miejscu; oferta zależy od branży); odzież/oklejenie dla nowych ludzi i aut";nie kontaktowano;OpenStreetMap (shop=bakery, node/2765369007) + wyszukiwarka;2026-10-10
Sklepy lokalne;C;3;Beerens;Eindhoven;Kruisstraat 112 5612CL;;NIE ZNALEZIONO STRONY W DANYCH;;;;;;NIEUSTALONE (wymaga zdjęć lub wizji lokalnej);;;;;;Do sprawdzenia;strony nie ma w danych mapy (do sprawdzenia);"jeśli faktycznie brak: strona WWW; witryna/szyld, odzież dla personelu (do sprawdzenia na miejscu; oferta zależy od branży)";nie kontaktowano;OpenStreetMap (shop=butcher, node/2778291882);2026-10-10
Sklepy lokalne;C;3;Beixo;Geldrop;Korte Kerkstraat 2 5664HG;https://beixo.nl/;OK;tak;tak;2026;WordPress;Facebook, Instagram, LinkedIn, YouTube;NIEUSTALONE (wymaga zdjęć lub wizji lokalnej);rekrutuje;;;;;Podstawy online OK;;"witryna/szyld, odzież dla personelu (do sprawdzenia na miejscu; oferta zależy od branży); odzież/oklejenie dla nowych ludzi i aut";nie kontaktowano;OpenStreetMap (shop=bicycle, node/11839073539);2026-10-10
Sklepy lokalne;C;3;Belloni;Helmond;Kerkstraat 34 5701PM;https://www.bellonidelicatessen.nl/;OK;tak;tak;;WordPress;;NIEUSTALONE (wymaga zdjęć lub wizji lokalnej);;;;;;Częściowe braki;nie znaleziono social media na stronie;"materiały do social media; witryna/szyld, odzież dla personelu (do sprawdzenia na miejscu; oferta zależy od branży)";nie kontaktowano;OpenStreetMap (shop=deli, node/2903873144);2026-10-10
Sklepy lokalne;C;3;Berry Bikes;Valkenswaard;Molenstraat 57 5554JN;https://berrybikes.nl;OK;tak;tak;;Webflow;Facebook, Instagram;NIEUSTALONE (wymaga zdjęć lub wizji lokalnej);rekrutuje;;;;;Podstawy online OK;;"witryna/szyld, odzież dla personelu (do sprawdzenia na miejscu; oferta zależy od branży); odzież/oklejenie dla nowych ludzi i aut";nie kontaktowano;OpenStreetMap (shop=bicycle, node/2829697255);2026-10-10
Sklepy lokalne;C;3;bij Wijn;Gemert;Virmundtstraat 1 5421BT;;NIE ZNALEZIONO STRONY W DANYCH;;;;;;NIEUSTALONE (wymaga zdjęć lub wizji lokalnej);;;;;;Do sprawdzenia;strony nie ma w danych mapy (do sprawdzenia);"jeśli faktycznie brak: strona WWW; witryna/szyld, odzież dla personelu (do sprawdzenia na miejscu; oferta zależy od branży)";nie kontaktowano;OpenStreetMap (shop=confectionery, node/3005538866);2026-10-10
Sklepy lokalne;C;3;Bike Best;Best;Nieuwstraat 75 5683KB;;NIE ZNALEZIONO STRONY W DANYCH;;;;;;NIEUSTALONE (wymaga zdjęć lub wizji lokalnej);;;;;;Do sprawdzenia;strony nie ma w danych mapy (do sprawdzenia);"jeśli faktycznie brak: strona WWW; witryna/szyld, odzież dla personelu (do sprawdzenia na miejscu; oferta zależy od branży)";nie kontaktowano;OpenStreetMap (shop=bicycle, node/1631794416);2026-10-10
Sklepy lokalne;C;3;Bizim manav;Eindhoven;Edisonstraat 32B 5621HP;;NIE ZNALEZIONO STRONY W DANYCH;;;;;;NIEUSTALONE (wymaga zdjęć lub wizji lokalnej);;;;;;Do sprawdzenia;strony nie ma w danych mapy (do sprawdzenia);"jeśli faktycznie brak: strona WWW; witryna/szyld, odzież dla personelu (do sprawdzenia na miejscu; oferta zależy od branży)";nie kontaktowano;OpenStreetMap (shop=greengrocer, node/10140145951);2026-10-10
Sklepy lokalne;C;3;Blije Pootjes;Someren;Postelstraat 11 5711EM;;NIE ZNALEZIONO STRONY W DANYCH;;;;;;NIEUSTALONE (wymaga zdjęć lub wizji lokalnej);;;;;;Do sprawdzenia;strony nie ma w danych mapy (do sprawdzenia);"jeśli faktycznie brak: strona WWW; witryna/szyld, odzież dla personelu (do sprawdzenia na miejscu; oferta zależy od branży)";nie kontaktowano;OpenStreetMap (shop=pet, node/2852568123);2026-10-10
Sklepy lokalne;C;3;BloemArt;;;;NIE ZNALEZIONO STRONY W DANYCH;;;;;;NIEUSTALONE (wymaga zdjęć lub wizji lokalnej);;;;;;Do sprawdzenia;strony nie ma w danych mapy (do sprawdzenia);"jeśli faktycznie brak: strona WWW; witryna/szyld, odzież dla personelu (do sprawdzenia na miejscu; oferta zależy od branży)";nie kontaktowano;OpenStreetMap (shop=florist, node/11926169598);2026-10-10
Sklepy lokalne;C;3;Bloembinderij De Pimpernel;Maarheeze;Smits van Oyenlaan 9 6026CN;;NIE ZNALEZIONO STRONY W DANYCH;;;;;;NIEUSTALONE (wymaga zdjęć lub wizji lokalnej);;;;;;Do sprawdzenia;strony nie ma w danych mapy (do sprawdzenia);"jeśli faktycznie brak: strona WWW; witryna/szyld, odzież dla personelu (do sprawdzenia na miejscu; oferta zależy od branży)";nie kontaktowano;OpenStreetMap (shop=florist, node/2839394720);2026-10-10
Sklepy lokalne;C;3;Bloemen Aurora;;;;NIE ZNALEZIONO STRONY W DANYCH;;;;;;NIEUSTALONE (wymaga zdjęć lub wizji lokalnej);;;;;;Do sprawdzenia;strony nie ma w danych mapy (do sprawdzenia);"jeśli faktycznie brak: strona WWW; witryna/szyld, odzież dla personelu (do sprawdzenia na miejscu; oferta zależy od branży)";nie kontaktowano;OpenStreetMap (shop=florist, node/13938212413);2026-10-10
Sklepy lokalne;C;3;Bloemenatelier Waalre;Waalre;Willibrorduslaan 16 5581GE;;NIE ZNALEZIONO STRONY W DANYCH;;;;;Facebook;NIEUSTALONE (wymaga zdjęć lub wizji lokalnej);;;;;;Do sprawdzenia;strony nie ma w danych mapy (do sprawdzenia);"jeśli faktycznie brak: strona WWW; witryna/szyld, odzież dla personelu (do sprawdzenia na miejscu; oferta zależy od branży)";nie kontaktowano;OpenStreetMap (shop=florist, node/2931349426);2026-10-10
Sklepy lokalne;C;3;Bloemenboetiek Majan;;;;NIE ZNALEZIONO STRONY W DANYCH;;;;;;NIEUSTALONE (wymaga zdjęć lub wizji lokalnej);;;;;;Do sprawdzenia;strony nie ma w danych mapy (do sprawdzenia);"jeśli faktycznie brak: strona WWW; witryna/szyld, odzież dla personelu (do sprawdzenia na miejscu; oferta zależy od branży)";nie kontaktowano;OpenStreetMap (shop=florist, node/3579525467);2026-10-10
Sklepy lokalne;C;3;Bloemenhuis Bouman;Eindhoven;Heezerweg 317 5643KE;https://www.boumanbloemen.nl/;OK;tak;tak;;WordPress;Facebook, Instagram, LinkedIn;NIEUSTALONE (wymaga zdjęć lub wizji lokalnej);rekrutuje;;;;;Podstawy online OK;;"witryna/szyld, odzież dla personelu (do sprawdzenia na miejscu; oferta zależy od branży); odzież/oklejenie dla nowych ludzi i aut";nie kontaktowano;OpenStreetMap (shop=florist, node/2742800632);2026-10-10
Sklepy lokalne;C;3;Bloemerie Best;Best;Koningin Julianaweg 31 5684VA;https://www.bloemerie.eu/;OK;tak;tak;2026;;;NIEUSTALONE (wymaga zdjęć lub wizji lokalnej);;;;;;Częściowe braki;nie znaleziono social media na stronie;"materiały do social media; witryna/szyld, odzież dla personelu (do sprawdzenia na miejscu; oferta zależy od branży)";nie kontaktowano;OpenStreetMap (shop=florist, node/3816436650);2026-10-10
Sklepy lokalne;C;3;Bloemerie Den Hof;Waalre;Den Hof 9 5582JZ;https://www.bloemeriedenhof.nl/;OK;tak;tak;;;Facebook, Instagram;NIEUSTALONE (wymaga zdjęć lub wizji lokalnej);sklep online;;;;;Podstawy online OK;;"witryna/szyld, odzież dla personelu (do sprawdzenia na miejscu; oferta zależy od branży)";nie kontaktowano;OpenStreetMap (shop=florist, node/2929830862);2026-10-10
Sklepy lokalne;C;3;Bloemex;Valkenswaard;Leenderweg 13 5554CK;;NIE ZNALEZIONO STRONY W DANYCH;;;;;;NIEUSTALONE (wymaga zdjęć lub wizji lokalnej);;;;;;Do sprawdzenia;strony nie ma w danych mapy (do sprawdzenia);"jeśli faktycznie brak: strona WWW; witryna/szyld, odzież dla personelu (do sprawdzenia na miejscu; oferta zależy od branży)";nie kontaktowano;OpenStreetMap (shop=florist, node/2829223648);2026-10-10
Sklepy lokalne;C;3;Bloemgalerie Lian Engelen;Someren;Wilhelminaplein 4 5711EK;;NIE ZNALEZIONO STRONY W DANYCH;;;;;;NIEUSTALONE (wymaga zdjęć lub wizji lokalnej);;;;;;Do sprawdzenia;strony nie ma w danych mapy (do sprawdzenia);"jeśli faktycznie brak: strona WWW; witryna/szyld, odzież dla personelu (do sprawdzenia na miejscu; oferta zależy od branży)";nie kontaktowano;OpenStreetMap (shop=florist, node/2852580401);2026-10-10
Sklepy lokalne;C;3;Bloemisterij Hartogs;Eindhoven;Kleine Berg 34A 5611JV;;NIE ZNALEZIONO STRONY W DANYCH;;;;;;NIEUSTALONE (wymaga zdjęć lub wizji lokalnej);;;;;;Do sprawdzenia;strony nie ma w danych mapy (do sprawdzenia);"jeśli faktycznie brak: strona WWW; witryna/szyld, odzież dla personelu (do sprawdzenia na miejscu; oferta zależy od branży)";nie kontaktowano;OpenStreetMap (shop=florist, node/2764375723);2026-10-10
Sklepy lokalne;C;3;Bloemkwekerij 't Schuurke;Nuenen;Kuilen 1 5674BC;;NIE ZNALEZIONO STRONY W DANYCH;;;;;;NIEUSTALONE (wymaga zdjęć lub wizji lokalnej);;;;;;Do sprawdzenia;strony nie ma w danych mapy (do sprawdzenia);"jeśli faktycznie brak: strona WWW; witryna/szyld, odzież dla personelu (do sprawdzenia na miejscu; oferta zależy od branży)";nie kontaktowano;OpenStreetMap (shop=florist, node/13138297982);2026-10-10
Sklepy lokalne;C;3;Boerderijwinkel De Keldershoeve;;;;NIE ZNALEZIONO STRONY W DANYCH;;;;;;NIEUSTALONE (wymaga zdjęć lub wizji lokalnej);;;;;;Do sprawdzenia;strony nie ma w danych mapy (do sprawdzenia);"jeśli faktycznie brak: strona WWW; witryna/szyld, odzież dla personelu (do sprawdzenia na miejscu; oferta zależy od branży)";nie kontaktowano;OpenStreetMap (shop=greengrocer, node/2397087115);2026-10-10
Sklepy lokalne;C;3;BoerenBond;Nuenen;Duivendijk 1 5672AD;;NIE ZNALEZIONO STRONY W DANYCH;;;;;;NIEUSTALONE (wymaga zdjęć lub wizji lokalnej);;;;;;Do sprawdzenia;strony nie ma w danych mapy (do sprawdzenia);"jeśli faktycznie brak: strona WWW; witryna/szyld, odzież dla personelu (do sprawdzenia na miejscu; oferta zależy od branży)";nie kontaktowano;OpenStreetMap (shop=garden_centre, node/2992402755);2026-10-10
Sklepy lokalne;C;3;Boerenbond - Pets Place;Bergeijk;Loo 18 5571KR;;NIE ZNALEZIONO STRONY W DANYCH;;;;;;NIEUSTALONE (wymaga zdjęć lub wizji lokalnej);;;;;;Do sprawdzenia;strony nie ma w danych mapy (do sprawdzenia);"jeśli faktycznie brak: strona WWW; witryna/szyld, odzież dla personelu (do sprawdzenia na miejscu; oferta zależy od branży)";nie kontaktowano;OpenStreetMap (shop=pet, node/2829073304);2026-10-10
Sklepy lokalne;C;3;Bolia.com;Eindhoven;Nieuwe Emmasingel 36 5611AM;;NIE ZNALEZIONO STRONY W DANYCH;;;;;;NIEUSTALONE (wymaga zdjęć lub wizji lokalnej);;;;;;Do sprawdzenia;strony nie ma w danych mapy (do sprawdzenia);"jeśli faktycznie brak: strona WWW; witryna/szyld, odzież dla personelu (do sprawdzenia na miejscu; oferta zależy od branży)";nie kontaktowano;OpenStreetMap (shop=interior_decoration, node/2765448332);2026-10-10
Sklepy lokalne;C;3;Bonayes Chocolates & Patisserie;Veldhoven;;https://www.bonayes.nl/;OK;tak;tak;;Squarespace;Facebook, Instagram;NIEUSTALONE (wymaga zdjęć lub wizji lokalnej);otwarcie sklepu 2026-03-20 (BN DeStem 2026-03-19);;;2026;;Podstawy online OK;;"witryna/szyld, odzież dla personelu (do sprawdzenia na miejscu; oferta zależy od branży)";nie kontaktowano;nowo założona lub otwarta firma (runda 2, lokalne media / rejestr Oozo) | dowód: https://www.bndestem.nl/brabant/bijzondere-bonbons-met-aparte-smaken-als-peer-tijm-en-kalamansi-in-veldhoven-zijn-ze-binnenkort-te-koop~af2fcc48/;2026-10-10
Sklepy lokalne;C;3;Botteram Bikes;Riethoven;Schoolstraat 29a 5561AH;https://botterambikes.nl;OK;tak;tak;;;Facebook;NIEUSTALONE (wymaga zdjęć lub wizji lokalnej);rekrutuje;;;;;Podstawy online OK;;"witryna/szyld, odzież dla personelu (do sprawdzenia na miejscu; oferta zależy od branży); odzież/oklejenie dla nowych ludzi i aut";nie kontaktowano;OpenStreetMap (shop=bicycle, node/2829021878);2026-10-10
Sklepy lokalne;C;3;Bre@d;;;;NIE ZNALEZIONO STRONY W DANYCH;;;;;;NIEUSTALONE (wymaga zdjęć lub wizji lokalnej);;;;;;Do sprawdzenia;strony nie ma w danych mapy (do sprawdzenia);"jeśli faktycznie brak: strona WWW; witryna/szyld, odzież dla personelu (do sprawdzenia na miejscu; oferta zależy od branży)";nie kontaktowano;OpenStreetMap (shop=bakery, node/1754604525);2026-10-10
Sklepy lokalne;C;3;Broekmans;;;https://www.bakkerijbroekmans.nl;OK;tak;tak;;WordPress;Facebook, Instagram, LinkedIn, YouTube;NIEUSTALONE (wymaga zdjęć lub wizji lokalnej);rekrutuje;;;;;Podstawy online OK;;"witryna/szyld, odzież dla personelu (do sprawdzenia na miejscu; oferta zależy od branży); odzież/oklejenie dla nowych ludzi i aut";nie kontaktowano;OpenStreetMap (shop=bakery, node/4213448522);2026-10-10
Sklepy lokalne;C;3;Broodhuys de Beerse Bakker;Oost West en Middelbeers;Willibrordstraat 8 5091CD;https://www.debeersebakker.nl/;OK;tak;tak;2026;;Facebook, Instagram;NIEUSTALONE (wymaga zdjęć lub wizji lokalnej);rekrutuje;;;;;Podstawy online OK;;"witryna/szyld, odzież dla personelu (do sprawdzenia na miejscu; oferta zależy od branży); odzież/oklejenie dla nowych ludzi i aut";nie kontaktowano;OpenStreetMap (shop=bakery, node/2825999962);2026-10-10
Sklepy lokalne;C;3;Broodjeszaak Beregoed;;;;NIE ZNALEZIONO STRONY W DANYCH;;;;;;NIEUSTALONE (wymaga zdjęć lub wizji lokalnej);;;;;;Do sprawdzenia;strony nie ma w danych mapy (do sprawdzenia);"jeśli faktycznie brak: strona WWW; witryna/szyld, odzież dla personelu (do sprawdzenia na miejscu; oferta zależy od branży)";nie kontaktowano;OpenStreetMap (shop=bakery, node/11955488635);2026-10-10
Sklepy lokalne;C;3;Burmann;Eindhoven;Heuvel Galerie 143 5611DK;;NIE ZNALEZIONO STRONY W DANYCH;;;;;;NIEUSTALONE (wymaga zdjęć lub wizji lokalnej);;;;;;Do sprawdzenia;strony nie ma w danych mapy (do sprawdzenia);"jeśli faktycznie brak: strona WWW; witryna/szyld, odzież dla personelu (do sprawdzenia na miejscu; oferta zależy od branży)";nie kontaktowano;OpenStreetMap (shop=bed, node/2765367448);2026-10-10
Sklepy lokalne;C;3;Citydwellers;;;;NIE ZNALEZIONO STRONY W DANYCH;;;;;;NIEUSTALONE (wymaga zdjęć lub wizji lokalnej);;;;;;Do sprawdzenia;strony nie ma w danych mapy (do sprawdzenia);"jeśli faktycznie brak: strona WWW; witryna/szyld, odzież dla personelu (do sprawdzenia na miejscu; oferta zależy od branży)";nie kontaktowano;OpenStreetMap (shop=interior_decoration, node/3446864536);2026-10-10
Sklepy lokalne;C;3;Cjays lastechniek;Valkenswaard;Bakkerstraat 41C 5554EC;https://www.cjays.nl/;OK;tak;tak;;WordPress;Facebook;NIEUSTALONE (wymaga zdjęć lub wizji lokalnej);sklep online;;;;;Podstawy online OK;;"witryna/szyld, odzież dla personelu (do sprawdzenia na miejscu; oferta zależy od branży)";nie kontaktowano;OpenStreetMap (shop=hardware, node/2829493901);2026-10-10
Sklepy lokalne;C;3;Claassen Gordijnen & Interieurstoffen;Mierlo;Brugstraat 67 5731HG;https://www.claassenstoffen.nl/;OK;tak;tak;2026;WordPress;;NIEUSTALONE (wymaga zdjęć lub wizji lokalnej);;;;;;Częściowe braki;nie znaleziono social media na stronie;"materiały do social media; witryna/szyld, odzież dla personelu (do sprawdzenia na miejscu; oferta zależy od branży)";nie kontaktowano;OpenStreetMap (shop=curtain, node/2876570968);2026-10-10
Sklepy lokalne;C;3;Comtr Gordijnen;Helmond;Nieuwveld 39 5702HW;;NIE ZNALEZIONO STRONY W DANYCH;;;;;Facebook;NIEUSTALONE (wymaga zdjęć lub wizji lokalnej);;;;;;Do sprawdzenia;strony nie ma w danych mapy (do sprawdzenia);"jeśli faktycznie brak: strona WWW; witryna/szyld, odzież dla personelu (do sprawdzenia na miejscu; oferta zależy od branży)";nie kontaktowano;OpenStreetMap (shop=curtain, node/2903265466);2026-10-10
Sklepy lokalne;C;3;Damak Amsterdam;Eindhoven;Generaal Coenderslaan 55 5623LV;https://damakamsterdam.nl/;OK;tak;tak;;;;NIEUSTALONE (wymaga zdjęć lub wizji lokalnej);;;;;;Częściowe braki;nie znaleziono social media na stronie;"materiały do social media; witryna/szyld, odzież dla personelu (do sprawdzenia na miejscu; oferta zależy od branży)";nie kontaktowano;OpenStreetMap (shop=bakery, node/4752349360);2026-10-10
Sklepy lokalne;C;3;De Bakkerij Waalre;Waalre;De Bus 39 5581GP;;NIE ZNALEZIONO STRONY W DANYCH;;;;;Facebook;NIEUSTALONE (wymaga zdjęć lub wizji lokalnej);;;;;;Do sprawdzenia;strony nie ma w danych mapy (do sprawdzenia);"jeśli faktycznie brak: strona WWW; witryna/szyld, odzież dla personelu (do sprawdzenia na miejscu; oferta zależy od branży)";nie kontaktowano;OpenStreetMap (shop=bakery, node/2931190102);2026-10-10
Sklepy lokalne;C;3;De Bloemensjop;;;;NIE ZNALEZIONO STRONY W DANYCH;;;;;;NIEUSTALONE (wymaga zdjęć lub wizji lokalnej);;;;;;Do sprawdzenia;strony nie ma w danych mapy (do sprawdzenia);"jeśli faktycznie brak: strona WWW; witryna/szyld, odzież dla personelu (do sprawdzenia na miejscu; oferta zależy od branży)";nie kontaktowano;OpenStreetMap (shop=florist, node/1664242185);2026-10-10
Sklepy lokalne;C;3;De Bloemist;Eindhoven;Winkelcentrum Woensel 5625AG;;NIE ZNALEZIONO STRONY W DANYCH;;;;;;NIEUSTALONE (wymaga zdjęć lub wizji lokalnej);;;;;;Do sprawdzenia;strony nie ma w danych mapy (do sprawdzenia);"jeśli faktycznie brak: strona WWW; witryna/szyld, odzież dla personelu (do sprawdzenia na miejscu; oferta zależy od branży)";nie kontaktowano;OpenStreetMap (shop=florist, node/10291000186);2026-10-10
Sklepy lokalne;C;3;De Concurrent;Nuenen;Berg 10 5671CC;;NIE ZNALEZIONO STRONY W DANYCH;;;;;;NIEUSTALONE (wymaga zdjęć lub wizji lokalnej);;;;;;Do sprawdzenia;strony nie ma w danych mapy (do sprawdzenia);"jeśli faktycznie brak: strona WWW; witryna/szyld, odzież dla personelu (do sprawdzenia na miejscu; oferta zależy od branży)";nie kontaktowano;OpenStreetMap (shop=bicycle, node/60267639);2026-10-10
Sklepy lokalne;C;3;De Fietsemaker;Eindhoven;Herentalsweg 21 5628RD;https://www.fietsemaker.nl/;OK;tak;tak;2026;WordPress;Facebook;NIEUSTALONE (wymaga zdjęć lub wizji lokalnej);sklep online;;;;;Podstawy online OK;;"witryna/szyld, odzież dla personelu (do sprawdzenia na miejscu; oferta zależy od branży)";nie kontaktowano;OpenStreetMap (shop=bicycle, node/2734420921);2026-10-10
Sklepy lokalne;C;3;De Groene Weg;Eindhoven;Kruisstraat 128B 5612CM;https://www.degroeneweg.nl;OK;tak;tak;2026;;Facebook, Instagram, LinkedIn;NIEUSTALONE (wymaga zdjęć lub wizji lokalnej);rekrutuje;;;;;Podstawy online OK;;"witryna/szyld, odzież dla personelu (do sprawdzenia na miejscu; oferta zależy od branży); odzież/oklejenie dla nowych ludzi i aut";nie kontaktowano;OpenStreetMap (shop=butcher, node/649512173);2026-10-10
Sklepy lokalne;C;3;de Groenteboer;Oirschot;de Loop 41 5688EW;;NIE ZNALEZIONO STRONY W DANYCH;;;;;;NIEUSTALONE (wymaga zdjęć lub wizji lokalnej);;;;;;Do sprawdzenia;strony nie ma w danych mapy (do sprawdzenia);"jeśli faktycznie brak: strona WWW; witryna/szyld, odzież dla personelu (do sprawdzenia na miejscu; oferta zależy od branży)";nie kontaktowano;OpenStreetMap (shop=greengrocer, node/2825997430);2026-10-10
Sklepy lokalne;C;3;De Groenteman Van Lieshout;Lieshout;Dorpsstraat 3 5737GA;;NIE ZNALEZIONO STRONY W DANYCH;;;;;;NIEUSTALONE (wymaga zdjęć lub wizji lokalnej);;;;;;Do sprawdzenia;strony nie ma w danych mapy (do sprawdzenia);"jeśli faktycznie brak: strona WWW; witryna/szyld, odzież dla personelu (do sprawdzenia na miejscu; oferta zależy od branży)";nie kontaktowano;OpenStreetMap (shop=greengrocer, node/2898997328);2026-10-10
Sklepy lokalne;C;3;De Houtwinkel;Bladel;Industrieweg 3 5531AD;https://www.dehoutwinkelbladel.nl/;OK;tak;tak;2026;WordPress;Facebook, Instagram, LinkedIn;NIEUSTALONE (wymaga zdjęć lub wizji lokalnej);rekrutuje;;;;;Podstawy online OK;;"witryna/szyld, odzież dla personelu (do sprawdzenia na miejscu; oferta zależy od branży); odzież/oklejenie dla nowych ludzi i aut";nie kontaktowano;OpenStreetMap (shop=doityourself, node/2827271976);2026-10-10
Sklepy lokalne;C;3;De Kempen Tweewielers;Waalre;Den Hof 56 5582JZ;;NIE ZNALEZIONO STRONY W DANYCH;;;;;;NIEUSTALONE (wymaga zdjęć lub wizji lokalnej);;;;;;Do sprawdzenia;strony nie ma w danych mapy (do sprawdzenia);"jeśli faktycznie brak: strona WWW; witryna/szyld, odzież dla personelu (do sprawdzenia na miejscu; oferta zależy od branży)";nie kontaktowano;OpenStreetMap (shop=bicycle, node/2929829121);2026-10-10
Sklepy lokalne;C;3;De Meubelhal;Eersel;Stokkelen 60 5521ND;;NIE ZNALEZIONO STRONY W DANYCH;;;;;;NIEUSTALONE (wymaga zdjęć lub wizji lokalnej);;;;;;Do sprawdzenia;strony nie ma w danych mapy (do sprawdzenia);"jeśli faktycznie brak: strona WWW; witryna/szyld, odzież dla personelu (do sprawdzenia na miejscu; oferta zależy od branży)";nie kontaktowano;OpenStreetMap (shop=furniture, node/1834281960);2026-10-10
Sklepy lokalne;C;3;De Tegelsalon;;;;NIE ZNALEZIONO STRONY W DANYCH;;;;;;NIEUSTALONE (wymaga zdjęć lub wizji lokalnej);;;;;;Do sprawdzenia;strony nie ma w danych mapy (do sprawdzenia);"jeśli faktycznie brak: strona WWW; witryna/szyld, odzież dla personelu (do sprawdzenia na miejscu; oferta zależy od branży)";nie kontaktowano;OpenStreetMap (shop=doityourself, node/1836666031);2026-10-10
Sklepy lokalne;C;3;De Uitkomst;Veldhoven;Locht 5 5504KA;;NIE ZNALEZIONO STRONY W DANYCH;;;;;;NIEUSTALONE (wymaga zdjęć lub wizji lokalnej);;;;;;Do sprawdzenia;strony nie ma w danych mapy (do sprawdzenia);"jeśli faktycznie brak: strona WWW; witryna/szyld, odzież dla personelu (do sprawdzenia na miejscu; oferta zależy od branży)";nie kontaktowano;OpenStreetMap (shop=bicycle, node/2833147884);2026-10-10
Sklepy lokalne;C;3;De Verfkampioen Leenderweg;Eindhoven;Leenderweg 275A 5643AJ;https://www.verfkampioen.nl;OK;tak;tak;2026;WordPress;Facebook, YouTube;NIEUSTALONE (wymaga zdjęć lub wizji lokalnej);rekrutuje;;;;;Podstawy online OK;;"witryna/szyld, odzież dla personelu (do sprawdzenia na miejscu; oferta zależy od branży); odzież/oklejenie dla nowych ludzi i aut";nie kontaktowano;OpenStreetMap (shop=paint, node/2740341818);2026-10-10
Sklepy lokalne;C;3;De Woonhoek.nl;;;https://www.dewoonhoek.nl/;OK;tak;tak;2026;Lightspeed;Facebook, YouTube;NIEUSTALONE (wymaga zdjęć lub wizji lokalnej);sklep online;;;;;Podstawy online OK;;"witryna/szyld, odzież dla personelu (do sprawdzenia na miejscu; oferta zależy od branży)";nie kontaktowano;OpenStreetMap (shop=interior_decoration, node/12222992564);2026-10-10
Sklepy lokalne;C;3;Delta Chesterfield Collection;;;;NIE ZNALEZIONO STRONY W DANYCH;;;;;;NIEUSTALONE (wymaga zdjęć lub wizji lokalnej);;;;;;Do sprawdzenia;strony nie ma w danych mapy (do sprawdzenia);"jeśli faktycznie brak: strona WWW; witryna/szyld, odzież dla personelu (do sprawdzenia na miejscu; oferta zależy od branży)";nie kontaktowano;OpenStreetMap (shop=furniture, node/11210385529);2026-10-10
Sklepy lokalne;C;3;Diar Slagerij;Eindhoven;Kruisstraat 45 5612CC;;NIE ZNALEZIONO STRONY W DANYCH;;;;;;NIEUSTALONE (wymaga zdjęć lub wizji lokalnej);;;;;;Do sprawdzenia;strony nie ma w danych mapy (do sprawdzenia);"jeśli faktycznie brak: strona WWW; witryna/szyld, odzież dla personelu (do sprawdzenia na miejscu; oferta zależy od branży)";nie kontaktowano;OpenStreetMap (shop=butcher, node/2777942644);2026-10-10
Sklepy lokalne;C;3;Dierenspeciaalzaak Bennie;Mierlo;Margrietstraat 126 5731BX;;NIE ZNALEZIONO STRONY W DANYCH;;;;;;NIEUSTALONE (wymaga zdjęć lub wizji lokalnej);;;;;;Do sprawdzenia;strony nie ma w danych mapy (do sprawdzenia);"jeśli faktycznie brak: strona WWW; witryna/szyld, odzież dla personelu (do sprawdzenia na miejscu; oferta zależy od branży)";nie kontaktowano;OpenStreetMap (shop=pet, node/2876613313);2026-10-10
Sklepy lokalne;C;3;Dierenspeciaalzaak Colinda;Waalre;Willibrorduslaan 10a 5581GE;;NIE ZNALEZIONO STRONY W DANYCH;;;;;;NIEUSTALONE (wymaga zdjęć lub wizji lokalnej);;;;;;Do sprawdzenia;strony nie ma w danych mapy (do sprawdzenia);"jeśli faktycznie brak: strona WWW; witryna/szyld, odzież dla personelu (do sprawdzenia na miejscu; oferta zależy od branży)";nie kontaktowano;OpenStreetMap (shop=pet, node/2931349323);2026-10-10
Sklepy lokalne;C;3;Dierenspeciaalzaak Van der Velden;Eindhoven;Winkelcentrum Woensel 118 5625AG;;NIE ZNALEZIONO STRONY W DANYCH;;;;;;NIEUSTALONE (wymaga zdjęć lub wizji lokalnej);;;;;;Do sprawdzenia;strony nie ma w danych mapy (do sprawdzenia);"jeśli faktycznie brak: strona WWW; witryna/szyld, odzież dla personelu (do sprawdzenia na miejscu; oferta zależy od branży)";nie kontaktowano;OpenStreetMap (shop=pet, node/13205386251);2026-10-10
Sklepy lokalne;C;3;Dierspeciaalzaak Buijtels;Bergeijk;Burgemeester Magneestraat 20 5571HD;;NIE ZNALEZIONO STRONY W DANYCH;;;;;;NIEUSTALONE (wymaga zdjęć lub wizji lokalnej);;;;;;Do sprawdzenia;strony nie ma w danych mapy (do sprawdzenia);"jeśli faktycznie brak: strona WWW; witryna/szyld, odzież dla personelu (do sprawdzenia na miejscu; oferta zależy od branży)";nie kontaktowano;OpenStreetMap (shop=pet, node/2828718062);2026-10-10
Sklepy lokalne;C;3;Droomland;;;;NIE ZNALEZIONO STRONY W DANYCH;;;;;;NIEUSTALONE (wymaga zdjęć lub wizji lokalnej);;;;;;Do sprawdzenia;strony nie ma w danych mapy (do sprawdzenia);"jeśli faktycznie brak: strona WWW; witryna/szyld, odzież dla personelu (do sprawdzenia na miejscu; oferta zależy od branży)";nie kontaktowano;OpenStreetMap (shop=bed, node/11955495730);2026-10-10
Sklepy lokalne;C;3;Duca Design;Eindhoven;Hertogstraat 38 5611PB;;NIE ZNALEZIONO STRONY W DANYCH;;;;;;NIEUSTALONE (wymaga zdjęć lub wizji lokalnej);;;;;;Do sprawdzenia;strony nie ma w danych mapy (do sprawdzenia);"jeśli faktycznie brak: strona WWW; witryna/szyld, odzież dla personelu (do sprawdzenia na miejscu; oferta zależy od branży)";nie kontaktowano;OpenStreetMap (shop=furniture, node/2759558352);2026-10-10
Sklepy lokalne;C;3;E-Bike Masters;;;;NIE ZNALEZIONO STRONY W DANYCH;;;;;;NIEUSTALONE (wymaga zdjęć lub wizji lokalnej);;;;;;Do sprawdzenia;strony nie ma w danych mapy (do sprawdzenia);"jeśli faktycznie brak: strona WWW; witryna/szyld, odzież dla personelu (do sprawdzenia na miejscu; oferta zależy od branży)";nie kontaktowano;OpenStreetMap (shop=bicycle, node/5873249681);2026-10-10
Sklepy lokalne;C;3;Easy Sit;;;;NIE ZNALEZIONO STRONY W DANYCH;;;;;;NIEUSTALONE (wymaga zdjęć lub wizji lokalnej);;;;;;Do sprawdzenia;strony nie ma w danych mapy (do sprawdzenia);"jeśli faktycznie brak: strona WWW; witryna/szyld, odzież dla personelu (do sprawdzenia na miejscu; oferta zależy od branży)";nie kontaktowano;OpenStreetMap (shop=furniture, node/14240028332);2026-10-10
Sklepy lokalne;C;3;Eigenwijzz bloemen & meer;Mierlo;Margrietstraat 65 5731BN;;NIE ZNALEZIONO STRONY W DANYCH;;;;;;NIEUSTALONE (wymaga zdjęć lub wizji lokalnej);;;;;;Do sprawdzenia;strony nie ma w danych mapy (do sprawdzenia);"jeśli faktycznie brak: strona WWW; witryna/szyld, odzież dla personelu (do sprawdzenia na miejscu; oferta zależy od branży)";nie kontaktowano;OpenStreetMap (shop=florist, node/2876516107);2026-10-10
Sklepy lokalne;C;3;EKC Afbouwmaterialen;Eindhoven;Kanaaldijk-Noord 27 5613DH;https://www.stukbouw.nl/vestigingen/eindhoven/;OK;tak;tak;;;Facebook, Instagram, LinkedIn;NIEUSTALONE (wymaga zdjęć lub wizji lokalnej);rekrutuje;;;;;Podstawy online OK;;"witryna/szyld, odzież dla personelu (do sprawdzenia na miejscu; oferta zależy od branży); odzież/oklejenie dla nowych ludzi i aut";nie kontaktowano;OpenStreetMap (shop=hardware, node/2761870607);2026-10-10
Sklepy lokalne;C;3;Emma;Eindhoven;Nieuwe Emmasingel 28 5611AM;https://www.emma-sleep.nl;OK;tak;tak;;;;NIEUSTALONE (wymaga zdjęć lub wizji lokalnej);;;;;;Częściowe braki;nie znaleziono social media na stronie;"materiały do social media; witryna/szyld, odzież dla personelu (do sprawdzenia na miejscu; oferta zależy od branży)";nie kontaktowano;OpenStreetMap (shop=bed, node/2765447689);2026-10-10
Sklepy lokalne;C;3;Esco Vloeren Westerhoven;Westerhoven;Leemskuilen 44 5563CL;;NIE ZNALEZIONO STRONY W DANYCH;;;;;;NIEUSTALONE (wymaga zdjęć lub wizji lokalnej);;;;;;Do sprawdzenia;strony nie ma w danych mapy (do sprawdzenia);"jeśli faktycznie brak: strona WWW; witryna/szyld, odzież dla personelu (do sprawdzenia na miejscu; oferta zależy od branży)";nie kontaktowano;OpenStreetMap (shop=trade, node/2828899721);2026-10-10
Sklepy lokalne;C;3;Exotic World;Helmond;Heistraat 56 5701HP;https://www.exoticworld.nl/;OK;tak;tak;;;;NIEUSTALONE (wymaga zdjęć lub wizji lokalnej);;;;;;Częściowe braki;nie znaleziono social media na stronie;"materiały do social media; witryna/szyld, odzież dla personelu (do sprawdzenia na miejscu; oferta zależy od branży)";nie kontaktowano;OpenStreetMap (shop=pet, node/5406140272);2026-10-10
Sklepy lokalne;C;3;Fietsenmaker op 't Loo;;;;NIE ZNALEZIONO STRONY W DANYCH;;;;;;NIEUSTALONE (wymaga zdjęć lub wizji lokalnej);;;;;;Do sprawdzenia;strony nie ma w danych mapy (do sprawdzenia);"jeśli faktycznie brak: strona WWW; witryna/szyld, odzież dla personelu (do sprawdzenia na miejscu; oferta zależy od branży)";nie kontaktowano;OpenStreetMap (shop=bicycle, way/105334732);2026-10-10
Sklepy lokalne;C;3;Fietsgarage Veldhoven;Veldhoven;Kromstraat 75 5504BB;;NIE ZNALEZIONO STRONY W DANYCH;;;;;;NIEUSTALONE (wymaga zdjęć lub wizji lokalnej);;;;;;Do sprawdzenia;strony nie ma w danych mapy (do sprawdzenia);"jeśli faktycznie brak: strona WWW; witryna/szyld, odzież dla personelu (do sprawdzenia na miejscu; oferta zależy od branży)";nie kontaktowano;OpenStreetMap (shop=bicycle, node/2832334089);2026-10-10
Sklepy lokalne;C;3;Fleur-inn Bloemsierkunst;Nuenen;Hoge Brake 70 5672GM;;NIE ZNALEZIONO STRONY W DANYCH;;;;;;NIEUSTALONE (wymaga zdjęć lub wizji lokalnej);;;;;;Do sprawdzenia;strony nie ma w danych mapy (do sprawdzenia);"jeśli faktycznie brak: strona WWW; witryna/szyld, odzież dla personelu (do sprawdzenia na miejscu; oferta zależy od branży)";nie kontaktowano;OpenStreetMap (shop=florist, node/2992719472);2026-10-10
Sklepy lokalne;C;3;Fleurop Grandiflora;Veldhoven;Pleintjes 105A 5501EE;;NIE ZNALEZIONO STRONY W DANYCH;;;;;;NIEUSTALONE (wymaga zdjęć lub wizji lokalnej);;;;;;Do sprawdzenia;strony nie ma w danych mapy (do sprawdzenia);"jeśli faktycznie brak: strona WWW; witryna/szyld, odzież dla personelu (do sprawdzenia na miejscu; oferta zależy od branży)";nie kontaktowano;OpenStreetMap (shop=florist, node/1834093591);2026-10-10
Sklepy lokalne;C;3;Forza E-bike Testcenter;Eindhoven;Gabriël Metsulaan 112 5611SR;https://forza.nl/e-bike-testcenters/eindhoven;OK;tak;tak;2026;WordPress;Facebook, Instagram, LinkedIn, TikTok, YouTube;NIEUSTALONE (wymaga zdjęć lub wizji lokalnej);rekrutuje;;;;;Podstawy online OK;;"witryna/szyld, odzież dla personelu (do sprawdzenia na miejscu; oferta zależy od branży); odzież/oklejenie dla nowych ludzi i aut";nie kontaktowano;OpenStreetMap (shop=bicycle, node/2759644770);2026-10-10
Sklepy lokalne;C;3;Fraai Staal;Eindhoven;Leenderweg 119 5614HM;;NIE ZNALEZIONO STRONY W DANYCH;;;;;;NIEUSTALONE (wymaga zdjęć lub wizji lokalnej);;;;;;Do sprawdzenia;strony nie ma w danych mapy (do sprawdzenia);"jeśli faktycznie brak: strona WWW; witryna/szyld, odzież dla personelu (do sprawdzenia na miejscu; oferta zależy od branży)";nie kontaktowano;OpenStreetMap (shop=bicycle, node/2758433757);2026-10-10
Sklepy lokalne;C;3;Gebr. Smits;Veldhoven;Peter Zuidlaan 8 5502NH;https://gebrsmits.nl;OK;tak;tak;2026;;;NIEUSTALONE (wymaga zdjęć lub wizji lokalnej);;;;;;Częściowe braki;nie znaleziono social media na stronie;"materiały do social media; witryna/szyld, odzież dla personelu (do sprawdzenia na miejscu; oferta zależy od branży)";nie kontaktowano;OpenStreetMap (shop=furniture, node/2833326741);2026-10-10
Sklepy lokalne;C;3;Gouden Hamer Overkappingen;Eindhoven;Lardinoisstraat 5 5611ZZ;;NIE ZNALEZIONO STRONY W DANYCH;;;;;;NIEUSTALONE (wymaga zdjęć lub wizji lokalnej);;;;;;Do sprawdzenia;strony nie ma w danych mapy (do sprawdzenia);"jeśli faktycznie brak: strona WWW; witryna/szyld, odzież dla personelu (do sprawdzenia na miejscu; oferta zależy od branży)";nie kontaktowano;OpenStreetMap (shop=hardware, node/2774855365);2026-10-10
Sklepy lokalne;C;3;Gramser Sports;Eindhoven;St Antoniusstraat 8 5616RT;https://gramsersports.nl/;OK;tak;tak;2026;;;NIEUSTALONE (wymaga zdjęć lub wizji lokalnej);;;;;;Częściowe braki;nie znaleziono social media na stronie;"materiały do social media; witryna/szyld, odzież dla personelu (do sprawdzenia na miejscu; oferta zależy od branży)";nie kontaktowano;OpenStreetMap (shop=bicycle, node/2754064487);2026-10-10
Sklepy lokalne;C;3;Greenshop Maas;Best;Boterhoek 28 5683AV;;NIE ZNALEZIONO STRONY W DANYCH;;;;;;NIEUSTALONE (wymaga zdjęć lub wizji lokalnej);;;;;;Do sprawdzenia;strony nie ma w danych mapy (do sprawdzenia);"jeśli faktycznie brak: strona WWW; witryna/szyld, odzież dla personelu (do sprawdzenia na miejscu; oferta zależy od branży)";nie kontaktowano;OpenStreetMap (shop=greengrocer, node/2723936832);2026-10-10
Sklepy lokalne;C;3;Groenen Bouwmarkt;Veldhoven;De Run 3112 5503LH;;NIE ZNALEZIONO STRONY W DANYCH;;;;;;NIEUSTALONE (wymaga zdjęć lub wizji lokalnej);;;;;;Do sprawdzenia;strony nie ma w danych mapy (do sprawdzenia);"jeśli faktycznie brak: strona WWW; witryna/szyld, odzież dla personelu (do sprawdzenia na miejscu; oferta zależy od branży)";nie kontaktowano;OpenStreetMap (shop=doityourself, node/2833181935);2026-10-10
Sklepy lokalne;C;3;Groente en Fruit Citycentrum;;;;NIE ZNALEZIONO STRONY W DANYCH;;;;;;NIEUSTALONE (wymaga zdjęć lub wizji lokalnej);;;;;;Do sprawdzenia;strony nie ma w danych mapy (do sprawdzenia);"jeśli faktycznie brak: strona WWW; witryna/szyld, odzież dla personelu (do sprawdzenia na miejscu; oferta zależy od branży)";nie kontaktowano;OpenStreetMap (shop=greengrocer, node/5809130811);2026-10-10
Sklepy lokalne;C;3;Groente Fruit Van Dalen;Eindhoven;Winkelcentrum Woensel 72A 5625AD;;NIE ZNALEZIONO STRONY W DANYCH;;;;;;NIEUSTALONE (wymaga zdjęć lub wizji lokalnej);;;;;;Do sprawdzenia;strony nie ma w danych mapy (do sprawdzenia);"jeśli faktycznie brak: strona WWW; witryna/szyld, odzież dla personelu (do sprawdzenia na miejscu; oferta zależy od branży)";nie kontaktowano;OpenStreetMap (shop=greengrocer, node/2751970985);2026-10-10
Sklepy lokalne;C;3;Harotex;Helmond;Vlamovenweg 8 5708JV;;NIE ZNALEZIONO STRONY W DANYCH;;;;;;NIEUSTALONE (wymaga zdjęć lub wizji lokalnej);;;;;;Do sprawdzenia;strony nie ma w danych mapy (do sprawdzenia);"jeśli faktycznie brak: strona WWW; witryna/szyld, odzież dla personelu (do sprawdzenia na miejscu; oferta zależy od branży)";nie kontaktowano;OpenStreetMap (shop=curtain, node/2898024750);2026-10-10
Sklepy lokalne;C;3;Hartogs Brood- en Banketbakkerij Coen;Eindhoven;Kleine Berg 74A 5611JW;;NIE ZNALEZIONO STRONY W DANYCH;;;;;;NIEUSTALONE (wymaga zdjęć lub wizji lokalnej);;;;;;Do sprawdzenia;strony nie ma w danych mapy (do sprawdzenia);"jeśli faktycznie brak: strona WWW; witryna/szyld, odzież dla personelu (do sprawdzenia na miejscu; oferta zależy od branży)";nie kontaktowano;OpenStreetMap (shop=bakery, node/2764378365);2026-10-10
Sklepy lokalne;C;3;Heesakkers;;;;NIE ZNALEZIONO STRONY W DANYCH;;;;;;NIEUSTALONE (wymaga zdjęć lub wizji lokalnej);;;;;;Do sprawdzenia;strony nie ma w danych mapy (do sprawdzenia);"jeśli faktycznie brak: strona WWW; witryna/szyld, odzież dla personelu (do sprawdzenia na miejscu; oferta zależy od branży)";nie kontaktowano;OpenStreetMap (shop=bathroom_furnishing, node/10903372844);2026-10-10
Sklepy lokalne;C;3;Heftruckservice Gemert;Gemert;Weerijs 21 5422WV;https://www.heftruckservicegemert.nl;OK;tak;tak;2026;WordPress;Facebook, LinkedIn;NIEUSTALONE (wymaga zdjęć lub wizji lokalnej);rekrutuje;;;;;Podstawy online OK;;"witryna/szyld, odzież dla personelu (do sprawdzenia na miejscu; oferta zależy od branży); odzież/oklejenie dla nowych ludzi i aut";nie kontaktowano;OpenStreetMap (shop=trade, node/3014828521);2026-10-10
Sklepy lokalne;C;3;Hermans Tweewielers;Hapert;Kerkstraat 14 5527EG;https://www.hermans-tweewielers.nl;OK;tak;tak;2026;;Facebook, Instagram, LinkedIn;NIEUSTALONE (wymaga zdjęć lub wizji lokalnej);rekrutuje;;;;;Podstawy online OK;;"witryna/szyld, odzież dla personelu (do sprawdzenia na miejscu; oferta zależy od branży); odzież/oklejenie dla nowych ludzi i aut";nie kontaktowano;OpenStreetMap (shop=bicycle, node/2827398188);2026-10-10
Sklepy lokalne;C;3;Het Dierenwarenhuis;Eindhoven;Leenderweg 47 5614HL;https://www.hetdierenwarenhuis.nl/;OK;tak;tak;2026;WordPress;;NIEUSTALONE (wymaga zdjęć lub wizji lokalnej);;;;;;Częściowe braki;nie znaleziono social media na stronie;"materiały do social media; witryna/szyld, odzież dla personelu (do sprawdzenia na miejscu; oferta zależy od branży)";nie kontaktowano;OpenStreetMap (shop=pet, node/2758434709);2026-10-10
Sklepy lokalne;C;3;Het Fietsenstation;Helmond;Stationsplein 71 5701PE;;NIE ZNALEZIONO STRONY W DANYCH;;;;;;NIEUSTALONE (wymaga zdjęć lub wizji lokalnej);;;;;;Do sprawdzenia;strony nie ma w danych mapy (do sprawdzenia);"jeśli faktycznie brak: strona WWW; witryna/szyld, odzież dla personelu (do sprawdzenia na miejscu; oferta zależy od branży)";nie kontaktowano;OpenStreetMap (shop=bicycle, node/2902919476);2026-10-10
Sklepy lokalne;C;3;Het Kaashuis 'Kaatje Jans';;;;NIE ZNALEZIONO STRONY W DANYCH;;;;;;NIEUSTALONE (wymaga zdjęć lub wizji lokalnej);;;;;;Do sprawdzenia;strony nie ma w danych mapy (do sprawdzenia);"jeśli faktycznie brak: strona WWW; witryna/szyld, odzież dla personelu (do sprawdzenia na miejscu; oferta zależy od branży)";nie kontaktowano;OpenStreetMap (shop=cheese, node/2157373053);2026-10-10
Sklepy lokalne;C;3;Houwens Vlaai;Eindhoven;Stationsweg 52 5611BX;;NIE ZNALEZIONO STRONY W DANYCH;;;;;;NIEUSTALONE (wymaga zdjęć lub wizji lokalnej);;;;;;Do sprawdzenia;strony nie ma w danych mapy (do sprawdzenia);"jeśli faktycznie brak: strona WWW; witryna/szyld, odzież dla personelu (do sprawdzenia na miejscu; oferta zależy od branży)";nie kontaktowano;OpenStreetMap (shop=bakery, node/2765160436);2026-10-10
Sklepy lokalne;C;3;Hubo Bergeijk;;;;NIE ZNALEZIONO STRONY W DANYCH;;;;;;NIEUSTALONE (wymaga zdjęć lub wizji lokalnej);;;;;;Do sprawdzenia;strony nie ma w danych mapy (do sprawdzenia);"jeśli faktycznie brak: strona WWW; witryna/szyld, odzież dla personelu (do sprawdzenia na miejscu; oferta zależy od branży)";nie kontaktowano;OpenStreetMap (shop=doityourself, node/4645715537);2026-10-10
Sklepy lokalne;C;3;Hurkmans Elektro Machines;;;;NIE ZNALEZIONO STRONY W DANYCH;;;;;;NIEUSTALONE (wymaga zdjęć lub wizji lokalnej);;;;;;Do sprawdzenia;strony nie ma w danych mapy (do sprawdzenia);"jeśli faktycznie brak: strona WWW; witryna/szyld, odzież dla personelu (do sprawdzenia na miejscu; oferta zależy od branży)";nie kontaktowano;OpenStreetMap (shop=doityourself, node/3902687252);2026-10-10
Sklepy lokalne;C;3;Icons;Eindhoven;Tongelresestraat 451 5641AW;https://www.iconshome.nl/;OK;tak;tak;2024;WordPress;Facebook;NIEUSTALONE (wymaga zdjęć lub wizji lokalnej);sklep online;;;;;Podstawy online OK;;"witryna/szyld, odzież dla personelu (do sprawdzenia na miejscu; oferta zależy od branży)";nie kontaktowano;OpenStreetMap (shop=interior_decoration, node/2768054383);2026-10-10
Sklepy lokalne;C;3;Industrial Movements;Best;Nieuwstraat 69 5683KB;;NIE ZNALEZIONO STRONY W DANYCH;;;;;;NIEUSTALONE (wymaga zdjęć lub wizji lokalnej);;;;;;Do sprawdzenia;strony nie ma w danych mapy (do sprawdzenia);"jeśli faktycznie brak: strona WWW; witryna/szyld, odzież dla personelu (do sprawdzenia na miejscu; oferta zależy od branży)";nie kontaktowano;OpenStreetMap (shop=furniture, node/1631794437);2026-10-10
Sklepy lokalne;C;3;Isero;Eindhoven;Hurksestraat 20B 5652AK;;NIE ZNALEZIONO STRONY W DANYCH;;;;;;NIEUSTALONE (wymaga zdjęć lub wizji lokalnej);;;;;;Do sprawdzenia;strony nie ma w danych mapy (do sprawdzenia);"jeśli faktycznie brak: strona WWW; witryna/szyld, odzież dla personelu (do sprawdzenia na miejscu; oferta zależy od branży)";nie kontaktowano;OpenStreetMap (shop=trade, node/2713236661);2026-10-10
Sklepy lokalne;C;3;Jacques van Bragt;Geldrop;Langstraat 44 5664GH;https://www.jacquesvanbragt.nl;OK;tak;tak;;WordPress;;NIEUSTALONE (wymaga zdjęć lub wizji lokalnej);;;;;;Częściowe braki;nie znaleziono social media na stronie;"materiały do social media; witryna/szyld, odzież dla personelu (do sprawdzenia na miejscu; oferta zależy od branży)";nie kontaktowano;OpenStreetMap (shop=bakery, node/2561642497);2026-10-10
Sklepy lokalne;C;3;Jansen Kleur&Wonen;Eersel;Dijk 1 5521AW;;NIE ZNALEZIONO STRONY W DANYCH;;;;;;NIEUSTALONE (wymaga zdjęć lub wizji lokalnej);;;;;;Do sprawdzenia;strony nie ma w danych mapy (do sprawdzenia);"jeśli faktycznie brak: strona WWW; witryna/szyld, odzież dla personelu (do sprawdzenia na miejscu; oferta zależy od branży)";nie kontaktowano;OpenStreetMap (shop=paint, node/2828632661);2026-10-10
Sklepy lokalne;C;3;Jima;Geldrop;Eindhovenseweg 32 5662AB;;NIE ZNALEZIONO STRONY W DANYCH;;;;;;NIEUSTALONE (wymaga zdjęć lub wizji lokalnej);;;;;;Do sprawdzenia;strony nie ma w danych mapy (do sprawdzenia);"jeśli faktycznie brak: strona WWW; witryna/szyld, odzież dla personelu (do sprawdzenia na miejscu; oferta zależy od branży)";nie kontaktowano;OpenStreetMap (shop=florist, node/2872682239);2026-10-10
Sklepy lokalne;C;3;JML;Gemert;Zuid-Om 43 5421WS;https://www.josmaas.nl/bakkerij/onze-bakkerij/;OK;tak;tak;2026;WordPress;Facebook;NIEUSTALONE (wymaga zdjęć lub wizji lokalnej);rekrutuje;;;;;Podstawy online OK;;"witryna/szyld, odzież dla personelu (do sprawdzenia na miejscu; oferta zależy od branży); odzież/oklejenie dla nowych ludzi i aut";nie kontaktowano;OpenStreetMap (shop=bakery, node/3014839940) + wyszukiwarka;2026-10-10
Sklepy lokalne;C;3;John en Monique Groente & Fruit;Beek en Donk;Heuvelplein 71 5741JJ;;NIE ZNALEZIONO STRONY W DANYCH;;;;;;NIEUSTALONE (wymaga zdjęć lub wizji lokalnej);;;;;;Do sprawdzenia;strony nie ma w danych mapy (do sprawdzenia);"jeśli faktycznie brak: strona WWW; witryna/szyld, odzież dla personelu (do sprawdzenia na miejscu; oferta zależy od branży)";nie kontaktowano;OpenStreetMap (shop=greengrocer, node/2900703382);2026-10-10
Sklepy lokalne;C;3;John van Woensel;Eindhoven;'t Hofke 39 5641AH;;NIE ZNALEZIONO STRONY W DANYCH;;;;;;NIEUSTALONE (wymaga zdjęć lub wizji lokalnej);;;;;;Do sprawdzenia;strony nie ma w danych mapy (do sprawdzenia);"jeśli faktycznie brak: strona WWW; witryna/szyld, odzież dla personelu (do sprawdzenia na miejscu; oferta zależy od branży)";nie kontaktowano;OpenStreetMap (shop=bakery, node/2770509437);2026-10-10
Sklepy lokalne;C;3;John Vermeulen;;;;NIE ZNALEZIONO STRONY W DANYCH;;;;;;NIEUSTALONE (wymaga zdjęć lub wizji lokalnej);;;;;;Dawna placówka w Eindhoven, dziś VELOO (po przejęciu). Do usunięcia lub weryfikacji. Wg audytu ChatGPT.;strony nie ma w danych mapy (do sprawdzenia);"jeśli faktycznie brak: strona WWW; witryna/szyld, odzież dla personelu (do sprawdzenia na miejscu; oferta zależy od branży)";nie kontaktowano;OpenStreetMap (shop=bicycle, node/2794441141);2026-10-10
Sklepy lokalne;C;3;Kaasshop Kees;Eindhoven;Ardèchelaan 7 5627EM;;NIE ZNALEZIONO STRONY W DANYCH;;;;;;NIEUSTALONE (wymaga zdjęć lub wizji lokalnej);;;;;;Do sprawdzenia;strony nie ma w danych mapy (do sprawdzenia);"jeśli faktycznie brak: strona WWW; witryna/szyld, odzież dla personelu (do sprawdzenia na miejscu; oferta zależy od branży)";nie kontaktowano;OpenStreetMap (shop=deli, node/2747767202);2026-10-10
Sklepy lokalne;C;3;Kaaswinkel;Geldrop;Winkelcentrum Coevering 24 5665GA;;NIE ZNALEZIONO STRONY W DANYCH;;;;;;NIEUSTALONE (wymaga zdjęć lub wizji lokalnej);;;;;;Do sprawdzenia;strony nie ma w danych mapy (do sprawdzenia);"jeśli faktycznie brak: strona WWW; witryna/szyld, odzież dla personelu (do sprawdzenia na miejscu; oferta zależy od branży)";nie kontaktowano;OpenStreetMap (shop=cheese, node/4523186003);2026-10-10
Sklepy lokalne;C;3;Kaatje Jans;Geldrop;Heuvel 80 5664HN;;NIE ZNALEZIONO STRONY W DANYCH;;;;;;NIEUSTALONE (wymaga zdjęć lub wizji lokalnej);;;;;;Do sprawdzenia;strony nie ma w danych mapy (do sprawdzenia);"jeśli faktycznie brak: strona WWW; witryna/szyld, odzież dla personelu (do sprawdzenia na miejscu; oferta zależy od branży)";nie kontaktowano;OpenStreetMap (shop=deli, node/2872361119);2026-10-10
Sklepy lokalne;C;3;Kafkas;Helmond;Nieuwveld 33 5702HW;;NIE ZNALEZIONO STRONY W DANYCH;;;;;;NIEUSTALONE (wymaga zdjęć lub wizji lokalnej);;;;;;Do sprawdzenia;strony nie ma w danych mapy (do sprawdzenia);"jeśli faktycznie brak: strona WWW; witryna/szyld, odzież dla personelu (do sprawdzenia na miejscu; oferta zależy od branży)";nie kontaktowano;OpenStreetMap (shop=greengrocer, node/5064908413);2026-10-10
Sklepy lokalne;C;3;KeukenCoach;Son en Breugel;Ekkersrijt 4015 5692DB;https://keukencoach.nl/winkels/eindhoven/;OK;tak;tak;2023;WordPress;Facebook, Instagram;NIEUSTALONE (wymaga zdjęć lub wizji lokalnej);rekrutuje;;;;;Podstawy online OK;;"witryna/szyld, odzież dla personelu (do sprawdzenia na miejscu; oferta zależy od branży); odzież/oklejenie dla nowych ludzi i aut";nie kontaktowano;OpenStreetMap (shop=kitchen, node/2785222928);2026-10-10
Sklepy lokalne;C;3;Keukeninbouwcenter B.V.;Eindhoven;Zeelsterstraat 18 5652EK;https://www.keukeninbouwcenter.nl/;OK;tak;tak;2026;;;NIEUSTALONE (wymaga zdjęć lub wizji lokalnej);;;;;;Częściowe braki;nie znaleziono social media na stronie;"materiały do social media; witryna/szyld, odzież dla personelu (do sprawdzenia na miejscu; oferta zależy od branży)";nie kontaktowano;OpenStreetMap (shop=kitchen, node/2714611412);2026-10-10
Sklepy lokalne;C;3;Keurslagerij Klaas van Hoof;Eindhoven;Wijngaardplein 49 5632MC;https://vanhoofeindhoven.keurslager.nl/;OK;tak;tak;;;;NIEUSTALONE (wymaga zdjęć lub wizji lokalnej);;;;;;Częściowe braki;nie znaleziono social media na stronie;"materiały do social media; witryna/szyld, odzież dla personelu (do sprawdzenia na miejscu; oferta zależy od branży)";nie kontaktowano;OpenStreetMap (shop=butcher, node/2734158875);2026-10-10
Sklepy lokalne;C;3;Kleurmijninterieur;Eindhoven;Kanaaldijk-Noord 13 5613DH;https://www.kleurmijninterieur.nl;OK;tak;tak;2026;Shopify;Facebook, Instagram, LinkedIn;NIEUSTALONE (wymaga zdjęć lub wizji lokalnej);sklep online;;;;;Podstawy online OK;;"witryna/szyld, odzież dla personelu (do sprawdzenia na miejscu; oferta zależy od branży)";nie kontaktowano;OpenStreetMap (shop=interior_decoration, node/2621685677);2026-10-10
Sklepy lokalne;C;3;Kluswijs Forum Sint Oedenrode;;;;NIE ZNALEZIONO STRONY W DANYCH;;;;;;NIEUSTALONE (wymaga zdjęć lub wizji lokalnej);;;;;;Do sprawdzenia;strony nie ma w danych mapy (do sprawdzenia);"jeśli faktycznie brak: strona WWW; witryna/szyld, odzież dla personelu (do sprawdzenia na miejscu; oferta zależy od branży)";nie kontaktowano;OpenStreetMap (shop=doityourself, way/549935000);2026-10-10
Sklepy lokalne;C;3;KOST Kaas & Delicatessen;Eindhoven;Philitelaan 300 5617AN;https://www.kosteindhoven.nl;OK;tak;tak;2026;WordPress;Facebook, Instagram;NIEUSTALONE (wymaga zdjęć lub wizji lokalnej);nowa lokalizacja;;;;;Podstawy online OK;;"witryna/szyld, odzież dla personelu (do sprawdzenia na miejscu; oferta zależy od branży); oznakowanie nowej lokalizacji / start marki";nie kontaktowano;OpenStreetMap (shop=cheese, node/11737377179);2026-10-10
Sklepy lokalne;C;3;Kuijpers Tweewielers;Helmond;Heistraat 2-G 5701HN;https://www.kuijperstweewielers.nl/;OK;tak;tak;;;Facebook, Instagram, TikTok;NIEUSTALONE (wymaga zdjęć lub wizji lokalnej);rekrutuje;;;;;Podstawy online OK;;"witryna/szyld, odzież dla personelu (do sprawdzenia na miejscu; oferta zależy od branży); odzież/oklejenie dla nowych ludzi i aut";nie kontaktowano;OpenStreetMap (shop=bicycle, node/292294019);2026-10-10
Sklepy lokalne;C;3;Leidingshop;Bergeijk;Eijkenakker 1 5571SL;https://leidingshop.nl;OK;tak;tak;2026;;Facebook, Instagram, LinkedIn, YouTube;NIEUSTALONE (wymaga zdjęć lub wizji lokalnej);rekrutuje;;;;;Podstawy online OK;;"witryna/szyld, odzież dla personelu (do sprawdzenia na miejscu; oferta zależy od branży); odzież/oklejenie dla nowych ludzi i aut";nie kontaktowano;OpenStreetMap (shop=doityourself, node/2829072682);2026-10-10
Sklepy lokalne;C;3;Lemmens Verf, Advies & Wonen;Hapert;Oude Provincialeweg 33 5527BM;https://www.lemmenshapert.nl;OK;tak;tak;;;Facebook, YouTube;NIEUSTALONE (wymaga zdjęć lub wizji lokalnej);rekrutuje;;;;;Podstawy online OK;;"witryna/szyld, odzież dla personelu (do sprawdzenia na miejscu; oferta zależy od branży); odzież/oklejenie dla nowych ludzi i aut";nie kontaktowano;OpenStreetMap (shop=paint, node/2827404933);2026-10-10
Sklepy lokalne;C;3;Liebregts & Liebregts;Veldhoven;Kromstraat 8 5504BC;;NIE ZNALEZIONO STRONY W DANYCH;;;;;;NIEUSTALONE (wymaga zdjęć lub wizji lokalnej);;;;;;Do sprawdzenia;strony nie ma w danych mapy (do sprawdzenia);"jeśli faktycznie brak: strona WWW; witryna/szyld, odzież dla personelu (do sprawdzenia na miejscu; oferta zależy od branży)";nie kontaktowano;OpenStreetMap (shop=florist, node/2833148093);2026-10-10
Sklepy lokalne;C;3;Life & Garden;Helmond;Weg naar Bakel 4A 5709JA;;NIE ZNALEZIONO STRONY W DANYCH;;;;;;NIEUSTALONE (wymaga zdjęć lub wizji lokalnej);;;;;;Do sprawdzenia;strony nie ma w danych mapy (do sprawdzenia);"jeśli faktycznie brak: strona WWW; witryna/szyld, odzież dla personelu (do sprawdzenia na miejscu; oferta zależy od branży)";nie kontaktowano;OpenStreetMap (shop=garden_centre, node/4754877259);2026-10-10
Sklepy lokalne;C;3;Loomans;;;;NIE ZNALEZIONO STRONY W DANYCH;;;;;;NIEUSTALONE (wymaga zdjęć lub wizji lokalnej);;;;;;Do sprawdzenia;strony nie ma w danych mapy (do sprawdzenia);"jeśli faktycznie brak: strona WWW; witryna/szyld, odzież dla personelu (do sprawdzenia na miejscu; oferta zależy od branży)";nie kontaktowano;OpenStreetMap (shop=kitchen, node/11955509895);2026-10-10
Sklepy lokalne;C;3;Lucas Fietsen;Someren;Kerkendijk 110 5712EX;https://lucasfietsensomeren.nl;OK;tak;tak;;WordPress;Facebook, LinkedIn;NIEUSTALONE (wymaga zdjęć lub wizji lokalnej);sklep online;;;;;Podstawy online OK;;"witryna/szyld, odzież dla personelu (do sprawdzenia na miejscu; oferta zależy od branży)";nie kontaktowano;OpenStreetMap (shop=bicycle, node/2851421169);2026-10-10
Sklepy lokalne;C;3;Luke van Leeuwen;;;;NIE ZNALEZIONO STRONY W DANYCH;;;;;;NIEUSTALONE (wymaga zdjęć lub wizji lokalnej);;;;;;Do sprawdzenia;strony nie ma w danych mapy (do sprawdzenia);"jeśli faktycznie brak: strona WWW; witryna/szyld, odzież dla personelu (do sprawdzenia na miejscu; oferta zależy od branży)";nie kontaktowano;OpenStreetMap (shop=bicycle, node/11773794552);2026-10-10
Sklepy lokalne;C;3;Mansvelders;Helmond;Heistraat 6 5701HN;https://www.mansveldersinterieur.nl/;OK;tak;tak;;WordPress;Facebook, Instagram;NIEUSTALONE (wymaga zdjęć lub wizji lokalnej);nowa lokalizacja;;;;;Podstawy online OK;;"witryna/szyld, odzież dla personelu (do sprawdzenia na miejscu; oferta zależy od branży); oznakowanie nowej lokalizacji / start marki";nie kontaktowano;OpenStreetMap (shop=interior_decoration, node/2903874781);2026-10-10
Sklepy lokalne;C;3;Martinez Chocolatier;Valkenswaard;Handwerkstraat 10B 5554HP;https://www.martinezchocolade.nl;OK;tak;tak;2025;WordPress;Facebook, LinkedIn;NIEUSTALONE (wymaga zdjęć lub wizji lokalnej);rekrutuje;;;;;Podstawy online OK;;"witryna/szyld, odzież dla personelu (do sprawdzenia na miejscu; oferta zależy od branży); odzież/oklejenie dla nowych ludzi i aut";nie kontaktowano;OpenStreetMap (shop=confectionery, node/5712070373);2026-10-10
Sklepy lokalne;C;3;Meat Upp;Eindhoven;Meerplein 20 5658LK;https://meatupp.nl/;OK;tak;tak;2026;Shopify;Facebook, Instagram;NIEUSTALONE (wymaga zdjęć lub wizji lokalnej);sklep online;;;;;Podstawy online OK;;"witryna/szyld, odzież dla personelu (do sprawdzenia na miejscu; oferta zależy od branży)";nie kontaktowano;OpenStreetMap (shop=butcher, node/2729760330);2026-10-10
Sklepy lokalne;C;3;Meerbikes;Eindhoven;Grasklokje 23 5658GP;https://www.meerbikes.nl/;OK;tak;tak;2024;;;NIEUSTALONE (wymaga zdjęć lub wizji lokalnej);;;;;;Częściowe braki;nie znaleziono social media na stronie;"materiały do social media; witryna/szyld, odzież dla personelu (do sprawdzenia na miejscu; oferta zależy od branży)";nie kontaktowano;OpenStreetMap (shop=bicycle, node/10177815688);2026-10-10
Sklepy lokalne;C;3;Megacenter;Eindhoven;Ruysdaelbaan 43 5613DX;https://www.megacenter.com;OK;tak;tak;2026;Lightspeed;Facebook, Instagram;NIEUSTALONE (wymaga zdjęć lub wizji lokalnej);sklep online;;;;;Podstawy online OK;;"witryna/szyld, odzież dla personelu (do sprawdzenia na miejscu; oferta zależy od branży)";nie kontaktowano;OpenStreetMap (shop=furniture, node/2761870846);2026-10-10
Sklepy lokalne;C;3;Navidarte;Waalre;Den Hof 84 5582JZ;https://navidarte.nl/;OK;tak;tak;2026;WordPress;Facebook, Instagram;NIEUSTALONE (wymaga zdjęć lub wizji lokalnej);sklep online;;;;;Podstawy online OK;;"witryna/szyld, odzież dla personelu (do sprawdzenia na miejscu; oferta zależy od branży)";nie kontaktowano;OpenStreetMap (shop=furniture, node/2929832035);2026-10-10
Sklepy lokalne;C;3;Nelly;Eindhoven;Bredalaan 18 5652JE;;NIE ZNALEZIONO STRONY W DANYCH;;;;;;NIEUSTALONE (wymaga zdjęć lub wizji lokalnej);;;;;;Do sprawdzenia;strony nie ma w danych mapy (do sprawdzenia);"jeśli faktycznie brak: strona WWW; witryna/szyld, odzież dla personelu (do sprawdzenia na miejscu; oferta zależy od branży)";nie kontaktowano;OpenStreetMap (shop=florist, node/537128531);2026-10-10
Sklepy lokalne;C;3;Neutkens;Knegsel;Eerselseweg 35 5511KL;;NIE ZNALEZIONO STRONY W DANYCH;;;;;;NIEUSTALONE (wymaga zdjęć lub wizji lokalnej);;;;;;Do sprawdzenia;strony nie ma w danych mapy (do sprawdzenia);"jeśli faktycznie brak: strona WWW; witryna/szyld, odzież dla personelu (do sprawdzenia na miejscu; oferta zależy od branży)";nie kontaktowano;OpenStreetMap (shop=garden_centre, node/2828666198);2026-10-10
Sklepy lokalne;C;3;Nieuwerwets;Bladel;Van Dissellaan 4A 5531BR;https://nieuwerwets.nl/;OK;tak;tak;2026;WordPress;Facebook, Instagram, TikTok, YouTube;NIEUSTALONE (wymaga zdjęć lub wizji lokalnej);rekrutuje;;;;;Podstawy online OK;;"witryna/szyld, odzież dla personelu (do sprawdzenia na miejscu; oferta zależy od branży); odzież/oklejenie dla nowych ludzi i aut";nie kontaktowano;OpenStreetMap (shop=cheese, node/2827066687) + wyszukiwarka;2026-10-10
Sklepy lokalne;C;3;Nisa Outlet Center;Eindhoven;Kruisstraat 177 5612CH;;NIE ZNALEZIONO STRONY W DANYCH;;;;;;NIEUSTALONE (wymaga zdjęć lub wizji lokalnej);;;;;;Do sprawdzenia;strony nie ma w danych mapy (do sprawdzenia);"jeśli faktycznie brak: strona WWW; witryna/szyld, odzież dla personelu (do sprawdzenia na miejscu; oferta zależy od branży)";nie kontaktowano;OpenStreetMap (shop=furniture, node/2777941175);2026-10-10
Sklepy lokalne;C;3;Noten;Leende;Dorpstraat 103 5595CG;;NIE ZNALEZIONO STRONY W DANYCH;;;;;;NIEUSTALONE (wymaga zdjęć lub wizji lokalnej);;;;;;Do sprawdzenia;strony nie ma w danych mapy (do sprawdzenia);"jeśli faktycznie brak: strona WWW; witryna/szyld, odzież dla personelu (do sprawdzenia na miejscu; oferta zależy od branży)";nie kontaktowano;OpenStreetMap (shop=bicycle, node/2340190791);2026-10-10
Sklepy lokalne;C;3;Nuva Keukens;Someren;Boerenkamplaan 143 5712AD;;NIE ZNALEZIONO STRONY W DANYCH;;;;;;NIEUSTALONE (wymaga zdjęć lub wizji lokalnej);;;;;;Do sprawdzenia;strony nie ma w danych mapy (do sprawdzenia);"jeśli faktycznie brak: strona WWW; witryna/szyld, odzież dla personelu (do sprawdzenia na miejscu; oferta zależy od branży)";nie kontaktowano;OpenStreetMap (shop=kitchen, node/2851423173);2026-10-10
Sklepy lokalne;C;3;Oogenlust;;;https://www.oogenlust.com/;OK;tak;tak;2026;WordPress;Facebook, Instagram, LinkedIn;NIEUSTALONE (wymaga zdjęć lub wizji lokalnej);rekrutuje;;;;;Podstawy online OK;;"witryna/szyld, odzież dla personelu (do sprawdzenia na miejscu; oferta zależy od branży); odzież/oklejenie dla nowych ludzi i aut";nie kontaktowano;OpenStreetMap (shop=garden_centre, node/11630016738);2026-10-10
Sklepy lokalne;C;3;Pastelaria Lusa;Helmond;Molenstraat 132 5701KK;;NIE ZNALEZIONO STRONY W DANYCH;;;;;;NIEUSTALONE (wymaga zdjęć lub wizji lokalnej);;;;;;Do sprawdzenia;strony nie ma w danych mapy (do sprawdzenia);"jeśli faktycznie brak: strona WWW; witryna/szyld, odzież dla personelu (do sprawdzenia na miejscu; oferta zależy od branży)";nie kontaktowano;OpenStreetMap (shop=deli, node/4761788805);2026-10-10
Sklepy lokalne;C;3;Patisserie Rozana;Eindhoven;Woenselse Markt 65 5612CS;;NIE ZNALEZIONO STRONY W DANYCH;;;;;;NIEUSTALONE (wymaga zdjęć lub wizji lokalnej);;;;;;Do sprawdzenia;strony nie ma w danych mapy (do sprawdzenia);"jeśli faktycznie brak: strona WWW; witryna/szyld, odzież dla personelu (do sprawdzenia na miejscu; oferta zależy od branży)";nie kontaktowano;OpenStreetMap (shop=bakery, node/2778246874);2026-10-10
Sklepy lokalne;C;3;Pick-up point Ventilatieland.nl;;;;NIE ZNALEZIONO STRONY W DANYCH;;;;;;NIEUSTALONE (wymaga zdjęć lub wizji lokalnej);;;;;;Do sprawdzenia;strony nie ma w danych mapy (do sprawdzenia);"jeśli faktycznie brak: strona WWW; witryna/szyld, odzież dla personelu (do sprawdzenia na miejscu; oferta zależy od branży)";nie kontaktowano;OpenStreetMap (shop=hardware, node/13893546219);2026-10-10
Sklepy lokalne;C;3;Poelier Slegers;Mierlo;Brugstraat 11 5731HE;;NIE ZNALEZIONO STRONY W DANYCH;;;;;;NIEUSTALONE (wymaga zdjęć lub wizji lokalnej);;;;;;Do sprawdzenia;strony nie ma w danych mapy (do sprawdzenia);"jeśli faktycznie brak: strona WWW; witryna/szyld, odzież dla personelu (do sprawdzenia na miejscu; oferta zależy od branży)";nie kontaktowano;OpenStreetMap (shop=butcher, node/2876570650);2026-10-10
Sklepy lokalne;C;3;Profil;Lieshout;Heuvel 6 5737BX;;NIE ZNALEZIONO STRONY W DANYCH;;;;;;NIEUSTALONE (wymaga zdjęć lub wizji lokalnej);;;;;;Do sprawdzenia;strony nie ma w danych mapy (do sprawdzenia);"jeśli faktycznie brak: strona WWW; witryna/szyld, odzież dla personelu (do sprawdzenia na miejscu; oferta zależy od branży)";nie kontaktowano;OpenStreetMap (shop=bicycle, node/2898997940);2026-10-10
Sklepy lokalne;C;3;Purvis;Eindhoven;Genneperweg 22B 5654AH;;NIE ZNALEZIONO STRONY W DANYCH;;;;;;NIEUSTALONE (wymaga zdjęć lub wizji lokalnej);;;;;;Do sprawdzenia;strony nie ma w danych mapy (do sprawdzenia);"jeśli faktycznie brak: strona WWW; witryna/szyld, odzież dla personelu (do sprawdzenia na miejscu; oferta zależy od branży)";nie kontaktowano;OpenStreetMap (shop=florist, node/2721218320);2026-10-10
Sklepy lokalne;C;3;Q1 Sanitair;;;;NIE ZNALEZIONO STRONY W DANYCH;;;;;;NIEUSTALONE (wymaga zdjęć lub wizji lokalnej);;;;;;Do sprawdzenia;strony nie ma w danych mapy (do sprawdzenia);"jeśli faktycznie brak: strona WWW; witryna/szyld, odzież dla personelu (do sprawdzenia na miejscu; oferta zależy od branży)";nie kontaktowano;OpenStreetMap (shop=bathroom_furnishing, node/14219794538);2026-10-10
Sklepy lokalne;C;3;Recidencia;Eindhoven;Heuvel Galerie 142 5611DK;https://www.residencia-interieur.nl/;OK;tak;tak;;Shopify;Facebook, Instagram, TikTok;NIEUSTALONE (wymaga zdjęć lub wizji lokalnej);sklep online;;;;;Podstawy online OK;;"witryna/szyld, odzież dla personelu (do sprawdzenia na miejscu; oferta zależy od branży)";nie kontaktowano;OpenStreetMap (shop=interior_decoration, node/2765367440);2026-10-10
Sklepy lokalne;C;3;Reddy Keukens;Helmond;Engelseweg 232 5705AK;https://www.reddykeukens.nl/showrooms/reddy-keukens-helmond/;OK;tak;tak;2026;;Facebook, Instagram, YouTube;NIEUSTALONE (wymaga zdjęć lub wizji lokalnej);rekrutuje;;;;;Podstawy online OK;;"witryna/szyld, odzież dla personelu (do sprawdzenia na miejscu; oferta zależy od branży); odzież/oklejenie dla nowych ludzi i aut";nie kontaktowano;OpenStreetMap (shop=kitchen, node/2902558529);2026-10-10
Sklepy lokalne;C;3;Richard Maas tweewielers;Eindhoven;van Thienenlaan 7A 5622BA;;NIE ZNALEZIONO STRONY W DANYCH;;;;;;NIEUSTALONE (wymaga zdjęć lub wizji lokalnej);;;;;;Do sprawdzenia;strony nie ma w danych mapy (do sprawdzenia);"jeśli faktycznie brak: strona WWW; witryna/szyld, odzież dla personelu (do sprawdzenia na miejscu; oferta zależy od branży)";nie kontaktowano;OpenStreetMap (shop=bicycle, node/707206027);2026-10-10
Sklepy lokalne;C;3;Richard Maas Tweewielers;;;;NIE ZNALEZIONO STRONY W DANYCH;;;;;;NIEUSTALONE (wymaga zdjęć lub wizji lokalnej);;;;;;Do sprawdzenia;strony nie ma w danych mapy (do sprawdzenia);"jeśli faktycznie brak: strona WWW; witryna/szyld, odzież dla personelu (do sprawdzenia na miejscu; oferta zależy od branży)";nie kontaktowano;OpenStreetMap (shop=bicycle, node/2019851313);2026-10-10
Sklepy lokalne;C;3;Rijwiel Cash & Carry;Eindhoven;Tongelresestraat 250 5613DV;https://www.rijwielcashencarry.nl;OK;tak;tak;2026;Lightspeed;Facebook;NIEUSTALONE (wymaga zdjęć lub wizji lokalnej);sklep online;;;;;Podstawy online OK;;"witryna/szyld, odzież dla personelu (do sprawdzenia na miejscu; oferta zależy od branży)";nie kontaktowano;OpenStreetMap (shop=bicycle, node/2761967523);2026-10-10
Sklepy lokalne;C;3;Rijwielcentrale;Eindhoven;Hoogstraat 324 5654NJ;;NIE ZNALEZIONO STRONY W DANYCH;;;;;;NIEUSTALONE (wymaga zdjęć lub wizji lokalnej);;;;;;Do sprawdzenia;strony nie ma w danych mapy (do sprawdzenia);"jeśli faktycznie brak: strona WWW; witryna/szyld, odzież dla personelu (do sprawdzenia na miejscu; oferta zależy od branży)";nie kontaktowano;OpenStreetMap (shop=bicycle, node/2721086130);2026-10-10
Sklepy lokalne;C;3;Rijwielcentrale E-Bike store;;;;NIE ZNALEZIONO STRONY W DANYCH;;;;;;NIEUSTALONE (wymaga zdjęć lub wizji lokalnej);;;;;;Do sprawdzenia;strony nie ma w danych mapy (do sprawdzenia);"jeśli faktycznie brak: strona WWW; witryna/szyld, odzież dla personelu (do sprawdzenia na miejscu; oferta zależy od branży)";nie kontaktowano;OpenStreetMap (shop=bicycle, node/11955509894);2026-10-10
Sklepy lokalne;C;3;Rijwielhandel P. van Lieshout;Geldrop;Mierloseweg 52 5666KA;https://www.paulvanlieshout.nl;OK;tak;tak;;;;NIEUSTALONE (wymaga zdjęć lub wizji lokalnej);;;;;;Częściowe braki;nie znaleziono social media na stronie;"materiały do social media; witryna/szyld, odzież dla personelu (do sprawdzenia na miejscu; oferta zależy od branży)";nie kontaktowano;OpenStreetMap (shop=bicycle, node/2874921751);2026-10-10
Sklepy lokalne;C;3;Rijwielsporthuis Theo van Mierlo;Mierlo;Marktstraat 14 5731HW;;NIE ZNALEZIONO STRONY W DANYCH;;;;;;NIEUSTALONE (wymaga zdjęć lub wizji lokalnej);;;;;;Do sprawdzenia;strony nie ma w danych mapy (do sprawdzenia);"jeśli faktycznie brak: strona WWW; witryna/szyld, odzież dla personelu (do sprawdzenia na miejscu; oferta zależy od branży)";nie kontaktowano;OpenStreetMap (shop=bicycle, node/2876721944);2026-10-10
Sklepy lokalne;C;3;Sanidirect;Knegsel;Het Groen 2 5511AE;;NIE ZNALEZIONO STRONY W DANYCH;;;;;;NIEUSTALONE (wymaga zdjęć lub wizji lokalnej);;;;;;Do sprawdzenia;strony nie ma w danych mapy (do sprawdzenia);"jeśli faktycznie brak: strona WWW; witryna/szyld, odzież dla personelu (do sprawdzenia na miejscu; oferta zależy od branży)";nie kontaktowano;OpenStreetMap (shop=bathroom_furnishing, node/1749886464);2026-10-10
Sklepy lokalne;C;3;Schellens;Geldrop;Winkelcentrum Coevering 8 5665GA;;NIE ZNALEZIONO STRONY W DANYCH;;;;;;NIEUSTALONE (wymaga zdjęć lub wizji lokalnej);;;;;;Do sprawdzenia;strony nie ma w danych mapy (do sprawdzenia);"jeśli faktycznie brak: strona WWW; witryna/szyld, odzież dla personelu (do sprawdzenia na miejscu; oferta zależy od branży)";nie kontaktowano;OpenStreetMap (shop=bakery, node/4523186012);2026-10-10
Sklepy lokalne;C;3;Sfeervolwonen.com;;;;NIE ZNALEZIONO STRONY W DANYCH;;;;;;NIEUSTALONE (wymaga zdjęć lub wizji lokalnej);;;;;;Do sprawdzenia;strony nie ma w danych mapy (do sprawdzenia);"jeśli faktycznie brak: strona WWW; witryna/szyld, odzież dla personelu (do sprawdzenia na miejscu; oferta zależy od branży)";nie kontaktowano;OpenStreetMap (shop=furniture, node/10914245329);2026-10-10
Sklepy lokalne;C;3;Slaapstudio Stijn;Nuenen;Opwettenseweg 81 5672AG;https://slaapstudiostijn.nl/;OK;tak;tak;;WordPress;;NIEUSTALONE (wymaga zdjęć lub wizji lokalnej);;;;;;Częściowe braki;nie znaleziono social media na stronie;"materiały do social media; witryna/szyld, odzież dla personelu (do sprawdzenia na miejscu; oferta zależy od branży)";nie kontaktowano;OpenStreetMap (shop=bed, node/2992406799);2026-10-10
Sklepy lokalne;C;3;Slaaptijd;;;;NIE ZNALEZIONO STRONY W DANYCH;;;;;;NIEUSTALONE (wymaga zdjęć lub wizji lokalnej);;;;;;Do sprawdzenia;strony nie ma w danych mapy (do sprawdzenia);"jeśli faktycznie brak: strona WWW; witryna/szyld, odzież dla personelu (do sprawdzenia na miejscu; oferta zależy od branży)";nie kontaktowano;OpenStreetMap (shop=bed, node/11955457163);2026-10-10
Sklepy lokalne;C;3;Slagerij Baselmans;Bladel;Europalaan 102 5531BJ;https://www.hetlandleven.com;OK;tak;tak;;Wix;Facebook, Instagram;NIEUSTALONE (wymaga zdjęć lub wizji lokalnej);rekrutuje;;;;;Podstawy online OK;;"witryna/szyld, odzież dla personelu (do sprawdzenia na miejscu; oferta zależy od branży); odzież/oklejenie dla nowych ludzi i aut";nie kontaktowano;OpenStreetMap (shop=butcher, node/2827050474) + wyszukiwarka;2026-10-10
Sklepy lokalne;C;3;Slagerij Erdal;Helmond;Brouwhorst 37 5704EG;;NIE ZNALEZIONO STRONY W DANYCH;;;;;;NIEUSTALONE (wymaga zdjęć lub wizji lokalnej);;;;;;Do sprawdzenia;strony nie ma w danych mapy (do sprawdzenia);"jeśli faktycznie brak: strona WWW; witryna/szyld, odzież dla personelu (do sprawdzenia na miejscu; oferta zależy od branży)";nie kontaktowano;OpenStreetMap (shop=butcher, node/2899998025);2026-10-10
Sklepy lokalne;C;3;Slagerij Hoeben;;;https://www.slagerijhoeben.nl/;OK;tak;tak;;WordPress;;NIEUSTALONE (wymaga zdjęć lub wizji lokalnej);;;;;;Częściowe braki;nie znaleziono social media na stronie;"materiały do social media; witryna/szyld, odzież dla personelu (do sprawdzenia na miejscu; oferta zależy od branży)";nie kontaktowano;OpenStreetMap (shop=butcher, node/4225323754);2026-10-10
Sklepy lokalne;C;3;Slagerij Reinders;;;https://slagerijreinders.nl;OK;tak;tak;;WordPress;Facebook, Instagram;NIEUSTALONE (wymaga zdjęć lub wizji lokalnej);rekrutuje;;;;;Podstawy online OK;;"witryna/szyld, odzież dla personelu (do sprawdzenia na miejscu; oferta zależy od branży); odzież/oklejenie dla nowych ludzi i aut";nie kontaktowano;OpenStreetMap (shop=butcher, node/12702402063);2026-10-10
Sklepy lokalne;C;3;Slagerij Tomassen;Someren;Speelheuvelstraat 31 5711AS;;NIE ZNALEZIONO STRONY W DANYCH;;;;;;NIEUSTALONE (wymaga zdjęć lub wizji lokalnej);;;;;;Do sprawdzenia;strony nie ma w danych mapy (do sprawdzenia);"jeśli faktycznie brak: strona WWW; witryna/szyld, odzież dla personelu (do sprawdzenia na miejscu; oferta zależy od branży)";nie kontaktowano;OpenStreetMap (shop=butcher, node/2852578733);2026-10-10
Sklepy lokalne;C;3;Slagerij Traiteur van Hoof;Oost West en Middelbeers;Willibrordstraat 8 5091CD;https://vanhoofslagerij.nl/locatie/slagerij-middelbeers/;OK;tak;tak;2026;WordPress;Facebook, Instagram;NIEUSTALONE (wymaga zdjęć lub wizji lokalnej);rekrutuje;;;;;Podstawy online OK;;"witryna/szyld, odzież dla personelu (do sprawdzenia na miejscu; oferta zależy od branży); odzież/oklejenie dla nowych ludzi i aut";nie kontaktowano;OpenStreetMap (shop=butcher, node/13371414222);2026-10-10
Sklepy lokalne;C;3;Slagerij van Alphen;Leende;Dorpstraat 12 5595CH;;NIE ZNALEZIONO STRONY W DANYCH;;;;;;NIEUSTALONE (wymaga zdjęć lub wizji lokalnej);;;;;;Do sprawdzenia;strony nie ma w danych mapy (do sprawdzenia);"jeśli faktycznie brak: strona WWW; witryna/szyld, odzież dla personelu (do sprawdzenia na miejscu; oferta zależy od branży)";nie kontaktowano;OpenStreetMap (shop=butcher, node/2340190959);2026-10-10
Sklepy lokalne;C;3;Slagerij Vonken;Maarheeze;Smits van Oyenlaan 5 6026CN;;NIE ZNALEZIONO STRONY W DANYCH;;;;;;NIEUSTALONE (wymaga zdjęć lub wizji lokalnej);;;;;;Do sprawdzenia;strony nie ma w danych mapy (do sprawdzenia);"jeśli faktycznie brak: strona WWW; witryna/szyld, odzież dla personelu (do sprawdzenia na miejscu; oferta zależy od branży)";nie kontaktowano;OpenStreetMap (shop=butcher, node/2839391200);2026-10-10
Sklepy lokalne;C;3;Slappe Band;;;;NIE ZNALEZIONO STRONY W DANYCH;;;;;;NIEUSTALONE (wymaga zdjęć lub wizji lokalnej);;;;;;Do sprawdzenia;strony nie ma w danych mapy (do sprawdzenia);"jeśli faktycznie brak: strona WWW; witryna/szyld, odzież dla personelu (do sprawdzenia na miejscu; oferta zależy od branży)";nie kontaktowano;OpenStreetMap (shop=bicycle, node/14023949775);2026-10-10
Sklepy lokalne;C;3;Something Els;Lieshout;Dorpsstraat 53 5737GA;;NIE ZNALEZIONO STRONY W DANYCH;;;;;;NIEUSTALONE (wymaga zdjęć lub wizji lokalnej);;;;;;Do sprawdzenia;strony nie ma w danych mapy (do sprawdzenia);"jeśli faktycznie brak: strona WWW; witryna/szyld, odzież dla personelu (do sprawdzenia na miejscu; oferta zależy od branży)";nie kontaktowano;OpenStreetMap (shop=florist, node/2898997171);2026-10-10
Sklepy lokalne;C;3;Sonnebloem;Someren;Loovebaan 3 5712JV;;NIE ZNALEZIONO STRONY W DANYCH;;;;;;NIEUSTALONE (wymaga zdjęć lub wizji lokalnej);;;;;;Do sprawdzenia;strony nie ma w danych mapy (do sprawdzenia);"jeśli faktycznie brak: strona WWW; witryna/szyld, odzież dla personelu (do sprawdzenia na miejscu; oferta zależy od branży)";nie kontaktowano;OpenStreetMap (shop=florist, node/14129266248);2026-10-10
Sklepy lokalne;C;3;Sparta;;;;NIE ZNALEZIONO STRONY W DANYCH;;;;;;NIEUSTALONE (wymaga zdjęć lub wizji lokalnej);;;;;;Do sprawdzenia;strony nie ma w danych mapy (do sprawdzenia);"jeśli faktycznie brak: strona WWW; witryna/szyld, odzież dla personelu (do sprawdzenia na miejscu; oferta zależy od branży)";nie kontaktowano;OpenStreetMap (shop=bicycle, node/438083542);2026-10-10
Sklepy lokalne;C;3;Stijl & Co;Helmond;Engelseweg 212 5705AJ;https://www.stijlenco.nl/;OK;tak;tak;2026;WordPress;Facebook, Instagram;NIEUSTALONE (wymaga zdjęć lub wizji lokalnej);rekrutuje;;;;;Podstawy online OK;;"witryna/szyld, odzież dla personelu (do sprawdzenia na miejscu; oferta zależy od branży); odzież/oklejenie dla nowych ludzi i aut";nie kontaktowano;OpenStreetMap (shop=interior_decoration, node/2902558482);2026-10-10
Sklepy lokalne;C;3;Stratman;Eindhoven;Tapirstraat 14 5646BV;;NIE ZNALEZIONO STRONY W DANYCH;;;;;;NIEUSTALONE (wymaga zdjęć lub wizji lokalnej);;;;;;Do sprawdzenia;strony nie ma w danych mapy (do sprawdzenia);"jeśli faktycznie brak: strona WWW; witryna/szyld, odzież dla personelu (do sprawdzenia na miejscu; oferta zależy od branży)";nie kontaktowano;OpenStreetMap (shop=greengrocer, node/2742865802);2026-10-10
Sklepy lokalne;C;3;Sultana Sweets;Eindhoven;Woenselse Markt 28 5612CR;;NIE ZNALEZIONO STRONY W DANYCH;;;;;;NIEUSTALONE (wymaga zdjęć lub wizji lokalnej);;;;;;Do sprawdzenia;strony nie ma w danych mapy (do sprawdzenia);"jeśli faktycznie brak: strona WWW; witryna/szyld, odzież dla personelu (do sprawdzenia na miejscu; oferta zależy od branży)";nie kontaktowano;OpenStreetMap (shop=bakery, node/2778245452);2026-10-10
Sklepy lokalne;C;3;Tapas El Quijote en Dona Rosa;Eindhoven;Strijpsestraat 83 5616GL;https://www.donarosa.nl/;OK;tak;tak;2026;WordPress;Facebook;NIEUSTALONE (wymaga zdjęć lub wizji lokalnej);sklep online;;;;;Podstawy online OK;;"witryna/szyld, odzież dla personelu (do sprawdzenia na miejscu; oferta zależy od branży)";nie kontaktowano;OpenStreetMap (shop=deli, node/13142630218);2026-10-10
Sklepy lokalne;C;3;Tapijtland Hapert;Hapert;Kerkstraat 47 5527EE;;NIE ZNALEZIONO STRONY W DANYCH;;;;;Facebook;NIEUSTALONE (wymaga zdjęć lub wizji lokalnej);;;;;;Do sprawdzenia;strony nie ma w danych mapy (do sprawdzenia);"jeśli faktycznie brak: strona WWW; witryna/szyld, odzież dla personelu (do sprawdzenia na miejscu; oferta zależy od branży)";nie kontaktowano;OpenStreetMap (shop=curtain, node/2827407391);2026-10-10
Sklepy lokalne;C;3;The Boxspringstore;;;;NIE ZNALEZIONO STRONY W DANYCH;;;;;;NIEUSTALONE (wymaga zdjęć lub wizji lokalnej);;;;;;Do sprawdzenia;strony nie ma w danych mapy (do sprawdzenia);"jeśli faktycznie brak: strona WWW; witryna/szyld, odzież dla personelu (do sprawdzenia na miejscu; oferta zależy od branży)";nie kontaktowano;OpenStreetMap (shop=bed, node/3579525482);2026-10-10
Sklepy lokalne;C;3;The Color Store;Eindhoven;Steenoven 48 5626DK;;NIE ZNALEZIONO STRONY W DANYCH;;;;;;NIEUSTALONE (wymaga zdjęć lub wizji lokalnej);;;;;;Do sprawdzenia;strony nie ma w danych mapy (do sprawdzenia);"jeśli faktycznie brak: strona WWW; witryna/szyld, odzież dla personelu (do sprawdzenia na miejscu; oferta zależy od branży)";nie kontaktowano;OpenStreetMap (shop=paint, node/2748575958);2026-10-10
Sklepy lokalne;C;3;The Dog Store & More;Waalre;Raadhuisstraat 20 5582JD;https://thedogstoreandmore.nl/;OK;tak;tak;2026;Lightspeed;Facebook, Instagram;NIEUSTALONE (wymaga zdjęć lub wizji lokalnej);sklep online;;;;;Podstawy online OK;;"witryna/szyld, odzież dla personelu (do sprawdzenia na miejscu; oferta zależy od branży)";nie kontaktowano;OpenStreetMap (shop=pet, node/2929822052);2026-10-10
Sklepy lokalne;C;3;Thoonen;Lieshout;Dorpsstraat 23 5737GA;;NIE ZNALEZIONO STRONY W DANYCH;;;;;;NIEUSTALONE (wymaga zdjęć lub wizji lokalnej);;;;;;Do sprawdzenia;strony nie ma w danych mapy (do sprawdzenia);"jeśli faktycznie brak: strona WWW; witryna/szyld, odzież dla personelu (do sprawdzenia na miejscu; oferta zależy od branży)";nie kontaktowano;OpenStreetMap (shop=bakery, node/2898996582);2026-10-10
Sklepy lokalne;C;3;Thuis bij Cooijmans;Heeze;Kapelstraat 20 5591HE;https://www.thuisbijcooijmans.nl/;OK;tak;tak;;Wix;Facebook, Instagram;NIEUSTALONE (wymaga zdjęć lub wizji lokalnej);rekrutuje;;;;;Podstawy online OK;;"witryna/szyld, odzież dla personelu (do sprawdzenia na miejscu; oferta zależy od branży); odzież/oklejenie dla nowych ludzi i aut";nie kontaktowano;OpenStreetMap (shop=florist, node/2830077444);2026-10-10
Sklepy lokalne;C;3;Tim Canters dagelijks vers;Helmond;Hoofdstraat 144 5706AN;;NIE ZNALEZIONO STRONY W DANYCH;;;;;;NIEUSTALONE (wymaga zdjęć lub wizji lokalnej);;;;;;Do sprawdzenia;strony nie ma w danych mapy (do sprawdzenia);"jeśli faktycznie brak: strona WWW; witryna/szyld, odzież dla personelu (do sprawdzenia na miejscu; oferta zależy od branży)";nie kontaktowano;OpenStreetMap (shop=greengrocer, node/2901555290);2026-10-10
Sklepy lokalne;C;3;Topslager Halal;;;;NIE ZNALEZIONO STRONY W DANYCH;;;;;;NIEUSTALONE (wymaga zdjęć lub wizji lokalnej);;;;;;Do sprawdzenia;strony nie ma w danych mapy (do sprawdzenia);"jeśli faktycznie brak: strona WWW; witryna/szyld, odzież dla personelu (do sprawdzenia na miejscu; oferta zależy od branży)";nie kontaktowano;OpenStreetMap (shop=butcher, node/1488749753);2026-10-10
Sklepy lokalne;C;3;Touch of Plants;Asten;Burgemeester Wijnenstraat 1 5721AG;;NIE ZNALEZIONO STRONY W DANYCH;;;;;;NIEUSTALONE (wymaga zdjęć lub wizji lokalnej);;;;;;Do sprawdzenia;strony nie ma w danych mapy (do sprawdzenia);"jeśli faktycznie brak: strona WWW; witryna/szyld, odzież dla personelu (do sprawdzenia na miejscu; oferta zależy od branży)";nie kontaktowano;OpenStreetMap (shop=interior_decoration, node/2353441458);2026-10-10
Sklepy lokalne;C;3;Trek;Eindhoven;Tongelresestraat 84A 5613DM;https://www.trekbikes.com/nl/nl_NL/retail/eindhoven/;OK;tak;tak;2026;;Facebook, Instagram, TikTok, YouTube;NIEUSTALONE (wymaga zdjęć lub wizji lokalnej);rekrutuje;;;;;Podstawy online OK;;"witryna/szyld, odzież dla personelu (do sprawdzenia na miejscu; oferta zależy od branży); odzież/oklejenie dla nowych ludzi i aut";nie kontaktowano;OpenStreetMap (shop=bicycle, node/2761871067);2026-10-10
Sklepy lokalne;C;3;TRIA Fietsen;Helmond;Herselsestraat 21 5708XK;https://www.triafietsen.nl;OK;tak;tak;;WordPress;Facebook, Instagram, LinkedIn;NIEUSTALONE (wymaga zdjęć lub wizji lokalnej);rekrutuje;;;;;Podstawy online OK;;"witryna/szyld, odzież dla personelu (do sprawdzenia na miejscu; oferta zależy od branży); odzież/oklejenie dla nowych ludzi i aut";nie kontaktowano;OpenStreetMap (shop=bicycle, node/2885725397) + wyszukiwarka;2026-10-10
Sklepy lokalne;C;3;Tuin Maximaal;Eindhoven;Rooijakkersstraat 8 5652BB;https://www.tuinmaximaal.nl;OK;tak;tak;;;Facebook, Instagram, LinkedIn, YouTube;NIEUSTALONE (wymaga zdjęć lub wizji lokalnej);rekrutuje;;;;;Podstawy online OK;;"witryna/szyld, odzież dla personelu (do sprawdzenia na miejscu; oferta zależy od branży); odzież/oklejenie dla nowych ludzi i aut";nie kontaktowano;OpenStreetMap (shop=furniture, node/2713210162);2026-10-10
Sklepy lokalne;C;3;Tuincentrum Bannenberg;Valkenswaard;Hoeve 1 5554XC;https://www.tuincentrum-bannenberg.nl;OK;tak;tak;;;;NIEUSTALONE (wymaga zdjęć lub wizji lokalnej);;;;;;Częściowe braki;nie znaleziono social media na stronie;"materiały do social media; witryna/szyld, odzież dla personelu (do sprawdzenia na miejscu; oferta zależy od branży)";nie kontaktowano;OpenStreetMap (shop=garden_centre, node/2829691854);2026-10-10
Sklepy lokalne;C;3;Tuincentrum Brekelmans;Sint-Oedenrode;Boskantseweg 59 5492BV;https://www.tuincentrumbrekelmans.nl;OK;tak;tak;2026;WordPress;Facebook, Instagram, LinkedIn;NIEUSTALONE (wymaga zdjęć lub wizji lokalnej);sklep online;;;;;Podstawy online OK;;"witryna/szyld, odzież dla personelu (do sprawdzenia na miejscu; oferta zależy od branży)";nie kontaktowano;OpenStreetMap (shop=garden_centre, node/2796130732);2026-10-10
Sklepy lokalne;C;3;Tuincentrum de Biezen;Beek en Donk;Biezenweg 2a 5741SB;https://biezen.nl;OK;tak;tak;2026;;;NIEUSTALONE (wymaga zdjęć lub wizji lokalnej);;;;;;Częściowe braki;nie znaleziono social media na stronie;"materiały do social media; witryna/szyld, odzież dla personelu (do sprawdzenia na miejscu; oferta zależy od branży)";nie kontaktowano;OpenStreetMap (shop=garden_centre, node/2899152070);2026-10-10
Sklepy lokalne;C;3;Tuincentrum Groenen;Bladel;Hulselseweg 11 5531PE;https://www.tuincentrumgroenen.nl/;OK;tak;tak;2026;WordPress;Facebook, Instagram;NIEUSTALONE (wymaga zdjęć lub wizji lokalnej);rekrutuje;;;;;Podstawy online OK;;"witryna/szyld, odzież dla personelu (do sprawdzenia na miejscu; oferta zależy od branży); odzież/oklejenie dla nowych ludzi i aut";nie kontaktowano;OpenStreetMap (shop=garden_centre, node/2827052658);2026-10-10
Sklepy lokalne;C;3;Tuincentrum Soontiëns;Eindhoven;Urkhovenseweg 570 5641KX;https://www.tuincentrumsoontiens.nl/;OK;tak;tak;2026;WordPress;Facebook, Instagram;NIEUSTALONE (wymaga zdjęć lub wizji lokalnej);sklep online;;;;;Podstawy online OK;;"witryna/szyld, odzież dla personelu (do sprawdzenia na miejscu; oferta zależy od branży)";nie kontaktowano;OpenStreetMap (shop=garden_centre, node/4752238518);2026-10-10
Sklepy lokalne;C;3;Twan Ras;Soerendonk;Vlassloot 13a 6027RS;https://slagerijtwanras.nl/;OK;tak;tak;;WordPress;;NIEUSTALONE (wymaga zdjęć lub wizji lokalnej);;;;;;Częściowe braki;nie znaleziono social media na stronie;"materiały do social media; witryna/szyld, odzież dla personelu (do sprawdzenia na miejscu; oferta zależy od branży)";nie kontaktowano;OpenStreetMap (shop=butcher, node/2839100277);2026-10-10
Sklepy lokalne;C;3;Tweewielerhuis Franssen;;;;NIE ZNALEZIONO STRONY W DANYCH;;;;;;NIEUSTALONE (wymaga zdjęć lub wizji lokalnej);;;;;;Do sprawdzenia;strony nie ma w danych mapy (do sprawdzenia);"jeśli faktycznie brak: strona WWW; witryna/szyld, odzież dla personelu (do sprawdzenia na miejscu; oferta zależy od branży)";nie kontaktowano;OpenStreetMap (shop=bicycle, node/5859231623);2026-10-10
Sklepy lokalne;C;3;Tweewielerservice Wil van Laarhoven;Best;Oirschotseweg 7B 5684NE;https://www.tweewielerservicevanlaarhoven.nl/;OK;tak;tak;;;Facebook, Instagram;NIEUSTALONE (wymaga zdjęć lub wizji lokalnej);rekrutuje;;;;;Podstawy online OK;;"witryna/szyld, odzież dla personelu (do sprawdzenia na miejscu; oferta zależy od branży); odzież/oklejenie dla nowych ludzi i aut";nie kontaktowano;OpenStreetMap (shop=bicycle, node/2724055651);2026-10-10
Sklepy lokalne;C;3;Ut Noorder Snuupke;Someren;Ter Hofstadlaan 40 5711VW;;NIE ZNALEZIONO STRONY W DANYCH;;;;;Facebook, Instagram;NIEUSTALONE (wymaga zdjęć lub wizji lokalnej);;;;;;Do sprawdzenia;strony nie ma w danych mapy (do sprawdzenia);"jeśli faktycznie brak: strona WWW; witryna/szyld, odzież dla personelu (do sprawdzenia na miejscu; oferta zależy od branży)";nie kontaktowano;OpenStreetMap (shop=confectionery, node/2852580424);2026-10-10
Sklepy lokalne;C;3;V.O.F. Bakkerij Henst;Vessem;Wilhelminalaan 7 5512BJ;;NIE ZNALEZIONO STRONY W DANYCH;;;;;Facebook;NIEUSTALONE (wymaga zdjęć lub wizji lokalnej);;;;;;Do sprawdzenia;strony nie ma w danych mapy (do sprawdzenia);"jeśli faktycznie brak: strona WWW; witryna/szyld, odzież dla personelu (do sprawdzenia na miejscu; oferta zależy od branży)";nie kontaktowano;OpenStreetMap (shop=bakery, node/2828467293);2026-10-10
Sklepy lokalne;C;3;Van de Ven;Beek en Donk;Piet van Thielplein 1 5741CP;;NIE ZNALEZIONO STRONY W DANYCH;;;;;;NIEUSTALONE (wymaga zdjęć lub wizji lokalnej);;;;;;Do sprawdzenia;strony nie ma w danych mapy (do sprawdzenia);"jeśli faktycznie brak: strona WWW; witryna/szyld, odzież dla personelu (do sprawdzenia na miejscu; oferta zależy od branży)";nie kontaktowano;OpenStreetMap (shop=bakery, node/2899177042);2026-10-10
Sklepy lokalne;C;3;van der Horst;Helmond;Molenstraat 200 5701KL;https://www.vanderhorstmeubelen.nl/;OK;tak;tak;2026;WordPress;;NIEUSTALONE (wymaga zdjęć lub wizji lokalnej);;;;;;Częściowe braki;nie znaleziono social media na stronie;"materiały do social media; witryna/szyld, odzież dla personelu (do sprawdzenia na miejscu; oferta zależy od branży)";nie kontaktowano;OpenStreetMap (shop=furniture, node/2903870399);2026-10-10
Sklepy lokalne;C;3;Van Eijk Wonen;Eindhoven;Leenderweg 129A 5614HM;;NIE ZNALEZIONO STRONY W DANYCH;;;;;;NIEUSTALONE (wymaga zdjęć lub wizji lokalnej);;;;;;Do sprawdzenia;strony nie ma w danych mapy (do sprawdzenia);"jeśli faktycznie brak: strona WWW; witryna/szyld, odzież dla personelu (do sprawdzenia na miejscu; oferta zależy od branży)";nie kontaktowano;OpenStreetMap (shop=interior_decoration, node/2758433786);2026-10-10
Sklepy lokalne;C;3;Van Gestel;Eindhoven;Geldropseweg 42 5611SJ;https://vangestel-tweewielers.nl;OK;tak;tak;;WordPress;;NIEUSTALONE (wymaga zdjęć lub wizji lokalnej);;;;;;Częściowe braki;nie znaleziono social media na stronie;"materiały do social media; witryna/szyld, odzież dla personelu (do sprawdzenia na miejscu; oferta zależy od branży)";nie kontaktowano;OpenStreetMap (shop=bicycle, node/2759419647);2026-10-10
Sklepy lokalne;C;3;van Hoof Fietsen;;;;NIE ZNALEZIONO STRONY W DANYCH;;;;;;NIEUSTALONE (wymaga zdjęć lub wizji lokalnej);;;;;;Do sprawdzenia;strony nie ma w danych mapy (do sprawdzenia);"jeśli faktycznie brak: strona WWW; witryna/szyld, odzież dla personelu (do sprawdzenia na miejscu; oferta zależy od branży)";nie kontaktowano;OpenStreetMap (shop=bicycle, node/1497518166);2026-10-10
Sklepy lokalne;C;3;Van Keulen;Oirschot;de Loop 37 5688EW;https://www.bakkerijvankeulen.nl;OK;tak;tak;;WordPress;Facebook, Instagram, LinkedIn, YouTube;NIEUSTALONE (wymaga zdjęć lub wizji lokalnej);rekrutuje;;;;;Podstawy online OK;;"witryna/szyld, odzież dla personelu (do sprawdzenia na miejscu; oferta zależy od branży); odzież/oklejenie dla nowych ludzi i aut";nie kontaktowano;OpenStreetMap (shop=bakery, node/2825996726);2026-10-10
Sklepy lokalne;C;3;Van Laarhoven;Son en Breugel;Wilhelminalaan 11a 5691AX;;NIE ZNALEZIONO STRONY W DANYCH;;;;;;NIEUSTALONE (wymaga zdjęć lub wizji lokalnej);;;;;;Do sprawdzenia;strony nie ma w danych mapy (do sprawdzenia);"jeśli faktycznie brak: strona WWW; witryna/szyld, odzież dla personelu (do sprawdzenia na miejscu; oferta zależy od branży)";nie kontaktowano;OpenStreetMap (shop=pet, node/2796076065);2026-10-10
Sklepy lokalne;C;3;Vershof Bladel;Bladel;Sniederslaan 49 5531EH;;NIE ZNALEZIONO STRONY W DANYCH;;;;;;NIEUSTALONE (wymaga zdjęć lub wizji lokalnej);;;;;;Do sprawdzenia;strony nie ma w danych mapy (do sprawdzenia);"jeśli faktycznie brak: strona WWW; witryna/szyld, odzież dla personelu (do sprawdzenia na miejscu; oferta zależy od branży)";nie kontaktowano;OpenStreetMap (shop=greengrocer, node/2827066672);2026-10-10
Sklepy lokalne;C;3;Verstappen Tweewielers;Asten;Emmastraat 57 5721HA;https://www.verstappentweewielers.nl;OK;tak;tak;2026;WordPress;;NIEUSTALONE (wymaga zdjęć lub wizji lokalnej);;;;;;Częściowe braki;nie znaleziono social media na stronie;"materiały do social media; witryna/szyld, odzież dla personelu (do sprawdzenia na miejscu; oferta zależy od branży)";nie kontaktowano;OpenStreetMap (shop=bicycle, node/2852620334);2026-10-10
Sklepy lokalne;C;3;Verweij ElektroHulpdienst;;;;NIE ZNALEZIONO STRONY W DANYCH;;;;;;NIEUSTALONE (wymaga zdjęć lub wizji lokalnej);;;;;;Do sprawdzenia;strony nie ma w danych mapy (do sprawdzenia);"jeśli faktycznie brak: strona WWW; witryna/szyld, odzież dla personelu (do sprawdzenia na miejscu; oferta zależy od branży)";nie kontaktowano;OpenStreetMap (shop=electrical, node/5881363563);2026-10-10
Sklepy lokalne;C;3;Vielgut Piet Hein Eek;Eindhoven;Nieuwe Emmasingel 38 5611AM;;NIE ZNALEZIONO STRONY W DANYCH;;;;;;NIEUSTALONE (wymaga zdjęć lub wizji lokalnej);;;;;;Do sprawdzenia;strony nie ma w danych mapy (do sprawdzenia);"jeśli faktycznie brak: strona WWW; witryna/szyld, odzież dla personelu (do sprawdzenia na miejscu; oferta zależy od branży)";nie kontaktowano;OpenStreetMap (shop=interior_decoration, node/2765448404);2026-10-10
Sklepy lokalne;C;3;VMG Fietshuis;Eindhoven;Pisanostraat 51 5623CB;https://www.vmgfietshuis.nl;OK;tak;tak;;;Facebook, Instagram, LinkedIn;NIEUSTALONE (wymaga zdjęć lub wizji lokalnej);rekrutuje;;;;;Podstawy online OK;;"witryna/szyld, odzież dla personelu (do sprawdzenia na miejscu; oferta zależy od branży); odzież/oklejenie dla nowych ludzi i aut";nie kontaktowano;OpenStreetMap (shop=bicycle, node/2783320223) + wyszukiwarka;2026-10-10
Sklepy lokalne;C;3;VNB Hasco;;;;NIE ZNALEZIONO STRONY W DANYCH;;;;;;NIEUSTALONE (wymaga zdjęć lub wizji lokalnej);;;;;;Do sprawdzenia;strony nie ma w danych mapy (do sprawdzenia);"jeśli faktycznie brak: strona WWW; witryna/szyld, odzież dla personelu (do sprawdzenia na miejscu; oferta zależy od branży)";nie kontaktowano;OpenStreetMap (shop=doityourself, node/1631824312);2026-10-10
Sklepy lokalne;C;3;Waterschoot;;;;NIE ZNALEZIONO STRONY W DANYCH;;;;;;NIEUSTALONE (wymaga zdjęć lub wizji lokalnej);;;;;;Do sprawdzenia;strony nie ma w danych mapy (do sprawdzenia);"jeśli faktycznie brak: strona WWW; witryna/szyld, odzież dla personelu (do sprawdzenia na miejscu; oferta zależy od branży)";nie kontaktowano;OpenStreetMap (shop=bakery, node/1347329107);2026-10-10
Sklepy lokalne;C;3;Wibo De Jong;Gemert;Stereind 6 5421CT;;NIE ZNALEZIONO STRONY W DANYCH;;;;;;NIEUSTALONE (wymaga zdjęć lub wizji lokalnej);;;;;;Do sprawdzenia;strony nie ma w danych mapy (do sprawdzenia);"jeśli faktycznie brak: strona WWW; witryna/szyld, odzież dla personelu (do sprawdzenia na miejscu; oferta zależy od branży)";nie kontaktowano;OpenStreetMap (shop=bicycle, node/3005554161);2026-10-10
Sklepy lokalne;C;3;Wiegers XL;;;;NIE ZNALEZIONO STRONY W DANYCH;;;;;;NIEUSTALONE (wymaga zdjęć lub wizji lokalnej);;;;;;Do sprawdzenia;strony nie ma w danych mapy (do sprawdzenia);"jeśli faktycznie brak: strona WWW; witryna/szyld, odzież dla personelu (do sprawdzenia na miejscu; oferta zależy od branży)";nie kontaktowano;OpenStreetMap (shop=furniture, node/11773806969);2026-10-10
Sklepy lokalne;C;3;Willy's Bikeshop;Veldhoven;Dorpstraat 74 5504HK;https://willysbikeshop.nl/;OK;tak;tak;2026;;;NIEUSTALONE (wymaga zdjęć lub wizji lokalnej);;;;;;Częściowe braki;nie znaleziono social media na stronie;"materiały do social media; witryna/szyld, odzież dla personelu (do sprawdzenia na miejscu; oferta zależy od branży)";nie kontaktowano;OpenStreetMap (shop=bicycle, node/2440225849);2026-10-10
Sklepy lokalne;C;3;Woninginrichting van Nuland Eindhoven;Eindhoven;Winkelcentrum Woensel 81B 5625AD;https://woonspecialist.nl/winkels/woninginrichting-van-nuland-eindhoven/;OK;tak;tak;2026;WordPress;Facebook, Instagram, YouTube;NIEUSTALONE (wymaga zdjęć lub wizji lokalnej);rekrutuje;;;;;Podstawy online OK;;"witryna/szyld, odzież dla personelu (do sprawdzenia na miejscu; oferta zależy od branży); odzież/oklejenie dla nowych ludzi i aut";nie kontaktowano;OpenStreetMap (shop=interior_decoration, node/2751971184);2026-10-10
Sklepy lokalne;C;3;Woon Express;;;https://www.woonexpress.nl;OK;tak;tak;2026;;Facebook, Instagram, TikTok;NIEUSTALONE (wymaga zdjęć lub wizji lokalnej);rekrutuje;;;;;Podstawy online OK;;"witryna/szyld, odzież dla personelu (do sprawdzenia na miejscu; oferta zależy od branży); odzież/oklejenie dla nowych ludzi i aut";nie kontaktowano;OpenStreetMap (shop=furniture, node/7102252265);2026-10-10
Sklepy lokalne;C;2;Aarts Tuinplanten;Asten;Dijkstraat 40 5721AR;https://www.aartstuinplanten.com/;OK;tak;tak;2025;Wix;Facebook, Instagram;NIEUSTALONE (wymaga zdjęć lub wizji lokalnej);;;;;;Podstawy online OK;;"witryna/szyld, odzież dla personelu (do sprawdzenia na miejscu; oferta zależy od branży)";nie kontaktowano;OpenStreetMap (shop=garden_centre, way/171498596);2026-10-10
Sklepy lokalne;C;2;Actielaminaat;Eindhoven;Bruggelaan 8 5628RH;https://www.actielaminaat.nl/;OK;tak;tak;2026;;Facebook, Instagram, YouTube;NIEUSTALONE (wymaga zdjęć lub wizji lokalnej);;;;;;Podstawy online OK;;"witryna/szyld, odzież dla personelu (do sprawdzenia na miejscu; oferta zależy od branży)";nie kontaktowano;OpenStreetMap (shop=flooring, node/2734423674);2026-10-10
Sklepy lokalne;C;2;Action Vloeren;Veldhoven;De Run 5504 5504DH;https://www.actionvloeren.com/;OK;tak;tak;2026;;Instagram, LinkedIn;NIEUSTALONE (wymaga zdjęć lub wizji lokalnej);;;;;;Podstawy online OK;;"witryna/szyld, odzież dla personelu (do sprawdzenia na miejscu; oferta zależy od branży)";nie kontaktowano;OpenStreetMap (shop=flooring, node/2833148152);2026-10-10
Sklepy lokalne;C;2;Amberium Bikes;Helmond;Ameidestraat 2 5701NP;https://www.amberium.nl/;OK;tak;tak;;;Facebook, Instagram;NIEUSTALONE (wymaga zdjęć lub wizji lokalnej);;;;;;Podstawy online OK;;"witryna/szyld, odzież dla personelu (do sprawdzenia na miejscu; oferta zależy od branży)";nie kontaktowano;OpenStreetMap (shop=bicycle, node/2903870100);2026-10-10
Sklepy lokalne;C;2;Animal world;Eindhoven;Hastelweg 14 5616HL;https://www.animal-world.nl/;NIEUSTALONE (brak połączenia z mojego środowiska);;;;;;NIEUSTALONE (wymaga zdjęć lub wizji lokalnej);;;;;;Nieustalone;;"witryna/szyld, odzież dla personelu (do sprawdzenia na miejscu; oferta zależy od branży)";nie kontaktowano;OpenStreetMap (shop=pet, node/2753883940);2026-10-10
Sklepy lokalne;C;2;Anne's taste of Greece;Eindhoven;Edisonstraat 89 5621HL;https://annestasteofgreece.nl/;OK;tak;tak;;WordPress;Facebook, Instagram, TikTok;NIEUSTALONE (wymaga zdjęć lub wizji lokalnej);;;;;;Podstawy online OK;;"witryna/szyld, odzież dla personelu (do sprawdzenia na miejscu; oferta zależy od branży)";nie kontaktowano;OpenStreetMap (shop=deli, node/2780314695);2026-10-10
Sklepy lokalne;C;2;Azzuri;Waalre;De Bus 39d 5581GP;https://www.azzuriwielersport.nl/;OK;tak;tak;;;Facebook, Instagram;NIEUSTALONE (wymaga zdjęć lub wizji lokalnej);;;;;;Podstawy online OK;;"witryna/szyld, odzież dla personelu (do sprawdzenia na miejscu; oferta zależy od branży)";nie kontaktowano;OpenStreetMap (shop=bicycle, node/4445498552);2026-10-10
Sklepy lokalne;C;2;Bakhuisje;Eindhoven;Frederiklaan 11 5616NB;https://bakhuisjeeindhoven.nl/;OK;tak;tak;;;Instagram;NIEUSTALONE (wymaga zdjęć lub wizji lokalnej);;;;;;Podstawy online OK;;"witryna/szyld, odzież dla personelu (do sprawdzenia na miejscu; oferta zależy od branży)";nie kontaktowano;OpenStreetMap (shop=bakery, node/13727981701);2026-10-10
Sklepy lokalne;C;2;Bakkerij Bruxelles;Eindhoven;Woenselse Markt 24 5612CR;https://www.bakkerijbruxelles-eindhoven.nl/;OK;tak;tak;;;Facebook;NIEUSTALONE (wymaga zdjęć lub wizji lokalnej);;;;;;Podstawy online OK;;"witryna/szyld, odzież dla personelu (do sprawdzenia na miejscu; oferta zależy od branży)";nie kontaktowano;OpenStreetMap (shop=bakery, node/2778292583);2026-10-10
Sklepy lokalne;C;2;Bakkerij Luigi;Bladel;Van Dissellaan 24 5531BR;https://www.bakkerijluigi.nl/;OK;tak;tak;;WordPress;Facebook, Instagram;NIEUSTALONE (wymaga zdjęć lub wizji lokalnej);;;;;;Podstawy online OK;;"witryna/szyld, odzież dla personelu (do sprawdzenia na miejscu; oferta zależy od branży)";nie kontaktowano;OpenStreetMap (shop=bakery, node/2827061108);2026-10-10
Sklepy lokalne;C;2;Bakkerij van Brug;Aarle-Rixtel;Dorpsstraat 19 5735EA;https://www.bakkerijvanbrug.nl;OK;tak;tak;2026;;Facebook;NIEUSTALONE (wymaga zdjęć lub wizji lokalnej);;;;;;Podstawy online OK;;"witryna/szyld, odzież dla personelu (do sprawdzenia na miejscu; oferta zależy od branży)";nie kontaktowano;OpenStreetMap (shop=bakery, node/2901234669);2026-10-10
Sklepy lokalne;C;2;Bakkerij van de Mortel;Someren;Floreffestraat 7 5711AA;http://bakkerijvandemortel.nl/;OK;tak;tak;2026;WordPress;Facebook, Instagram;NIEUSTALONE (wymaga zdjęć lub wizji lokalnej);;;;;;Podstawy online OK;;"witryna/szyld, odzież dla personelu (do sprawdzenia na miejscu; oferta zależy od branży)";nie kontaktowano;OpenStreetMap (shop=bakery, node/2851637597);2026-10-10
Sklepy lokalne;C;2;Bakkerij Van den Broek Geldrop;Geldrop;Hoog Geldrop 93 5663BD;https://bakkerijvandenbroekgeldrop.nl/;OK;tak;tak;2026;;Facebook;NIEUSTALONE (wymaga zdjęć lub wizji lokalnej);;;;;;Podstawy online OK;;"witryna/szyld, odzież dla personelu (do sprawdzenia na miejscu; oferta zależy od branży)";nie kontaktowano;OpenStreetMap (shop=bakery, node/2871437478);2026-10-10
Sklepy lokalne;C;2;Bakkerij Van Doorn - Van Namen;Sint-Oedenrode;Markt 12 5492AB;https://bakkerijvandoornvannamen.nl/;OK;tak;tak;;WordPress;Facebook, Instagram, YouTube;NIEUSTALONE (wymaga zdjęć lub wizji lokalnej);;;;;;Podstawy online OK;;"witryna/szyld, odzież dla personelu (do sprawdzenia na miejscu; oferta zależy od branży)";nie kontaktowano;OpenStreetMap (shop=bakery, node/2796093848);2026-10-10
Sklepy lokalne;C;2;Bastiaans;Son en Breugel;Wilhelminalaan 3a 5691AX;https://www.bastenwoninginrichting.nl/;OK;tak;tak;2026;;Facebook;NIEUSTALONE (wymaga zdjęć lub wizji lokalnej);;;;;;Podstawy online OK;;"witryna/szyld, odzież dla personelu (do sprawdzenia na miejscu; oferta zależy od branży)";nie kontaktowano;OpenStreetMap (shop=interior_decoration, node/2796079894);2026-10-10
Sklepy lokalne;C;2;Bike Home Service;Nuenen;Vincent van Goghstraat 2B 5671GX;https://www.bikehomeservice.nl;OK;tak;tak;;WordPress;Facebook;NIEUSTALONE (wymaga zdjęć lub wizji lokalnej);;;;;;Podstawy online OK;;"witryna/szyld, odzież dla personelu (do sprawdzenia na miejscu; oferta zależy od branży)";nie kontaktowano;OpenStreetMap (shop=bicycle, node/2994053586);2026-10-10
Sklepy lokalne;C;2;Bikeservice Lierop;Lierop;Laan ten Boomen 1 5715AA;http://www.bikeservicelierop.nl/;OK;tak;tak;2026;Wix;Facebook;NIEUSTALONE (wymaga zdjęć lub wizji lokalnej);;;;;;Podstawy online OK;;"witryna/szyld, odzież dla personelu (do sprawdzenia na miejscu; oferta zależy od branży)";nie kontaktowano;OpenStreetMap (shop=bicycle, node/2851337502);2026-10-10
Sklepy lokalne;C;2;Bloemend;Lieshout;Dorpsstraat 20 5737GC;http://www.bloemend.nl;NIEUSTALONE (brak połączenia z mojego środowiska);;;;;;NIEUSTALONE (wymaga zdjęć lub wizji lokalnej);;;;;;Nieustalone;;"witryna/szyld, odzież dla personelu (do sprawdzenia na miejscu; oferta zależy od branży)";nie kontaktowano;OpenStreetMap (shop=florist, node/2898993660);2026-10-10
Sklepy lokalne;C;2;Bloemenshop Best;Best;Wilhelminaplein 19 5684VL;https://www.bloemenbest.nl;OK;tak;tak;;;Facebook;NIEUSTALONE (wymaga zdjęć lub wizji lokalnej);;;;;;Podstawy online OK;;"witryna/szyld, odzież dla personelu (do sprawdzenia na miejscu; oferta zależy od branży)";nie kontaktowano;OpenStreetMap (shop=florist, node/2736328282);2026-10-10
Sklepy lokalne;C;2;Bloemsierkunst Fons;Beek en Donk;Heuvelplein 26 5741JK;https://www.bloemsierkunstfons.nl;OK;tak;tak;;;Facebook, Instagram;NIEUSTALONE (wymaga zdjęć lub wizji lokalnej);;;;;;Podstawy online OK;;"witryna/szyld, odzież dla personelu (do sprawdzenia na miejscu; oferta zależy od branży)";nie kontaktowano;OpenStreetMap (shop=florist, node/2900695208);2026-10-10
Sklepy lokalne;C;2;Bloom;Aarle-Rixtel;Dorpsstraat 2 5735ED;https://www.bloomsierkunst.nl/;OK;tak;tak;;WordPress;Facebook, Instagram;NIEUSTALONE (wymaga zdjęć lub wizji lokalnej);;;;;;Podstawy online OK;;"witryna/szyld, odzież dla personelu (do sprawdzenia na miejscu; oferta zależy od branży)";nie kontaktowano;OpenStreetMap (shop=florist, node/2901024323);2026-10-10
Sklepy lokalne;C;2;Boerenbond-Pets Place XL Helmond;Helmond;Deltaweg 2 5709AC;https://www.boerenbond.nl;NIEUSTALONE (brak połączenia z mojego środowiska);;;;;;NIEUSTALONE (wymaga zdjęć lub wizji lokalnej);;;;;;Nieustalone;;"witryna/szyld, odzież dla personelu (do sprawdzenia na miejscu; oferta zależy od branży)";nie kontaktowano;OpenStreetMap (shop=pet, node/2898738025);2026-10-10
Sklepy lokalne;C;2;Bouw & Doe het Zelf Markt Claassen Huishoud & Kadoshop;Maarheeze;Stationsstraat 16 6026CV;https://bouwmarktclaassen.nl;OK;tak;tak;2022;WordPress;Facebook;NIEUSTALONE (wymaga zdjęć lub wizji lokalnej);;;;;;Podstawy online OK;;"witryna/szyld, odzież dla personelu (do sprawdzenia na miejscu; oferta zależy od branży)";nie kontaktowano;OpenStreetMap (shop=doityourself, node/2839388845);2026-10-10
Sklepy lokalne;C;2;Bouwmaat;Son en Breugel;Ekkersrijt 2070 5692BA;https://www.bouwmaat.nl/vestigingen/bouwmaat-eindhoven-ekkersrijt;BŁĄD STRONY (do potwierdzenia);;;;;Facebook, Instagram, LinkedIn, TikTok, YouTube;NIEUSTALONE (wymaga zdjęć lub wizji lokalnej);"rekrutuje; sklep online";;;;tak;Duże braki online;strona zwróciła błąd (do potwierdzenia);"nowa/naprawiona strona; witryna/szyld, odzież dla personelu (do sprawdzenia na miejscu; oferta zależy od branży); odzież/oklejenie dla nowych ludzi i aut";nie kontaktowano;OpenStreetMap (shop=hardware, node/2785222771) + wyszukiwarka + wyszukiwarka;2026-10-10
Sklepy lokalne;C;2;Bouwmans Groenten en Fruit;Gemert;Burgemeester Rietmanstraat 6a 5421JX;https://www.bouwmansgroentenenfruit.nl/;NIEUSTALONE (blokada robotów);;;;;;NIEUSTALONE (wymaga zdjęć lub wizji lokalnej);;;;;;Nieustalone;;"witryna/szyld, odzież dla personelu (do sprawdzenia na miejscu; oferta zależy od branży)";nie kontaktowano;OpenStreetMap (shop=greengrocer, node/3005554591);2026-10-10
Sklepy lokalne;C;2;Budgetfietsen;Mierlo;Dorpsstraat 100 5731JK;https://www.budgetfietsen.nl/;OK;tak;tak;;;YouTube;NIEUSTALONE (wymaga zdjęć lub wizji lokalnej);;;;;;Podstawy online OK;;"witryna/szyld, odzież dla personelu (do sprawdzenia na miejscu; oferta zależy od branży)";nie kontaktowano;OpenStreetMap (shop=bicycle, node/2876512456);2026-10-10
Sklepy lokalne;C;2;ByDaani;Gemert;Kerkstraat 3 5421KX;https://bydaani.nl;OK;tak;tak;2026;WordPress;Facebook, Instagram, TikTok;NIEUSTALONE (wymaga zdjęć lub wizji lokalnej);;;;;;Podstawy online OK;;"witryna/szyld, odzież dla personelu (do sprawdzenia na miejscu; oferta zależy od branży)";nie kontaktowano;OpenStreetMap (shop=florist, node/3005544980);2026-10-10
Sklepy lokalne;C;2;Cycle Support Eindhoven;Eindhoven;Hurksestraat 20-30 5652AK;https://www.cycle-support.nl/;OK;tak;tak;;WordPress;Facebook, Instagram;NIEUSTALONE (wymaga zdjęć lub wizji lokalnej);;;;;;Podstawy online OK;;"witryna/szyld, odzież dla personelu (do sprawdzenia na miejscu; oferta zależy od branży)";nie kontaktowano;OpenStreetMap (shop=bicycle, node/8872524788);2026-10-10
Sklepy lokalne;C;2;CycleTrend;Eersel;Nieuwstraat 35a 5521CA;https://www.cycletrend.nl;NIEUSTALONE (brak połączenia z mojego środowiska);;;;;;NIEUSTALONE (wymaga zdjęć lub wizji lokalnej);;;;;;Nieustalone;;"witryna/szyld, odzież dla personelu (do sprawdzenia na miejscu; oferta zależy od branży)";nie kontaktowano;OpenStreetMap (shop=bicycle, node/2828643292);2026-10-10
Sklepy lokalne;C;2;Dazzy;Son en Breugel;Airbornestraat 6a 5691CB;https://dazzyinterieur.nl/;NIEUSTALONE (brak połączenia z mojego środowiska);;;;;;NIEUSTALONE (wymaga zdjęć lub wizji lokalnej);;;;;;Nieustalone;;"witryna/szyld, odzież dla personelu (do sprawdzenia na miejscu; oferta zależy od branży)";nie kontaktowano;OpenStreetMap (shop=interior_decoration, node/2792751176);2026-10-10
Sklepy lokalne;C;2;De Grenen Schuur;Beek en Donk;Rijakkerweg 5d 5741RR;https://www.grenenschuur.nl;NIEUSTALONE (blokada robotów);;;;;;NIEUSTALONE (wymaga zdjęć lub wizji lokalnej);;;;;;Nieustalone;;"witryna/szyld, odzież dla personelu (do sprawdzenia na miejscu; oferta zależy od branży)";nie kontaktowano;OpenStreetMap (shop=furniture, node/754211060);2026-10-10
Sklepy lokalne;C;2;De Houtloods;Heeze;Emmerikstraat 11 5591HW;https://www.dehoutloodsheeze.nl/;OK;tak;tak;;;Facebook;NIEUSTALONE (wymaga zdjęć lub wizji lokalnej);;;;;;Podstawy online OK;;"witryna/szyld, odzież dla personelu (do sprawdzenia na miejscu; oferta zależy od branży)";nie kontaktowano;OpenStreetMap (shop=hardware, node/2830070168);2026-10-10
Sklepy lokalne;C;2;De Jong Interieur;Eindhoven;de Blécourtstraat 28A 5652GB;https://www.dejonginterieur.com/;OK;tak;tak;;;Facebook, Instagram;NIEUSTALONE (wymaga zdjęć lub wizji lokalnej);;;;;;Podstawy online OK;;"witryna/szyld, odzież dla personelu (do sprawdzenia na miejscu; oferta zależy od branży)";nie kontaktowano;OpenStreetMap (shop=interior_decoration, node/2714611535);2026-10-10
Sklepy lokalne;C;2;De Kaaswinkel;Son en Breugel;Heistraat 5 5691CA;https://www.dekaaswinkel-son.nl/;OK;tak;tak;;WordPress;Facebook, Instagram;NIEUSTALONE (wymaga zdjęć lub wizji lokalnej);;;;;;Podstawy online OK;;"witryna/szyld, odzież dla personelu (do sprawdzenia na miejscu; oferta zależy od branży)";nie kontaktowano;OpenStreetMap (shop=cheese, node/2792750467);2026-10-10
Sklepy lokalne;C;2;De Tinteltuin;Eersel;Hoogstraat 5 5521NK;https://www.de-tinteltuin.nl/;NIEUSTALONE (brak połączenia z mojego środowiska);;;;;;NIEUSTALONE (wymaga zdjęć lub wizji lokalnej);;;;;;Nieustalone;;"witryna/szyld, odzież dla personelu (do sprawdzenia na miejscu; oferta zależy od branży)";nie kontaktowano;OpenStreetMap (shop=florist, node/2828507825);2026-10-10
Sklepy lokalne;C;2;De Win Fietsen;Geldrop;Korte Kerkstraat 2 5664HG;https://www.dewinfietsen.nl/fietsenwinkel-geldrop;OK;tak;tak;;;Facebook;NIEUSTALONE (wymaga zdjęć lub wizji lokalnej);;;;;;Podstawy online OK;;"witryna/szyld, odzież dla personelu (do sprawdzenia na miejscu; oferta zależy od branży)";nie kontaktowano;OpenStreetMap (shop=bicycle, node/2872252680);2026-10-10
Sklepy lokalne;C;2;Deelen Stoffen & Gordijnen;Helmond;Houtse Parallelweg 82 5706AD;https://deelenstoffen.nl;OK;tak;tak;;WordPress;Facebook;NIEUSTALONE (wymaga zdjęć lub wizji lokalnej);;;;;;Podstawy online OK;;"witryna/szyld, odzież dla personelu (do sprawdzenia na miejscu; oferta zależy od branży)";nie kontaktowano;OpenStreetMap (shop=curtain, node/4199677575);2026-10-10
Sklepy lokalne;C;2;Den Drietip – van Nuenen;Helmond;Drietipstraat 1 5701TD;https://dendrietip.nl;OK;tak;tak;2026;;Facebook;NIEUSTALONE (wymaga zdjęć lub wizji lokalnej);;;;;;Podstawy online OK;;"witryna/szyld, odzież dla personelu (do sprawdzenia na miejscu; oferta zależy od branży)";nie kontaktowano;OpenStreetMap (shop=bicycle, node/292294018);2026-10-10
Sklepy lokalne;C;2;Dierenshop Quispel;Helmond;Mierloseweg 22 5707AM;https://www.dierenshopquispel.nl;OK;tak;tak;;WordPress;Facebook;NIEUSTALONE (wymaga zdjęć lub wizji lokalnej);;;;;;Podstawy online OK;;"witryna/szyld, odzież dla personelu (do sprawdzenia na miejscu; oferta zależy od branży)";nie kontaktowano;OpenStreetMap (shop=pet, node/2901982615);2026-10-10
Sklepy lokalne;C;2;Dierenspeciaalzaak Het Groene Woud;Leende;Dorpstraat 81 5595CD;https://www.dierenwinkel-hetgroenewoud.nl/;NIEUSTALONE (blokada robotów);;;;;;NIEUSTALONE (wymaga zdjęć lub wizji lokalnej);;;;;;Nieustalone;;"witryna/szyld, odzież dla personelu (do sprawdzenia na miejscu; oferta zależy od branży)";nie kontaktowano;OpenStreetMap (shop=pet, node/2340189826);2026-10-10
Sklepy lokalne;C;2;Dierenspeciaalzaak van der Velden;Eindhoven;Tongelresestraat 316 5642NE;http://www.dierenspeciaalzaakvandervelden.nl/;OK;tak;tak;2026;;Facebook, Instagram;NIEUSTALONE (wymaga zdjęć lub wizji lokalnej);;;;;;Podstawy online OK;;"witryna/szyld, odzież dla personelu (do sprawdzenia na miejscu; oferta zależy od branży)";nie kontaktowano;OpenStreetMap (shop=pet, node/11423423395) + wyszukiwarka;2026-10-10
Sklepy lokalne;C;2;Epplejack;Eindhoven;Zeelsterstraat 20 5652EK;https://www.ej.nl;NIEUSTALONE (blokada robotów);;;;;;NIEUSTALONE (wymaga zdjęć lub wizji lokalnej);;;;;;Nieustalone;;"witryna/szyld, odzież dla personelu (do sprawdzenia na miejscu; oferta zależy od branży)";nie kontaktowano;OpenStreetMap (shop=pet, node/2714611463);2026-10-10
Sklepy lokalne;C;2;Fiets en Sport van den Berg;Son en Breugel;Nieuwstraat 28 5691AC;https://www.fietsensportvdberg.nl/;OK;tak;tak;2025;WordPress;Facebook, Instagram;NIEUSTALONE (wymaga zdjęć lub wizji lokalnej);;;;;;Podstawy online OK;;"witryna/szyld, odzież dla personelu (do sprawdzenia na miejscu; oferta zależy od branży)";nie kontaktowano;OpenStreetMap (shop=bicycle, node/2792748782);2026-10-10
Sklepy lokalne;C;2;Fietsenwinkel.nl;Eindhoven;Pisanostraat 53 5623CB;https://www.fietsenwinkel.nl/;NIEUSTALONE (blokada robotów);;;;;;NIEUSTALONE (wymaga zdjęć lub wizji lokalnej);;;;;;Nieustalone;;"witryna/szyld, odzież dla personelu (do sprawdzenia na miejscu; oferta zależy od branży)";nie kontaktowano;OpenStreetMap (shop=bicycle, node/2783320312) + wyszukiwarka;2026-10-10
Sklepy lokalne;C;2;Fietsvakman van den Berg;Beek en Donk;Heuvelplein 14 5741JK;https://www.fietsvakmanvdberg.nl;OK;tak;tak;2026;WordPress;Facebook, Instagram;NIEUSTALONE (wymaga zdjęć lub wizji lokalnej);;;;;;Podstawy online OK;;"witryna/szyld, odzież dla personelu (do sprawdzenia na miejscu; oferta zależy od branży)";nie kontaktowano;OpenStreetMap (shop=bicycle, node/2900690943);2026-10-10
Sklepy lokalne;C;2;Fleur-Inn;Eindhoven;Wijngaardplein 51 5632MC;https://fleur-inn.nl/;OK;tak;tak;;;Facebook;NIEUSTALONE (wymaga zdjęć lub wizji lokalnej);;;;;;Podstawy online OK;;"witryna/szyld, odzież dla personelu (do sprawdzenia na miejscu; oferta zależy od branży)";nie kontaktowano;OpenStreetMap (shop=florist, node/2734158932);2026-10-10
Sklepy lokalne;C;2;Flowers;Heeze;Jan Deckersstraat 20 5591HS;https://www.flowersheeze.nl;OK;tak;tak;;;Facebook, Instagram;NIEUSTALONE (wymaga zdjęć lub wizji lokalnej);;;;;;Podstawy online OK;;"witryna/szyld, odzież dla personelu (do sprawdzenia na miejscu; oferta zależy od branży)";nie kontaktowano;OpenStreetMap (shop=florist, node/2830077442);2026-10-10
Sklepy lokalne;C;2;Frans Sigmans;Bakel;Dorpsstraat 78 5761BP;https://www.sigmans.nl;OK;tak;tak;;WordPress;Facebook;NIEUSTALONE (wymaga zdjęć lub wizji lokalnej);;;;;;Podstawy online OK;;"witryna/szyld, odzież dla personelu (do sprawdzenia na miejscu; oferta zależy od branży)";nie kontaktowano;OpenStreetMap (shop=bicycle, node/3014848481);2026-10-10
Sklepy lokalne;C;2;Goed Slapen;;;https://goedslapeneindhoven.nl;NIEUSTALONE (brak połączenia z mojego środowiska);;;;;;NIEUSTALONE (wymaga zdjęć lub wizji lokalnej);;;;;;Nieustalone;;"witryna/szyld, odzież dla personelu (do sprawdzenia na miejscu; oferta zależy od branży)";nie kontaktowano;OpenStreetMap (shop=bed, node/11210385525);2026-10-10
Sklepy lokalne;C;2;Henk van Rooij Fietsen;Helmond;Mierloseweg 23 5707AB;https://www.henkvanrooijfietsen.nl;OK;tak;tak;;;Facebook, Instagram;NIEUSTALONE (wymaga zdjęć lub wizji lokalnej);;;;;;Podstawy online OK;;"witryna/szyld, odzież dla personelu (do sprawdzenia na miejscu; oferta zależy od branży)";nie kontaktowano;OpenStreetMap (shop=bicycle, node/2901979553);2026-10-10
Sklepy lokalne;C;2;Het Gulle Leven;Eindhoven;Wijnpeerstraat 13 5632ME;https://www.hetgulleleven.nl;NIEUSTALONE (brak połączenia z mojego środowiska);;;;;Facebook;NIEUSTALONE (wymaga zdjęć lub wizji lokalnej);;;;;;Nieustalone;;"witryna/szyld, odzież dla personelu (do sprawdzenia na miejscu; oferta zależy od branży)";nie kontaktowano;OpenStreetMap (shop=deli, node/2734155717);2026-10-10
Sklepy lokalne;C;2;Het Roois Kaashuis;Sint-Oedenrode;Kerkplein 1a 5492AN;https://www.hetrooiskaashuis.nl/openingstijden;OK;tak;tak;2026;;Facebook;NIEUSTALONE (wymaga zdjęć lub wizji lokalnej);;;;;;Podstawy online OK;;"witryna/szyld, odzież dla personelu (do sprawdzenia na miejscu; oferta zależy od branży)";nie kontaktowano;OpenStreetMap (shop=cheese, node/2796104358);2026-10-10
Sklepy lokalne;C;2;Homeflower style;Eindhoven;Meerplein 16 5658LK;https://www.flowerstylean.nl/;NIEUSTALONE (blokada robotów);;;;;;NIEUSTALONE (wymaga zdjęć lub wizji lokalnej);;;;;;Nieustalone;;"witryna/szyld, odzież dla personelu (do sprawdzenia na miejscu; oferta zależy od branży)";nie kontaktowano;OpenStreetMap (shop=florist, node/2729760147);2026-10-10
Sklepy lokalne;C;2;Hout en Steen.nl;Leende;Langstraat 3 5595AA;https://www.houtensteen.nl/;OK;tak;tak;2026;WordPress;Facebook;NIEUSTALONE (wymaga zdjęć lub wizji lokalnej);;;;;;Podstawy online OK;;"witryna/szyld, odzież dla personelu (do sprawdzenia na miejscu; oferta zależy od branży)";nie kontaktowano;OpenStreetMap (shop=interior_decoration, node/2829422231);2026-10-10
Sklepy lokalne;C;2;IKEA;Son en Breugel;Ekkersrijt 4089 5692DB;https://www.ikea.com/nl/nl/stores/eindhoven/;PRZESTARZAŁA;tak;tak;1999;;;NIEUSTALONE (wymaga zdjęć lub wizji lokalnej);rekrutuje;;;;tak;Częściowe braki;"przestarzała strona (stopka 1999); nie znaleziono social media na stronie";"nowa strona (mobile, HTTPS); materiały do social media; witryna/szyld, odzież dla personelu (do sprawdzenia na miejscu; oferta zależy od branży); odzież/oklejenie dla nowych ludzi i aut";nie kontaktowano;OpenStreetMap (shop=furniture, node/2785222974) + wyszukiwarka;2026-10-10
Sklepy lokalne;C;2;J.Meevis Tuin&Parkmachines;Someren;Smulderslaan 7 5712GJ;http://www.meevistuinmachines.nl/;OK;tak;tak;2024;WordPress;Facebook, Instagram;NIEUSTALONE (wymaga zdjęć lub wizji lokalnej);;;;;;Podstawy online OK;;"witryna/szyld, odzież dla personelu (do sprawdzenia na miejscu; oferta zależy od branży)";nie kontaktowano;OpenStreetMap (shop=hardware, node/14135228303);2026-10-10
Sklepy lokalne;C;2;Johanshof - Voor al uw tuinplanten;Eindhoven;Jaguarstraat 1 5645CR;http://johanshof.magix.net/;NIEUSTALONE (brak połączenia z mojego środowiska);;;;;;NIEUSTALONE (wymaga zdjęć lub wizji lokalnej);;;;;;Nieustalone;;"witryna/szyld, odzież dla personelu (do sprawdzenia na miejscu; oferta zależy od branży)";nie kontaktowano;OpenStreetMap (shop=florist, node/2742865560);2026-10-10
Sklepy lokalne;C;2;John Knoops;Mierlo;Dorpsstraat 92 5731JK;https://johnknoops.nl;OK;tak;tak;2026;WordPress;Facebook, Instagram, YouTube;NIEUSTALONE (wymaga zdjęć lub wizji lokalnej);;;;;;Podstawy online OK;;"witryna/szyld, odzież dla personelu (do sprawdzenia na miejscu; oferta zależy od branży)";nie kontaktowano;OpenStreetMap (shop=bicycle, node/2876517114);2026-10-10
Sklepy lokalne;C;2;John Vermeulen (Geldrop);Geldrop;Laan der Vier Heemskinderen 2 5664TJ;https://johnvermeulengeldrop.nl/;OK;tak;tak;2026;;Facebook, Instagram, LinkedIn, YouTube;NIEUSTALONE (wymaga zdjęć lub wizji lokalnej);;;;;;Stary wpis mylił z byłą placówką w Eindhoven (dziś VELOO). Adres strony poprawiony na johnvermeulengeldrop.nl. Wg audytu ChatGPT.;;"witryna/szyld, odzież dla personelu (do sprawdzenia na miejscu; oferta zależy od branży)";nie kontaktowano;OpenStreetMap (shop=bicycle, node/2873634845);2026-10-10
Sklepy lokalne;C;2;Kaasboerderij De Hooiberg;Bladel;Bredasebaan 20 5531NB;https://www.hooibergkaas.nl;NIEUSTALONE (brak połączenia z mojego środowiska);;;;;;NIEUSTALONE (wymaga zdjęć lub wizji lokalnej);;;;;;Nieustalone;;"witryna/szyld, odzież dla personelu (do sprawdzenia na miejscu; oferta zależy od branży)";nie kontaktowano;OpenStreetMap (shop=cheese, node/2827271774);2026-10-10
Sklepy lokalne;C;2;Kaashuis Best;Best;Boterhoek 29 5683AS;https://www.kaashuisbest.nl;OK;tak;tak;;;Facebook, Instagram;NIEUSTALONE (wymaga zdjęć lub wizji lokalnej);;;;;;Podstawy online OK;;"witryna/szyld, odzież dla personelu (do sprawdzenia na miejscu; oferta zależy od branży)";nie kontaktowano;OpenStreetMap (shop=cheese, node/2723936873);2026-10-10
Sklepy lokalne;C;2;Kaatje Jans;Someren;Floreffestraat 8 5711AD;http://www.kaatjejans-someren.nl/;OK;tak;tak;;WordPress;Facebook;NIEUSTALONE (wymaga zdjęć lub wizji lokalnej);;;;;;Podstawy online OK;;"witryna/szyld, odzież dla personelu (do sprawdzenia na miejscu; oferta zależy od branży)";nie kontaktowano;OpenStreetMap (shop=cheese, node/2852584054);2026-10-10
Sklepy lokalne;C;2;Kempen E-bikes;Bladel;Sniederslaan 11A 5531EG;https://www.kempenebikes.nl/;OK;tak;tak;;;Facebook;NIEUSTALONE (wymaga zdjęć lub wizji lokalnej);;;;;;Podstawy online OK;;"witryna/szyld, odzież dla personelu (do sprawdzenia na miejscu; oferta zależy od branży)";nie kontaktowano;OpenStreetMap (shop=bicycle, node/2827053139);2026-10-10
Sklepy lokalne;C;2;King Cycle;Leende;Langstraat 3-3a 5595AA;https://www.kingcycle.nl/;NIEUSTALONE (blokada robotów);;;;;;NIEUSTALONE (wymaga zdjęć lub wizji lokalnej);;;;;;Nieustalone;;"witryna/szyld, odzież dla personelu (do sprawdzenia na miejscu; oferta zależy od branży)";nie kontaktowano;OpenStreetMap (shop=bicycle, node/2829422420);2026-10-10
Sklepy lokalne;C;2;King Kongs;Eindhoven;Hertog Hendrik van Brabantplein 29 5611PG;https://kingkongs.com/about-us/;OK;tak;tak;;WordPress;Facebook, Instagram, LinkedIn;NIEUSTALONE (wymaga zdjęć lub wizji lokalnej);;;;;;Podstawy online OK;;"witryna/szyld, odzież dla personelu (do sprawdzenia na miejscu; oferta zależy od branży)";nie kontaktowano;OpenStreetMap (shop=interior_decoration, node/2759418358);2026-10-10
Sklepy lokalne;C;2;Kranenpoot Tweewielers;Helmond;Braaksestraat 14 5709JB;https://www.kranenpoottweewielers.nl/;OK;tak;tak;;WordPress;Facebook;NIEUSTALONE (wymaga zdjęć lub wizji lokalnej);;;;;;Podstawy online OK;;"witryna/szyld, odzież dla personelu (do sprawdzenia na miejscu; oferta zależy od branży)";nie kontaktowano;OpenStreetMap (shop=bicycle, node/2899060778);2026-10-10
Sklepy lokalne;C;2;Krekels verf;Bladel;Sniederslaan 45 5531EH;https://www.krekelsverf.nl;OK;tak;tak;2025;WordPress;Facebook, Instagram, YouTube;NIEUSTALONE (wymaga zdjęć lub wizji lokalnej);;;;;;Podstawy online OK;;"witryna/szyld, odzież dla personelu (do sprawdzenia na miejscu; oferta zależy od branży)";nie kontaktowano;OpenStreetMap (shop=paint, node/2827065768);2026-10-10
Sklepy lokalne;C;2;Kvik;Nuenen;Duivendijk 8 5672AD;https://www.kvik.nl/winkel-zoeken/kvik-eindhoven-nuenen;OK;tak;tak;2026;;;NIEUSTALONE (wymaga zdjęć lub wizji lokalnej);"rekrutuje; nowa lokalizacja; sklep online";;;;tak;Częściowe braki;nie znaleziono social media na stronie;"materiały do social media; witryna/szyld, odzież dla personelu (do sprawdzenia na miejscu; oferta zależy od branży); odzież/oklejenie dla nowych ludzi i aut; oznakowanie nowej lokalizacji / start marki";nie kontaktowano;OpenStreetMap (shop=kitchen, node/12326016126);2026-10-10
Sklepy lokalne;C;2;Kwekerij van der Linden;Helmond;Ganzewinkel 10 5706LK;https://www.kwekerijvanderlinden.nl;OK;tak;tak;2026;WordPress;Facebook, Instagram;NIEUSTALONE (wymaga zdjęć lub wizji lokalnej);;;;;;Podstawy online OK;;"witryna/szyld, odzież dla personelu (do sprawdzenia na miejscu; oferta zależy od branży)";nie kontaktowano;OpenStreetMap (shop=garden_centre, node/2901649675);2026-10-10
Sklepy lokalne;C;2;La Semolina;;;https://www.semolina.nl/;OK;tak;tak;;;Facebook;NIEUSTALONE (wymaga zdjęć lub wizji lokalnej);;;;;;Podstawy online OK;;"witryna/szyld, odzież dla personelu (do sprawdzenia na miejscu; oferta zależy od branży)";nie kontaktowano;OpenStreetMap (shop=deli, node/10801877354);2026-10-10
Sklepy lokalne;C;2;Lay3rs 3dprinting;Best;de Dieze 28 5684PT;https://www.lay3rs.nl;OK;tak;tak;;WordPress;Facebook, Instagram, LinkedIn;NIEUSTALONE (wymaga zdjęć lub wizji lokalnej);;;;;;Podstawy online OK;;"witryna/szyld, odzież dla personelu (do sprawdzenia na miejscu; oferta zależy od branży)";nie kontaktowano;OpenStreetMap (shop=electrical, node/2736280726);2026-10-10
Sklepy lokalne;C;2;Lekkernij;Nuenen;Parkhof 12 5671EX;https://lekkernijbongers.nl;OK;tak;tak;2026;WordPress;Facebook, Instagram;NIEUSTALONE (wymaga zdjęć lub wizji lokalnej);;;;;;Podstawy online OK;;"witryna/szyld, odzież dla personelu (do sprawdzenia na miejscu; oferta zależy od branży)";nie kontaktowano;OpenStreetMap (shop=cheese, node/2993009238);2026-10-10
Sklepy lokalne;C;2;Lelieveld;Eindhoven;Gestelsestraat 122 5615LJ;https://www.slagerijlelieveldeindhoven.nl;OK;tak;tak;;WordPress;Facebook;NIEUSTALONE (wymaga zdjęć lub wizji lokalnej);;;;;;Podstawy online OK;;"witryna/szyld, odzież dla personelu (do sprawdzenia na miejscu; oferta zależy od branży)";nie kontaktowano;OpenStreetMap (shop=butcher, node/2748414408);2026-10-10
Sklepy lokalne;C;2;Louwers Fietsen;Oost West en Middelbeers;Doornboomstraat 17 5091CA;https://www.louwersfietsen.nl/;OK;tak;tak;;;Facebook;NIEUSTALONE (wymaga zdjęć lub wizji lokalnej);;;;;;Podstawy online OK;;"witryna/szyld, odzież dla personelu (do sprawdzenia na miejscu; oferta zależy od branży)";nie kontaktowano;OpenStreetMap (shop=bicycle, node/2825994815);2026-10-10
Sklepy lokalne;C;2;Mari van Boven;Helmond;Rakthof 1A 5709EK;https://www.marivanbovenfietsen.nl;OK;tak;tak;2026;;Facebook, Instagram;NIEUSTALONE (wymaga zdjęć lub wizji lokalnej);;;;;;Podstawy online OK;;"witryna/szyld, odzież dla personelu (do sprawdzenia na miejscu; oferta zależy od branży)";nie kontaktowano;OpenStreetMap (shop=bicycle, node/2159396163);2026-10-10
Sklepy lokalne;C;2;MAX Badkamers showroom Best;Best;Oirschotseweg 14 5684NJ;https://www.maxbadkamers.nl/;OK;tak;tak;;;Facebook, Instagram, YouTube;NIEUSTALONE (wymaga zdjęć lub wizji lokalnej);;;;;;Podstawy online OK;;"witryna/szyld, odzież dla personelu (do sprawdzenia na miejscu; oferta zależy od branży)";nie kontaktowano;OpenStreetMap (shop=bathroom_furnishing, node/3413527758);2026-10-10
Sklepy lokalne;C;2;MB Bouwstoffen;Mierlo;Ambachtweg 35 5731AE;https://www.mbbouwstoffen.nl/;NIEUSTALONE (brak połączenia z mojego środowiska);;;;;;NIEUSTALONE (wymaga zdjęć lub wizji lokalnej);;;;;;Nieustalone;;"witryna/szyld, odzież dla personelu (do sprawdzenia na miejscu; oferta zależy od branży)";nie kontaktowano;OpenStreetMap (shop=trade, node/2876288468);2026-10-10
Sklepy lokalne;C;2;Natuurlijk van der Leest;Mierlo;Dorpsstraat 170 5731JL;https://www.natuurlijkvanderleest.nl/;OK;tak;tak;2026;WordPress;Facebook;NIEUSTALONE (wymaga zdjęć lub wizji lokalnej);;;;;;Podstawy online OK;;"witryna/szyld, odzież dla personelu (do sprawdzenia na miejscu; oferta zależy od branży)";nie kontaktowano;OpenStreetMap (shop=greengrocer, node/2876613362);2026-10-10
Sklepy lokalne;C;2;Pasmans;Eindhoven;Gestelsestraat 2A 5615LE;https://www.bloemisterijpasmans.nl;OK;tak;tak;;;Facebook, Instagram;NIEUSTALONE (wymaga zdjęć lub wizji lokalnej);;;;;;Podstawy online OK;;"witryna/szyld, odzież dla personelu (do sprawdzenia na miejscu; oferta zależy od branży)";nie kontaktowano;OpenStreetMap (shop=florist, node/2748518569);2026-10-10
Sklepy lokalne;C;2;Paul's Boutique BMX Store;Aarle-Rixtel;Dorpsstraat 66a 5735EE;https://paulsboutique.nl;OK;tak;tak;;;Facebook, Instagram;NIEUSTALONE (wymaga zdjęć lub wizji lokalnej);;;;;;Podstawy online OK;;"witryna/szyld, odzież dla personelu (do sprawdzenia na miejscu; oferta zależy od branży)";nie kontaktowano;OpenStreetMap (shop=bicycle, node/2901025180);2026-10-10
Sklepy lokalne;C;2;Peter Hoevenaars;Veldhoven;Burgemeester van Hooffln 65 5503BK;https://www.peterhoevenaars.nl/;OK;tak;tak;2022;WordPress;Facebook, Instagram;NIEUSTALONE (wymaga zdjęć lub wizji lokalnej);;;;;;Podstawy online OK;;"witryna/szyld, odzież dla personelu (do sprawdzenia na miejscu; oferta zależy od branży)";nie kontaktowano;OpenStreetMap (shop=paint, node/2832700829);2026-10-10
Sklepy lokalne;C;2;Pinkie;Eindhoven;Stratumsedijk 6 5611ND;https://pinkiepatisserie.nl;NIEUSTALONE (brak połączenia z mojego środowiska);;;;;;NIEUSTALONE (wymaga zdjęć lub wizji lokalnej);;;;;;Nieustalone;;"witryna/szyld, odzież dla personelu (do sprawdzenia na miejscu; oferta zależy od branży)";nie kontaktowano;OpenStreetMap (shop=bakery, node/2759558640);2026-10-10
Sklepy lokalne;C;2;Pluk bloemen;Best;Wilhelminaplein 16 5684VL;https://www.gieltunsbloemist.nl/;NIEUSTALONE (brak połączenia z mojego środowiska);;;;;;NIEUSTALONE (wymaga zdjęć lub wizji lokalnej);;;;;;Nieustalone;;"witryna/szyld, odzież dla personelu (do sprawdzenia na miejscu; oferta zależy od branży)";nie kontaktowano;OpenStreetMap (shop=florist, node/2736327839);2026-10-10
Sklepy lokalne;C;2;Pluktuin 't Voortje;Mierlo;Voortje 55 5731PP;http://www.pluktuinmierlo.nl/;OK;tak;tak;2026;WordPress;Facebook;NIEUSTALONE (wymaga zdjęć lub wizji lokalnej);;;;;;Podstawy online OK;;"witryna/szyld, odzież dla personelu (do sprawdzenia na miejscu; oferta zależy od branży)";nie kontaktowano;OpenStreetMap (shop=florist, node/2876742393);2026-10-10
Sklepy lokalne;C;2;Prinsen Tools & Techniek;Veldhoven;Kromstraat 37 5504BA;https://www.prinsenveldhoven.nl;OK;tak;tak;;WordPress;Facebook;NIEUSTALONE (wymaga zdjęć lub wizji lokalnej);;;;;;Podstawy online OK;;"witryna/szyld, odzież dla personelu (do sprawdzenia na miejscu; oferta zależy od branży)";nie kontaktowano;OpenStreetMap (shop=doityourself, node/2832333224);2026-10-10
Sklepy lokalne;C;2;Profile Valkenswaard;Valkenswaard;Eindhovenseweg 112 5552AD;https://www.profiledefietsspecialist.nl/fietsenwinkel/profile-valkenswaard-de-fietsspecialist;BŁĄD STRONY (do potwierdzenia);;;;;Facebook, Instagram, YouTube;NIEUSTALONE (wymaga zdjęć lub wizji lokalnej);"rekrutuje; sklep online";;;;tak;Duże braki online;strona zwróciła błąd (do potwierdzenia);"nowa/naprawiona strona; witryna/szyld, odzież dla personelu (do sprawdzenia na miejscu; oferta zależy od branży); odzież/oklejenie dla nowych ludzi i aut";nie kontaktowano;OpenStreetMap (shop=bicycle, node/2829223118);2026-10-10
Sklepy lokalne;C;2;Riny van Kessel Groente & Fruit;Nuenen;Parkstraat 12 5671GG;https://www.rinyvankessel.nl/;OK;tak;tak;2026;;Facebook;NIEUSTALONE (wymaga zdjęć lub wizji lokalnej);;;;;;Podstawy online OK;;"witryna/szyld, odzież dla personelu (do sprawdzenia na miejscu; oferta zależy od branży)";nie kontaktowano;OpenStreetMap (shop=greengrocer, node/61774324);2026-10-10
Sklepy lokalne;C;2;Romonesco Slagerij-traiteur;Helmond;Nieuwveld 21A 5702HW;https://www.romonesco.com/;OK;tak;tak;;WordPress;Facebook, Instagram;NIEUSTALONE (wymaga zdjęć lub wizji lokalnej);;;;;;Podstawy online OK;;"witryna/szyld, odzież dla personelu (do sprawdzenia na miejscu; oferta zależy od branży)";nie kontaktowano;OpenStreetMap (shop=butcher, node/2903263703);2026-10-10
Sklepy lokalne;C;2;Ronnie van Os;Helmond;Hoofdstraat 148 5706AN;https://www.slagerijronnievanos.nl/;NIEUSTALONE (brak połączenia z mojego środowiska);;;;;;NIEUSTALONE (wymaga zdjęć lub wizji lokalnej);;;;;;Nieustalone;;"witryna/szyld, odzież dla personelu (do sprawdzenia na miejscu; oferta zależy od branży)";nie kontaktowano;OpenStreetMap (shop=butcher, node/2901555292);2026-10-10
Sklepy lokalne;C;2;Rooijackers;Gemert;Haageijk 12 5421KW;https://www.rooijackers-gemert.nl;OK;tak;tak;;;Facebook, Instagram;NIEUSTALONE (wymaga zdjęć lub wizji lokalnej);;;;;;Podstawy online OK;;"witryna/szyld, odzież dla personelu (do sprawdzenia na miejscu; oferta zależy od branży)";nie kontaktowano;OpenStreetMap (shop=furniture, node/3005539643);2026-10-10
Sklepy lokalne;C;2;Scheepers Interieur;Eindhoven;Schootsestraat 89 5616RC;https://www.scheepersinterieur.nl;OK;tak;tak;2026;Wix;Facebook, Instagram;NIEUSTALONE (wymaga zdjęć lub wizji lokalnej);;;;;;Podstawy online OK;;"witryna/szyld, odzież dla personelu (do sprawdzenia na miejscu; oferta zależy od branży)";nie kontaktowano;OpenStreetMap (shop=interior_decoration, node/2754887825);2026-10-10
Sklepy lokalne;C;2;Seelen;Geldrop;Winkelcentrum Coevering 12 5665GA;https://www.slagerijseelen.nl/;NIEUSTALONE (blokada robotów);;;;;;NIEUSTALONE (wymaga zdjęć lub wizji lokalnej);;;;;;Nieustalone;;"witryna/szyld, odzież dla personelu (do sprawdzenia na miejscu; oferta zależy od branży)";nie kontaktowano;OpenStreetMap (shop=butcher, node/4523185993);2026-10-10
Sklepy lokalne;C;2;Seringe;Helmond;de Plaetse 89 5708ZK;https://www.seringe.nl;OK;tak;tak;2026;;Facebook, Instagram;NIEUSTALONE (wymaga zdjęć lub wizji lokalnej);;;;;;Podstawy online OK;;"witryna/szyld, odzież dla personelu (do sprawdzenia na miejscu; oferta zależy od branży)";nie kontaktowano;OpenStreetMap (shop=florist, node/2885726954);2026-10-10
Sklepy lokalne;C;2;SGS Fietsen;Eindhoven;Ouverture 220 5629PX;https://www.sgsfietsen.nl;OK;tak;tak;2026;;Facebook, Instagram;NIEUSTALONE (wymaga zdjęć lub wizji lokalnej);;;;;;Podstawy online OK;;"witryna/szyld, odzież dla personelu (do sprawdzenia na miejscu; oferta zależy od branży)";nie kontaktowano;OpenStreetMap (shop=bicycle, node/2739551299);2026-10-10
Sklepy lokalne;C;2;Sjerp;Eindhoven;Winkelcentrum Woensel 312 5625AG;https://www.woensxl.nl/winkels/winkel/sjerp-bloemen-en-planten/;OK;tak;tak;2022;WordPress;Facebook, Instagram, YouTube;NIEUSTALONE (wymaga zdjęć lub wizji lokalnej);;;;;;Podstawy online OK;;"witryna/szyld, odzież dla personelu (do sprawdzenia na miejscu; oferta zależy od branży)";nie kontaktowano;OpenStreetMap (shop=florist, node/2751969747) + wyszukiwarka;2026-10-10
Sklepy lokalne;C;2;Slaapstudio Eindhoven;Eindhoven;Tenierslaan 7 5613DZ;https://slaapstudio-eindhoven.nl/showroom;OK;tak;tak;2026;WordPress;Facebook;NIEUSTALONE (wymaga zdjęć lub wizji lokalnej);;;;;;Podstawy online OK;;"witryna/szyld, odzież dla personelu (do sprawdzenia na miejscu; oferta zależy od branży)";nie kontaktowano;OpenStreetMap (shop=bed, node/2761870951);2026-10-10
Sklepy lokalne;C;2;Slagerij G. Welten;Bakel;Schoolstraat 23 5761BV;https://www.slagerijwelten.nl/;OK;tak;tak;;WordPress;Facebook;NIEUSTALONE (wymaga zdjęć lub wizji lokalnej);;;;;;Podstawy online OK;;"witryna/szyld, odzież dla personelu (do sprawdzenia na miejscu; oferta zależy od branży)";nie kontaktowano;OpenStreetMap (shop=butcher, node/3014828654);2026-10-10
Sklepy lokalne;C;2;Slagerij Hegeman;Aarle-Rixtel;Dorpsstraat 36 5735EE;https://www.slagerijhegeman.nl;NIEUSTALONE (blokada robotów);;;;;;NIEUSTALONE (wymaga zdjęć lub wizji lokalnej);;;;;;Nieustalone;;"witryna/szyld, odzież dla personelu (do sprawdzenia na miejscu; oferta zależy od branży)";nie kontaktowano;OpenStreetMap (shop=butcher, node/2901024167);2026-10-10
Sklepy lokalne;C;2;Snijders Woonstyle;Gemert;Haageijk 4 5421KW;https://www.snijderswoonstyle.nl;OK;tak;tak;2026;WordPress;Facebook, Instagram;NIEUSTALONE (wymaga zdjęć lub wizji lokalnej);;;;;;Podstawy online OK;;"witryna/szyld, odzież dla personelu (do sprawdzenia na miejscu; oferta zależy od branży)";nie kontaktowano;OpenStreetMap (shop=interior_decoration, node/3005548423);2026-10-10
Sklepy lokalne;C;2;Sonnemans;Someren;Witvrouwenbergweg 13 5711CN;https://www.sonnemans.nl/;OK;tak;tak;2026;WordPress;YouTube, Facebook, Instagram;NIEUSTALONE (wymaga zdjęć lub wizji lokalnej);;;;;;Podstawy online OK;;"witryna/szyld, odzież dla personelu (do sprawdzenia na miejscu; oferta zależy od branży)";nie kontaktowano;OpenStreetMap (shop=bed, node/2852568657);2026-10-10
Sklepy lokalne;C;2;Sourmate;Eindhoven;Edisonstraat 99 5621HL;https://www.sourmate.nl/;OK;tak;tak;2024;Wix;Instagram;NIEUSTALONE (wymaga zdjęć lub wizji lokalnej);;;;;;Podstawy online OK;;"witryna/szyld, odzież dla personelu (do sprawdzenia na miejscu; oferta zależy od branży)";nie kontaktowano;OpenStreetMap (shop=bakery, node/2780314851);2026-10-10
Sklepy lokalne;C;2;Swapfiets Eindhoven;Eindhoven;Stratumsedijk 34A 5611NE;https://help.swapfiets.com/nl/eindhoven;OK;tak;tak;2025;;Facebook, Instagram;NIEUSTALONE (wymaga zdjęć lub wizji lokalnej);;;;;;Podstawy online OK;;"witryna/szyld, odzież dla personelu (do sprawdzenia na miejscu; oferta zależy od branży)";nie kontaktowano;OpenStreetMap (shop=bicycle, node/4746496193);2026-10-10
Sklepy lokalne;C;2;Sweet Surprise;Nuenen;Berg 5 5671CA;https://www.sweetsurprisenuenen.nl/;OK;tak;tak;2026;;Facebook, Instagram;NIEUSTALONE (wymaga zdjęć lub wizji lokalnej);;;;;;Podstawy online OK;;"witryna/szyld, odzież dla personelu (do sprawdzenia na miejscu; oferta zależy od branży)";nie kontaktowano;OpenStreetMap (shop=confectionery, node/2993828482);2026-10-10
Sklepy lokalne;C;2;Tegels & Sanitair de Kempen;Hapert;Kerkstraat 12 5527EG;https://sanitairdekempen.nl/;OK;tak;tak;;WordPress;Facebook, Instagram, LinkedIn;NIEUSTALONE (wymaga zdjęć lub wizji lokalnej);;;;;;Podstawy online OK;;"witryna/szyld, odzież dla personelu (do sprawdzenia na miejscu; oferta zależy od branży)";nie kontaktowano;OpenStreetMap (shop=bathroom_furnishing, node/2827397084);2026-10-10
Sklepy lokalne;C;2;Terra Life;Eindhoven;Willemstraat 4 5611HD;https://www.terralife.nl;OK;tak;tak;2022;WordPress;Facebook, Instagram;NIEUSTALONE (wymaga zdjęć lub wizji lokalnej);;;;;;Podstawy online OK;;"witryna/szyld, odzież dla personelu (do sprawdzenia na miejscu; oferta zależy od branży)";nie kontaktowano;OpenStreetMap (shop=greengrocer, node/2764500357);2026-10-10
Sklepy lokalne;C;2;Tweewielermonteur;Eindhoven;Kastelenplein 66 5653LP;https://www.tweewielermonteur.nl;OK;tak;tak;2026;;Facebook, Instagram;NIEUSTALONE (wymaga zdjęć lub wizji lokalnej);;;;;;Podstawy online OK;;"witryna/szyld, odzież dla personelu (do sprawdzenia na miejscu; oferta zależy od branży)";nie kontaktowano;OpenStreetMap (shop=bicycle, node/2712402674);2026-10-10
Sklepy lokalne;C;2;V.O.F. Peeters Tweewielers;Maarheeze;Stationsstraat 37 6026CS;https://www.peeterstweewielers.nl/;OK;tak;tak;;;Facebook;NIEUSTALONE (wymaga zdjęć lub wizji lokalnej);;;;;;Podstawy online OK;;"witryna/szyld, odzież dla personelu (do sprawdzenia na miejscu; oferta zależy od branży)";nie kontaktowano;OpenStreetMap (shop=bicycle, node/2839390511);2026-10-10
Sklepy lokalne;C;2;Van Eeten Woninginrichting;Oost West en Middelbeers;Willibrordstraat 6 5091CD;https://www.vaneetenwoninginrichting.nl/;NIEUSTALONE (brak połączenia z mojego środowiska);;;;;;NIEUSTALONE (wymaga zdjęć lub wizji lokalnej);;;;;;Nieustalone;;"witryna/szyld, odzież dla personelu (do sprawdzenia na miejscu; oferta zależy od branży)";nie kontaktowano;OpenStreetMap (shop=furniture, node/2825997553);2026-10-10
Sklepy lokalne;C;2;Van Herk fietsen Veldhoven;Veldhoven;Provincialeweg 1C 5503HA;https://www.vanherkfietsen.nl/;OK;tak;tak;;;Facebook;NIEUSTALONE (wymaga zdjęć lub wizji lokalnej);;;;;;Podstawy online OK;;"witryna/szyld, odzież dla personelu (do sprawdzenia na miejscu; oferta zależy od branży)";nie kontaktowano;OpenStreetMap (shop=bicycle, node/2833217904);2026-10-10
Sklepy lokalne;C;2;Verbakel Tweewielers;Aarle-Rixtel;Lieshoutseweg 12 5735BD;http://www.verbakeltweewielers.nl;NIEUSTALONE (brak połączenia z mojego środowiska);;;;;;NIEUSTALONE (wymaga zdjęć lub wizji lokalnej);;;;;;Nieustalone;;"witryna/szyld, odzież dla personelu (do sprawdzenia na miejscu; oferta zależy od branży)";nie kontaktowano;OpenStreetMap (shop=bicycle, node/2901234209);2026-10-10
Sklepy lokalne;C;2;Vijvercentrum Ekkersrijt;Son en Breugel;Ekkersrijt 7418 5692HK;https://www.beest.nl/;NIEUSTALONE (brak połączenia z mojego środowiska);;;;;;NIEUSTALONE (wymaga zdjęć lub wizji lokalnej);;;;;;Nieustalone;;"witryna/szyld, odzież dla personelu (do sprawdzenia na miejscu; oferta zależy od branży)";nie kontaktowano;OpenStreetMap (shop=pet, node/2785223779);2026-10-10
Sklepy lokalne;C;2;Woonderland;Helmond;de Plaetse 89A 5708ZK;https://www.woonderland.nl;OK;tak;tak;;;Facebook, Instagram;NIEUSTALONE (wymaga zdjęć lub wizji lokalnej);;;;;;Podstawy online OK;;"witryna/szyld, odzież dla personelu (do sprawdzenia na miejscu; oferta zależy od branży)";nie kontaktowano;OpenStreetMap (shop=interior_decoration, node/2885726955);2026-10-10
Sklepy lokalne;C;2;Woonzy Living;Bladel;Sniederslaan 39 5531EG;https://www.woonzyliving.nl/;OK;tak;tak;;;Facebook, Instagram;NIEUSTALONE (wymaga zdjęć lub wizji lokalnej);;;;;;Podstawy online OK;;"witryna/szyld, odzież dla personelu (do sprawdzenia na miejscu; oferta zależy od branży)";nie kontaktowano;OpenStreetMap (shop=interior_decoration, node/2827064570);2026-10-10
Sklepy lokalne;C;2;WTC/e Brainport Community;Eindhoven;Luchthavenweg 59 5657EA;https://wtce.nl;OK;tak;tak;;;Facebook, Instagram, LinkedIn, TikTok, YouTube;NIEUSTALONE (wymaga zdjęć lub wizji lokalnej);;;;;;Podstawy online OK;;"witryna/szyld, odzież dla personelu (do sprawdzenia na miejscu; oferta zależy od branży)";nie kontaktowano;OpenStreetMap (shop=trade, node/4695966615);2026-10-10
Sklepy lokalne;C;1;Godfried de Vocht De Echte Bakker;Best;Hoofdstraat 39 5683AC;https://bakkerijdevocht.nl/winkels/hoofdstraat-best/;PRZESTARZAŁA;tak;tak;2020;WordPress;Facebook, Instagram;NIEUSTALONE (wymaga zdjęć lub wizji lokalnej);rekrutuje;;;;tak;Częściowe braki;przestarzała strona (stopka 2020);"nowa strona (mobile, HTTPS); witryna/szyld, odzież dla personelu (do sprawdzenia na miejscu; oferta zależy od branży); odzież/oklejenie dla nowych ludzi i aut";nie kontaktowano;OpenStreetMap (shop=bakery, node/1348044165) + wyszukiwarka + wyszukiwarka + wyszukiwarka + wyszukiwarka + wyszukiwarka + wyszukiwarka + wyszukiwarka + wyszukiwarka + wyszukiwarka + wyszukiwarka + wyszukiwarka + wyszukiwarka + wyszukiwarka + wyszukiwarka + wyszukiwarka + wyszukiwarka + wyszukiwarka + wyszukiwarka;2026-10-10
Sklepy lokalne;C;1;KeukenDiscounters;Son en Breugel;Ekkersrijt 4111 5692DD;https://keukendiscounters.nl/keukenwinkel-eindhoven;PRZESTARZAŁA;tak;tak;2015;WordPress;Facebook, Instagram, TikTok;NIEUSTALONE (wymaga zdjęć lub wizji lokalnej);rekrutuje;;;;tak;Częściowe braki;przestarzała strona (stopka 2015);"nowa strona (mobile, HTTPS); witryna/szyld, odzież dla personelu (do sprawdzenia na miejscu; oferta zależy od branży); odzież/oklejenie dla nowych ludzi i aut";nie kontaktowano;OpenStreetMap (shop=kitchen, node/2785223007);2026-10-10
Sklepy lokalne;C;1;Keukenstunter;Son en Breugel;Ekkersrijt 4032 5692DA;https://www.keukenstunter.com/winkels/keukenstunter-eindhoven/;PRZESTARZAŁA;tak;nie;;;;NIEUSTALONE (wymaga zdjęć lub wizji lokalnej);;;;;tak;Częściowe braki;"przestarzała strona (nie na telefon); nie znaleziono social media na stronie";"nowa strona (mobile, HTTPS); materiały do social media; witryna/szyld, odzież dla personelu (do sprawdzenia na miejscu; oferta zależy od branży)";nie kontaktowano;OpenStreetMap (shop=kitchen, node/2785222956);2026-10-10
Sklepy lokalne;C;1;Meubelzorg;Geldrop;Sint Jozefplein 29 5666RM;https://meubelzorg.nl/winkel-geldrop/;BŁĄD STRONY (do potwierdzenia);;;;;;NIEUSTALONE (wymaga zdjęć lub wizji lokalnej);rekrutuje;;;;tak;Duże braki online;strona zwróciła błąd (do potwierdzenia);"nowa/naprawiona strona; witryna/szyld, odzież dla personelu (do sprawdzenia na miejscu; oferta zależy od branży); odzież/oklejenie dla nowych ludzi i aut";nie kontaktowano;OpenStreetMap (shop=furniture, node/2874920253);2026-10-10
Sklepy lokalne;C;1;Sanistunter;Son en Breugel;Ekkersrijt 4032 5692DA;https://www.sanistunter.com/winkels/sanistunter-eindhoven/;PRZESTARZAŁA;tak;nie;;;;NIEUSTALONE (wymaga zdjęć lub wizji lokalnej);;;;;tak;Częściowe braki;"przestarzała strona (nie na telefon); nie znaleziono social media na stronie";"nowa strona (mobile, HTTPS); materiały do social media; witryna/szyld, odzież dla personelu (do sprawdzenia na miejscu; oferta zależy od branży)";nie kontaktowano;OpenStreetMap (shop=bathroom_furnishing, node/12512131057);2026-10-10
Sklepy lokalne;C;0;Auping;Eindhoven;Aalsterweg 64 5615CH;https://www.auping.com/nl/stores/auping-store-eindhoven;OK;tak;tak;;;Facebook, Instagram;NIEUSTALONE (wymaga zdjęć lub wizji lokalnej);"rekrutuje; sklep online";;;;tak;Podstawy online OK;;"witryna/szyld, odzież dla personelu (do sprawdzenia na miejscu; oferta zależy od branży); odzież/oklejenie dla nowych ludzi i aut";nie kontaktowano;OpenStreetMap (shop=bed, node/2755104063) + wyszukiwarka;2026-10-10
Sklepy lokalne;C;0;Baenks;Helmond;Engelseweg 150 5705AJ;https://www.baenks.nl/brandstores/helmond;OK;tak;tak;;;Facebook, Instagram;NIEUSTALONE (wymaga zdjęć lub wizji lokalnej);"rekrutuje; sklep online";;;;tak;Podstawy online OK;;"witryna/szyld, odzież dla personelu (do sprawdzenia na miejscu; oferta zależy od branży); odzież/oklejenie dla nowych ludzi i aut";nie kontaktowano;OpenStreetMap (shop=furniture, node/2902557563);2026-10-10
Sklepy lokalne;C;0;Bakker Bart;Best;Boterhoek 153 5683AZ;https://www.bakkerbart.nl/vestigingen/bestellen-bij-bakker-bart-best;OK;tak;tak;;;Facebook, Instagram, LinkedIn, TikTok, YouTube;NIEUSTALONE (wymaga zdjęć lub wizji lokalnej);"rekrutuje; sklep online";;;;tak;Podstawy online OK;;"witryna/szyld, odzież dla personelu (do sprawdzenia na miejscu; oferta zależy od branży); odzież/oklejenie dla nowych ludzi i aut";nie kontaktowano;OpenStreetMap (shop=bakery, node/2723936183) + wyszukiwarka + wyszukiwarka + wyszukiwarka;2026-10-10
Sklepy lokalne;C;0;Bakkerij van Heeswijk;Veldhoven;Pleintjes 131 5501EG;https://bakkerijvanheeswijk.nl/onze-winkels/veldhoven;OK;tak;tak;2026;WordPress;Facebook, Instagram, YouTube;NIEUSTALONE (wymaga zdjęć lub wizji lokalnej);"rekrutuje; sklep online";;;;tak;Podstawy online OK;;"witryna/szyld, odzież dla personelu (do sprawdzenia na miejscu; oferta zależy od branży); odzież/oklejenie dla nowych ludzi i aut";nie kontaktowano;OpenStreetMap (shop=bakery, node/1834102898) + wyszukiwarka + wyszukiwarka + wyszukiwarka + wyszukiwarka + wyszukiwarka + wyszukiwarka + wyszukiwarka;2026-10-10
Sklepy lokalne;C;0;Bike Totaal De Smed;Bergeijk;Hof 36a 5571CC;https://www.desmedbergeijk.nl;OK;tak;tak;;;Facebook, Instagram, YouTube;NIEUSTALONE (wymaga zdjęć lub wizji lokalnej);"rekrutuje; sklep online";;;;tak;Podstawy online OK;;"witryna/szyld, odzież dla personelu (do sprawdzenia na miejscu; oferta zależy od branży); odzież/oklejenie dla nowych ludzi i aut";nie kontaktowano;OpenStreetMap (shop=bicycle, node/2828719268);2026-10-10
Sklepy lokalne;C;0;Boerenbond;Veldhoven;Eindhovensebaan 1 5505JA;https://www.petsplace.nl/winkelzoeker-veldhoven-eindhovensebaan-1;OK;tak;tak;2026;;Facebook, Instagram, TikTok, YouTube;NIEUSTALONE (wymaga zdjęć lub wizji lokalnej);"rekrutuje; sklep online";;;;tak;Podstawy online OK;;"witryna/szyld, odzież dla personelu (do sprawdzenia na miejscu; oferta zależy od branży); odzież/oklejenie dla nowych ludzi i aut";nie kontaktowano;OpenStreetMap (shop=garden_centre, node/1737569385) + wyszukiwarka + wyszukiwarka + wyszukiwarka + wyszukiwarka + wyszukiwarka + wyszukiwarka + wyszukiwarka;2026-10-10
Sklepy lokalne;C;0;De Kaasstolp;Best;Boterhoek 79 5683AX;https://www.dekaasstolp-winkels.nl;OK;tak;tak;2026;;;NIEUSTALONE (wymaga zdjęć lub wizji lokalnej);rekrutuje;;;;tak;Częściowe braki;nie znaleziono social media na stronie;"materiały do social media; witryna/szyld, odzież dla personelu (do sprawdzenia na miejscu; oferta zależy od branży); odzież/oklejenie dla nowych ludzi i aut";nie kontaktowano;OpenStreetMap (shop=cheese, node/2723938330);2026-10-10
Sklepy lokalne;C;0;DFM Bloemen & Planten;Son en Breugel;17 Septemberplein 9b 5691DG;https://www.dfmbloemen-planten.nl/vestigingen/son-en-breugel/;BŁĄD STRONY (do potwierdzenia);;;;;;NIEUSTALONE (wymaga zdjęć lub wizji lokalnej);;;;;tak;Duże braki online;strona zwróciła błąd (do potwierdzenia);"nowa/naprawiona strona; witryna/szyld, odzież dla personelu (do sprawdzenia na miejscu; oferta zależy od branży)";nie kontaktowano;OpenStreetMap (shop=florist, node/6593344243);2026-10-10
Sklepy lokalne;C;0;Gastrovino Girasole;Nuenen;Berg 1 5671CA;https://www.gastrovinogirasole.nl/;OK;tak;tak;2026;Shopify;Instagram;NIEUSTALONE (wymaga zdjęć lub wizji lokalnej);"rekrutuje; sklep online";;;;tak;Podstawy online OK;;"witryna/szyld, odzież dla personelu (do sprawdzenia na miejscu; oferta zależy od branży); odzież/oklejenie dla nowych ludzi i aut";nie kontaktowano;OpenStreetMap (shop=deli, node/2993827347);2026-10-10
Sklepy lokalne;C;0;Hubo;Oirschot;Haven 5 5688DR;https://www.hubo.nl/oirschot;OK;tak;tak;2026;Shopify;Facebook, Instagram, LinkedIn, TikTok, YouTube;NIEUSTALONE (wymaga zdjęć lub wizji lokalnej);"rekrutuje; sklep online";;;;tak;Podstawy online OK;;"witryna/szyld, odzież dla personelu (do sprawdzenia na miejscu; oferta zależy od branży); odzież/oklejenie dla nowych ludzi i aut";nie kontaktowano;OpenStreetMap (shop=doityourself, node/2825835991) + wyszukiwarka + wyszukiwarka;2026-10-10
Sklepy lokalne;C;0;Jos van Baars keurslager;Mierlo;Margrietstraat 57 5731BN;https://vanbaarsmierlo.keurslager.nl/;OK;tak;tak;;;;NIEUSTALONE (wymaga zdjęć lub wizji lokalnej);rekrutuje;;;;tak;Częściowe braki;nie znaleziono social media na stronie;"materiały do social media; witryna/szyld, odzież dla personelu (do sprawdzenia na miejscu; oferta zależy od branży); odzież/oklejenie dla nowych ludzi i aut";nie kontaktowano;OpenStreetMap (shop=butcher, node/4166562702);2026-10-10
Sklepy lokalne;C;0;JYSK;Eindhoven;Kanaaldijk-Noord 3B 5613DH;https://jysk.nl/winkels/eindhoven/kanaaldijk-noord;OK;tak;tak;;;Facebook, Instagram, LinkedIn, TikTok, YouTube;NIEUSTALONE (wymaga zdjęć lub wizji lokalnej);"rekrutuje; sklep online";;;;tak;Podstawy online OK;;"witryna/szyld, odzież dla personelu (do sprawdzenia na miejscu; oferta zależy od branży); odzież/oklejenie dla nowych ludzi i aut";nie kontaktowano;OpenStreetMap (shop=furniture, node/2761870787) + wyszukiwarka + wyszukiwarka;2026-10-10
Sklepy lokalne;C;0;LaminaatenParket.nl;Eindhoven;Ruysdaelbaan 9B 5613DX;https://www.laminaatenparket.nl/pages/winkels/eindhoven;OK;tak;tak;2026;WordPress;Facebook, Instagram, LinkedIn, TikTok, YouTube;NIEUSTALONE (wymaga zdjęć lub wizji lokalnej);"rekrutuje; sklep online";;;;tak;Podstawy online OK;;"witryna/szyld, odzież dla personelu (do sprawdzenia na miejscu; oferta zależy od branży); odzież/oklejenie dla nowych ludzi i aut";nie kontaktowano;OpenStreetMap (shop=flooring, node/2761871327);2026-10-10
Sklepy lokalne;C;0;Praxis;Hapert;Industrieweg 7A 5527AJ;https://www.praxis.nl/storedetail/2260/hapert;OK;tak;tak;2026;;Facebook, Instagram, TikTok, YouTube;NIEUSTALONE (wymaga zdjęć lub wizji lokalnej);"rekrutuje; sklep online";;;;tak;Podstawy online OK;;"witryna/szyld, odzież dla personelu (do sprawdzenia na miejscu; oferta zależy od branży); odzież/oklejenie dla nowych ludzi i aut";nie kontaktowano;OpenStreetMap (shop=doityourself, node/1427249089) + wyszukiwarka + wyszukiwarka + wyszukiwarka + wyszukiwarka;2026-10-10
Sklepy lokalne;C;0;Rolf Benz;Son en Breugel;Ekkersrijt 4005 5692DB;https://donjon.nl/rolf-benz/;OK;tak;tak;2026;WordPress;Facebook, Instagram, TikTok, YouTube;NIEUSTALONE (wymaga zdjęć lub wizji lokalnej);"rekrutuje; sklep online";;;;tak;Podstawy online OK;;"witryna/szyld, odzież dla personelu (do sprawdzenia na miejscu; oferta zależy od branży); odzież/oklejenie dla nowych ludzi i aut";nie kontaktowano;OpenStreetMap (shop=furniture, node/2785222885) + wyszukiwarka + wyszukiwarka + wyszukiwarka;2026-10-10
Sklepy lokalne;C;0;Tuinmeubelshop;Son en Breugel;Ekkersrijt 4088 5692DA;https://www.tuinmeubelshop.nl/tuinmeubelen-eindhoven;OK;tak;tak;;;;NIEUSTALONE (wymaga zdjęć lub wizji lokalnej);rekrutuje;;;;tak;Częściowe braki;nie znaleziono social media na stronie;"materiały do social media; witryna/szyld, odzież dla personelu (do sprawdzenia na miejscu; oferta zależy od branży); odzież/oklejenie dla nowych ludzi i aut";nie kontaktowano;OpenStreetMap (shop=furniture, node/2785222971);2026-10-10
Sklepy lokalne;C;0;Welkoop;Oost West en Middelbeers;'t Ven 1 5091BN;https://www.welkoop.nl/winkels/middelbeers;OK;tak;tak;2026;;Facebook, Instagram, TikTok, YouTube;NIEUSTALONE (wymaga zdjęć lub wizji lokalnej);"rekrutuje; sklep online";;;;tak;Podstawy online OK;;"witryna/szyld, odzież dla personelu (do sprawdzenia na miejscu; oferta zależy od branży); odzież/oklejenie dla nowych ludzi i aut";nie kontaktowano;OpenStreetMap (shop=garden_centre, node/2825889964) + wyszukiwarka + wyszukiwarka;2026-10-10
Sklepy lokalne;C;0;Zuivelhoeve;Mierlo;Margrietstraat 71 5731BN;https://winkels.zuivelhoeve.nl/mierlo/;OK;tak;tak;2026;;Facebook, Instagram;NIEUSTALONE (wymaga zdjęć lub wizji lokalnej);"rekrutuje; sklep online";;;;tak;Podstawy online OK;;"witryna/szyld, odzież dla personelu (do sprawdzenia na miejscu; oferta zależy od branży); odzież/oklejenie dla nowych ludzi i aut";nie kontaktowano;OpenStreetMap (shop=cheese, node/2876516144) + wyszukiwarka;2026-10-10
Sklepy lokalne;C;-1;'t Bakkertje;Heeze;Kapelstraat 39 5591HC;https://www.bakkertje.nl/filialen/heeze/;OK;tak;tak;2026;WordPress;Facebook, Instagram, TikTok;NIEUSTALONE (wymaga zdjęć lub wizji lokalnej);rekrutuje;;;;tak;Podstawy online OK;;"witryna/szyld, odzież dla personelu (do sprawdzenia na miejscu; oferta zależy od branży); odzież/oklejenie dla nowych ludzi i aut";nie kontaktowano;OpenStreetMap (shop=bakery, node/2340178962) + wyszukiwarka + wyszukiwarka + wyszukiwarka + wyszukiwarka + wyszukiwarka + wyszukiwarka + wyszukiwarka;2026-10-10
Sklepy lokalne;C;-1;A.P.H. Vos keurslager;Waalre;Blokvenlaan 2 5581GN;https://vos.keurslager.nl/;OK;tak;tak;;;;NIEUSTALONE (wymaga zdjęć lub wizji lokalnej);;;;;tak;Częściowe braki;nie znaleziono social media na stronie;"materiały do social media; witryna/szyld, odzież dla personelu (do sprawdzenia na miejscu; oferta zależy od branży)";nie kontaktowano;OpenStreetMap (shop=butcher, node/2931349481);2026-10-10
Sklepy lokalne;C;-1;Aabo;Eindhoven;Achtseweg Noord 12B 5651GG;https://aabo.nl/contact/vestigingen/eindhoven/;OK;tak;tak;;WordPress;Facebook, LinkedIn;NIEUSTALONE (wymaga zdjęć lub wizji lokalnej);rekrutuje;;;;tak;Podstawy online OK;;"witryna/szyld, odzież dla personelu (do sprawdzenia na miejscu; oferta zależy od branży); odzież/oklejenie dla nowych ludzi i aut";nie kontaktowano;OpenStreetMap (shop=trade, node/2737146447);2026-10-10
Sklepy lokalne;C;-1;Animal Center;Mierlo;Nijverheidsweg 1 5731HZ;https://www.animalcenter.nl/animal-center-mierlo;OK;tak;tak;2026;;Facebook, Instagram;NIEUSTALONE (wymaga zdjęć lub wizji lokalnej);rekrutuje;;;;tak;Podstawy online OK;;"witryna/szyld, odzież dla personelu (do sprawdzenia na miejscu; oferta zależy od branży); odzież/oklejenie dla nowych ludzi i aut";nie kontaktowano;OpenStreetMap (shop=pet, node/2876570644);2026-10-10
Sklepy lokalne;C;-1;Backwerk;;;;NIE ZNALEZIONO STRONY W DANYCH;;;;;;NIEUSTALONE (wymaga zdjęć lub wizji lokalnej);;;;;tak;Do sprawdzenia;strony nie ma w danych mapy (do sprawdzenia);"jeśli faktycznie brak: strona WWW; witryna/szyld, odzież dla personelu (do sprawdzenia na miejscu; oferta zależy od branży)";nie kontaktowano;OpenStreetMap (shop=bakery, node/12438452084);2026-10-10
Sklepy lokalne;C;-1;Bakker Bart;Eindhoven;Demer 21 5611AN;;NIE ZNALEZIONO STRONY W DANYCH;;;;;;NIEUSTALONE (wymaga zdjęć lub wizji lokalnej);;;;;tak;Do sprawdzenia;strony nie ma w danych mapy (do sprawdzenia);"jeśli faktycznie brak: strona WWW; witryna/szyld, odzież dla personelu (do sprawdzenia na miejscu; oferta zależy od branży)";nie kontaktowano;OpenStreetMap (shop=bakery, node/2765447406);2026-10-10
Sklepy lokalne;C;-1;Bakker Bart;;;;NIE ZNALEZIONO STRONY W DANYCH;;;;;;NIEUSTALONE (wymaga zdjęć lub wizji lokalnej);;;;;tak;Do sprawdzenia;strony nie ma w danych mapy (do sprawdzenia);"jeśli faktycznie brak: strona WWW; witryna/szyld, odzież dla personelu (do sprawdzenia na miejscu; oferta zależy od branży)";nie kontaktowano;OpenStreetMap (shop=bakery, node/11773796322);2026-10-10
Sklepy lokalne;C;-1;Bakkerij Bekkers;Nuenen;Opwettenseweg 56 5672AJ;https://bakkerijbekkers.nl;OK;tak;tak;2026;WordPress;Facebook, Instagram, LinkedIn, TikTok;NIEUSTALONE (wymaga zdjęć lub wizji lokalnej);rekrutuje;;;;tak;Podstawy online OK;;"witryna/szyld, odzież dla personelu (do sprawdzenia na miejscu; oferta zależy od branży); odzież/oklejenie dla nowych ludzi i aut";nie kontaktowano;OpenStreetMap (shop=bakery, node/61774322) + wyszukiwarka + wyszukiwarka + wyszukiwarka + wyszukiwarka + wyszukiwarka + wyszukiwarka + wyszukiwarka + wyszukiwarka;2026-10-10
Sklepy lokalne;C;-1;Bakkerij Vedder, De Echte Bakker;Heeze;Geldropseweg 110 5591ED;https://bakkerijvedder.nl;OK;tak;tak;2026;WordPress;Facebook, Instagram;NIEUSTALONE (wymaga zdjęć lub wizji lokalnej);rekrutuje;;;;tak;Podstawy online OK;;"witryna/szyld, odzież dla personelu (do sprawdzenia na miejscu; oferta zależy od branży); odzież/oklejenie dla nowych ludzi i aut";nie kontaktowano;OpenStreetMap (shop=bakery, node/2830071622) + wyszukiwarka + wyszukiwarka + wyszukiwarka + wyszukiwarka + wyszukiwarka + wyszukiwarka;2026-10-10
Sklepy lokalne;C;-1;Beter Bed;Eindhoven;Hurksestraat 46 5652AL;https://www.beterbed.nl/Winkels/noord-brabant/Eindhoven-de-Hurk;OK;tak;tak;2026;;Facebook, Instagram, YouTube;NIEUSTALONE (wymaga zdjęć lub wizji lokalnej);rekrutuje;;;;tak;Podstawy online OK;;"witryna/szyld, odzież dla personelu (do sprawdzenia na miejscu; oferta zależy od branży); odzież/oklejenie dla nowych ludzi i aut";nie kontaktowano;OpenStreetMap (shop=bed, node/445414641) + wyszukiwarka + wyszukiwarka;2026-10-10
Sklepy lokalne;C;-1;BMN Bouwmaterialen;Best;Materiaalweg 2 5681RJ;https://www.bmn.nl/vestigingen/best;OK;tak;tak;;;;NIEUSTALONE (wymaga zdjęć lub wizji lokalnej);;;;;tak;Częściowe braki;nie znaleziono social media na stronie;"materiały do social media; witryna/szyld, odzież dla personelu (do sprawdzenia na miejscu; oferta zależy od branży)";nie kontaktowano;OpenStreetMap (shop=trade, node/2732597525) + wyszukiwarka + wyszukiwarka;2026-10-10
Sklepy lokalne;C;-1;Brugman;Son en Breugel;Ekkersrijt 4024 5692DA;https://www.brugman.nl/vestigingen/son/;OK;tak;tak;2026;;Facebook, Instagram, YouTube;NIEUSTALONE (wymaga zdjęć lub wizji lokalnej);rekrutuje;;;;tak;Podstawy online OK;;"witryna/szyld, odzież dla personelu (do sprawdzenia na miejscu; oferta zależy od branży); odzież/oklejenie dla nowych ludzi i aut";nie kontaktowano;OpenStreetMap (shop=kitchen, node/2785222946);2026-10-10
Sklepy lokalne;C;-1;Bruynzeel Keukens;Son en Breugel;Ekkersrijt 4020 5692DA;https://www.bruynzeelkeukens.nl/winkels/son-meubelplein-ekkersrijt;OK;tak;tak;2026;;Facebook, Instagram, LinkedIn, YouTube;NIEUSTALONE (wymaga zdjęć lub wizji lokalnej);rekrutuje;;;;tak;Podstawy online OK;;"witryna/szyld, odzież dla personelu (do sprawdzenia na miejscu; oferta zależy od branży); odzież/oklejenie dla nowych ludzi i aut";nie kontaktowano;OpenStreetMap (shop=kitchen, node/2785222940);2026-10-10
Sklepy lokalne;C;-1;Coppelmans;Oirschot;Bestseweg 53 5688NP;https://www.coppelmans.nl/coppelmans-oirschot;OK;tak;tak;;;Facebook, Instagram, TikTok, YouTube;NIEUSTALONE (wymaga zdjęć lub wizji lokalnej);rekrutuje;;;;tak;Podstawy online OK;;"witryna/szyld, odzież dla personelu (do sprawdzenia na miejscu; oferta zależy od branży); odzież/oklejenie dla nowych ludzi i aut";nie kontaktowano;OpenStreetMap (shop=garden_centre, node/2825836019) + wyszukiwarka + wyszukiwarka + wyszukiwarka + wyszukiwarka + wyszukiwarka;2026-10-10
Sklepy lokalne;C;-1;De Arend;Eindhoven;Hurksestraat 22 5652AK;https://de-arend.nl/filialen/eindhoven/;OK;tak;tak;;WordPress;Facebook, Instagram, LinkedIn, TikTok, YouTube;NIEUSTALONE (wymaga zdjęć lub wizji lokalnej);rekrutuje;;;;tak;Podstawy online OK;;"witryna/szyld, odzież dla personelu (do sprawdzenia na miejscu; oferta zależy od branży); odzież/oklejenie dla nowych ludzi i aut";nie kontaktowano;OpenStreetMap (shop=interior_decoration, node/2713236670);2026-10-10
Sklepy lokalne;C;-1;De Verfzaak;Eindhoven;Kanaaldijk-Noord 3A 5613DH;https://www.deverfzaak.nl/de-verfzaak-winkels/eindhoven/;OK;tak;tak;;Lightspeed;;NIEUSTALONE (wymaga zdjęć lub wizji lokalnej);;;;;tak;Częściowe braki;nie znaleziono social media na stronie;"materiały do social media; witryna/szyld, odzież dla personelu (do sprawdzenia na miejscu; oferta zależy od branży)";nie kontaktowano;OpenStreetMap (shop=paint, node/2761870782) + wyszukiwarka + wyszukiwarka;2026-10-10
Sklepy lokalne;C;-1;DYKA;Eindhoven;Hurksestraat 22A 5652AK;https://www.dyka.nl/dyka-eindhoven;OK;tak;tak;;;Facebook, LinkedIn, YouTube;NIEUSTALONE (wymaga zdjęć lub wizji lokalnej);rekrutuje;;;;tak;Podstawy online OK;;"witryna/szyld, odzież dla personelu (do sprawdzenia na miejscu; oferta zależy od branży); odzież/oklejenie dla nowych ludzi i aut";nie kontaktowano;OpenStreetMap (shop=trade, node/2713236673);2026-10-10
Sklepy lokalne;C;-1;Fietsvoordeelshop.nl;Eindhoven;Steijgerweg 2 5616HS;https://www.fietsvoordeelshop.nl/winkels/eindhoven;OK;tak;tak;2026;;Facebook, Instagram, LinkedIn, YouTube;NIEUSTALONE (wymaga zdjęć lub wizji lokalnej);rekrutuje;;;;tak;Podstawy online OK;;"witryna/szyld, odzież dla personelu (do sprawdzenia na miejscu; oferta zależy od branży); odzież/oklejenie dla nowych ludzi i aut";nie kontaktowano;OpenStreetMap (shop=bicycle, node/242557140) + wyszukiwarka + wyszukiwarka;2026-10-10
Sklepy lokalne;C;-1;Go Fresh Bakery;Oirschot;Rijksweg A58 1 5688PZ;;NIE ZNALEZIONO STRONY W DANYCH;;;;;;NIEUSTALONE (wymaga zdjęć lub wizji lokalnej);;;;;tak;Do sprawdzenia;strony nie ma w danych mapy (do sprawdzenia);"jeśli faktycznie brak: strona WWW; witryna/szyld, odzież dla personelu (do sprawdzenia na miejscu; oferta zależy od branży)";nie kontaktowano;OpenStreetMap (shop=bakery, node/12007364092);2026-10-10
Sklepy lokalne;C;-1;Go Fresh Bakery;Liempde;Rijksweg 2 5298MG;;NIE ZNALEZIONO STRONY W DANYCH;;;;;;NIEUSTALONE (wymaga zdjęć lub wizji lokalnej);;;;;tak;Do sprawdzenia;strony nie ma w danych mapy (do sprawdzenia);"jeśli faktycznie brak: strona WWW; witryna/szyld, odzież dla personelu (do sprawdzenia na miejscu; oferta zależy od branży)";nie kontaktowano;OpenStreetMap (shop=bakery, node/12104731543);2026-10-10
Sklepy lokalne;C;-1;Go Fresh Bakery;Maarheeze;Rijksweg A2 5 6026RR;;NIE ZNALEZIONO STRONY W DANYCH;;;;;;NIEUSTALONE (wymaga zdjęć lub wizji lokalnej);;;;;tak;Do sprawdzenia;strony nie ma w danych mapy (do sprawdzenia);"jeśli faktycznie brak: strona WWW; witryna/szyld, odzież dla personelu (do sprawdzenia na miejscu; oferta zależy od branży)";nie kontaktowano;OpenStreetMap (shop=bakery, node/12113429519);2026-10-10
Sklepy lokalne;C;-1;GroenRijk;Veldhoven;Polderstraat 17 5509LB;https://www.groenrijkveldhoven.nl/;OK;tak;tak;;;Facebook;NIEUSTALONE (wymaga zdjęć lub wizji lokalnej);rekrutuje;;;;tak;Podstawy online OK;;"witryna/szyld, odzież dla personelu (do sprawdzenia na miejscu; oferta zależy od branży); odzież/oklejenie dla nowych ludzi i aut";nie kontaktowano;OpenStreetMap (shop=garden_centre, node/431172553);2026-10-10
Sklepy lokalne;C;-1;GroenRijk;Geldrop;Zwembadweg 6 5663PL;https://www.groenrijkgeldrop.nl/;OK;tak;tak;;;Facebook, Instagram;NIEUSTALONE (wymaga zdjęć lub wizji lokalnej);rekrutuje;;;;tak;Podstawy online OK;;"witryna/szyld, odzież dla personelu (do sprawdzenia na miejscu; oferta zależy od branży); odzież/oklejenie dla nowych ludzi i aut";nie kontaktowano;OpenStreetMap (shop=garden_centre, node/2871343210);2026-10-10
Sklepy lokalne;C;-1;Haco;Son en Breugel;Ekkersrijt 4034 5692DA;https://www.haco.nu/haco-eindhoven;OK;tak;tak;2026;;Facebook, Instagram, LinkedIn, TikTok, YouTube;NIEUSTALONE (wymaga zdjęć lub wizji lokalnej);rekrutuje;;;;tak;Podstawy online OK;;"witryna/szyld, odzież dla personelu (do sprawdzenia na miejscu; oferta zależy od branży); odzież/oklejenie dla nowych ludzi i aut";nie kontaktowano;OpenStreetMap (shop=furniture, node/2785222958);2026-10-10
Sklepy lokalne;C;-1;Halfords;Eindhoven;Winkelcentrum Woensel 84B 5625AE;https://www.halfords.nl/halfords-winkels/eindhoven;OK;tak;tak;2026;;;NIEUSTALONE (wymaga zdjęć lub wizji lokalnej);;;;;tak;Częściowe braki;nie znaleziono social media na stronie;"materiały do social media; witryna/szyld, odzież dla personelu (do sprawdzenia na miejscu; oferta zależy od branży)";nie kontaktowano;OpenStreetMap (shop=bicycle, node/2751971198);2026-10-10
Sklepy lokalne;C;-1;HORNBACH;Best;Zandstraat 15 5683PL;https://www.hornbach.nl/cms/nl/nl/vestigingsinfo/mijn_hornbach/vestigingen_openingstijden/hornbach_best.html;OK;tak;tak;;;;NIEUSTALONE (wymaga zdjęć lub wizji lokalnej);;;;;tak;Częściowe braki;nie znaleziono social media na stronie;"materiały do social media; witryna/szyld, odzież dla personelu (do sprawdzenia na miejscu; oferta zależy od branży)";nie kontaktowano;OpenStreetMap (shop=doityourself, node/4558592449);2026-10-10
Sklepy lokalne;C;-1;Hubo;;;;NIE ZNALEZIONO STRONY W DANYCH;;;;;;NIEUSTALONE (wymaga zdjęć lub wizji lokalnej);;;;;tak;Do sprawdzenia;strony nie ma w danych mapy (do sprawdzenia);"jeśli faktycznie brak: strona WWW; witryna/szyld, odzież dla personelu (do sprawdzenia na miejscu; oferta zależy od branży)";nie kontaktowano;OpenStreetMap (shop=doityourself, node/4813626857);2026-10-10
Sklepy lokalne;C;-1;I-KOOK;Eindhoven;Kanaaldijk-Noord 57A 5642JA;https://www.i-kook.nl/winkels/eindhoven/;OK;tak;tak;2026;WordPress;Facebook, Instagram, YouTube;NIEUSTALONE (wymaga zdjęć lub wizji lokalnej);rekrutuje;;;;tak;Podstawy online OK;;"witryna/szyld, odzież dla personelu (do sprawdzenia na miejscu; oferta zależy od branży); odzież/oklejenie dla nowych ludzi i aut";nie kontaktowano;OpenStreetMap (shop=kitchen, node/2745963338);2026-10-10
Sklepy lokalne;C;-1;Intratuin;Nuenen;Collse Hoefdijk 7 5674VL;https://www.intratuin.nl/intratuin-nuenen;OK;tak;tak;2026;;Facebook, Instagram, TikTok, YouTube;NIEUSTALONE (wymaga zdjęć lub wizji lokalnej);rekrutuje;;;;tak;Podstawy online OK;;"witryna/szyld, odzież dla personelu (do sprawdzenia na miejscu; oferta zależy od branży); odzież/oklejenie dla nowych ludzi i aut";nie kontaktowano;OpenStreetMap (shop=garden_centre, node/2992269252);2026-10-10
Sklepy lokalne;C;-1;Jamin;Veldhoven;Meiveld 165 5501KH;https://jamin.nl/winkel/veldhoven/;OK;tak;tak;;WordPress;Facebook, Instagram, TikTok, YouTube;NIEUSTALONE (wymaga zdjęć lub wizji lokalnej);rekrutuje;;;;tak;Podstawy online OK;;"witryna/szyld, odzież dla personelu (do sprawdzenia na miejscu; oferta zależy od branży); odzież/oklejenie dla nowych ludzi i aut";nie kontaktowano;OpenStreetMap (shop=confectionery, node/1436220745) + wyszukiwarka + wyszukiwarka + wyszukiwarka;2026-10-10
Sklepy lokalne;C;-1;Jan Swaanen De Echte Bakker;Bladel;Sniederslaan 49 5531EH;https://janswaanen.echtebakker.nl;OK;tak;tak;2026;;Facebook, Instagram;NIEUSTALONE (wymaga zdjęć lub wizji lokalnej);rekrutuje;;;;tak;Podstawy online OK;;"witryna/szyld, odzież dla personelu (do sprawdzenia na miejscu; oferta zależy od branży); odzież/oklejenie dla nowych ludzi i aut";nie kontaktowano;OpenStreetMap (shop=bakery, node/3856636196);2026-10-10
Sklepy lokalne;C;-1;Jongeneel;Eindhoven;Dirk Boutslaan 18 5613LH;https://www.jongeneel.nl/vestiging/jongeneel-eindhoven;OK;tak;tak;;;;NIEUSTALONE (wymaga zdjęć lub wizji lokalnej);;;;;tak;Częściowe braki;nie znaleziono social media na stronie;"materiały do social media; witryna/szyld, odzież dla personelu (do sprawdzenia na miejscu; oferta zależy od branży)";nie kontaktowano;OpenStreetMap (shop=trade, node/2759592144) + wyszukiwarka;2026-10-10
Sklepy lokalne;C;-1;Keuken Kampioen;Son en Breugel;Ekkersrijt 4102 5692DC;https://www.keukenkampioen.nl/showrooms/son/;OK;tak;tak;2026;;Facebook, Instagram, YouTube;NIEUSTALONE (wymaga zdjęć lub wizji lokalnej);rekrutuje;;;;tak;Podstawy online OK;;"witryna/szyld, odzież dla personelu (do sprawdzenia na miejscu; oferta zależy od branży); odzież/oklejenie dla nowych ludzi i aut";nie kontaktowano;OpenStreetMap (shop=kitchen, node/2785222988) + wyszukiwarka;2026-10-10
Sklepy lokalne;C;-1;KeukenConcurrent;Helmond;Engelseweg 202 5705AJ;https://www.keukenconcurrent.nl/keukenzaak/helmond/;OK;tak;tak;2026;;Facebook, Instagram, YouTube;NIEUSTALONE (wymaga zdjęć lub wizji lokalnej);rekrutuje;;;;tak;Podstawy online OK;;"witryna/szyld, odzież dla personelu (do sprawdzenia na miejscu; oferta zależy od branży); odzież/oklejenie dla nowych ludzi i aut";nie kontaktowano;OpenStreetMap (shop=kitchen, node/2902558254) + wyszukiwarka;2026-10-10
Sklepy lokalne;C;-1;Keukendepot;Eindhoven;Tenierslaan 9 5613DZ;https://www.keukendepot.nl/vestigingen-keukendepot/eindhoven;OK;tak;tak;2026;;Facebook, Instagram;NIEUSTALONE (wymaga zdjęć lub wizji lokalnej);rekrutuje;;;;tak;Podstawy online OK;;"witryna/szyld, odzież dla personelu (do sprawdzenia na miejscu; oferta zależy od branży); odzież/oklejenie dla nowych ludzi i aut";nie kontaktowano;OpenStreetMap (shop=kitchen, node/2761871207);2026-10-10
Sklepy lokalne;C;-1;Keurslager Danny Megens;Eindhoven;Woenselse Markt 15 5612CP;https://www.dannymegens.nl/;OK;tak;tak;2026;WordPress;Facebook, Instagram;NIEUSTALONE (wymaga zdjęć lub wizji lokalnej);sklep online;;;;tak;Podstawy online OK;;"witryna/szyld, odzież dla personelu (do sprawdzenia na miejscu; oferta zależy od branży)";nie kontaktowano;OpenStreetMap (shop=butcher, node/2778292132);2026-10-10
Sklepy lokalne;C;-1;Keurslager Goossens;Helmond;Steenweg 31 5707CE;https://keurslagergoossens.nl/;OK;tak;tak;;WordPress;Facebook, YouTube;NIEUSTALONE (wymaga zdjęć lub wizji lokalnej);sklep online;;;;tak;Podstawy online OK;;"witryna/szyld, odzież dla personelu (do sprawdzenia na miejscu; oferta zależy od branży)";nie kontaktowano;OpenStreetMap (shop=butcher, node/2902886631);2026-10-10
Sklepy lokalne;C;-1;Keurslagerij Jan Daamen;Eindhoven;Winkelcentrum Woensel 73 5625AD;https://daamen.keurslager.nl/;OK;tak;tak;;;;NIEUSTALONE (wymaga zdjęć lub wizji lokalnej);;;;;tak;Częściowe braki;nie znaleziono social media na stronie;"materiały do social media; witryna/szyld, odzież dla personelu (do sprawdzenia na miejscu; oferta zależy od branży)";nie kontaktowano;OpenStreetMap (shop=butcher, node/2751970990);2026-10-10
Sklepy lokalne;C;-1;Kwantum;Veldhoven;De Run 3125 5503LH;https://www.kwantum.nl/winkels/veldhoven;OK;tak;tak;2026;;Facebook, Instagram, TikTok;NIEUSTALONE (wymaga zdjęć lub wizji lokalnej);rekrutuje;;;;tak;Podstawy online OK;;"witryna/szyld, odzież dla personelu (do sprawdzenia na miejscu; oferta zależy od branży); odzież/oklejenie dla nowych ludzi i aut";nie kontaktowano;OpenStreetMap (shop=furniture, node/1434742907) + wyszukiwarka + wyszukiwarka;2026-10-10
Sklepy lokalne;C;-1;Leen Bakker;Veldhoven;De Run 3131 5503LH;https://www.leenbakker.nl/winkels/veldhoven/de-run-3131;OK;tak;tak;2026;;Facebook, Instagram, TikTok, YouTube;NIEUSTALONE (wymaga zdjęć lub wizji lokalnej);rekrutuje;;;;tak;Podstawy online OK;;"witryna/szyld, odzież dla personelu (do sprawdzenia na miejscu; oferta zależy od branży); odzież/oklejenie dla nowych ludzi i aut";nie kontaktowano;OpenStreetMap (shop=furniture, node/1434742909) + wyszukiwarka + wyszukiwarka + wyszukiwarka;2026-10-10
Sklepy lokalne;C;-1;Maxi Zoo;Eindhoven;Noord Brabantlaan 267 5652LD;https://www.maxizoo.nl/winkels/maxi-zoo-eindhoven-noord-brabantlaan;OK;tak;tak;2026;Webflow;Facebook, Instagram, TikTok;NIEUSTALONE (wymaga zdjęć lub wizji lokalnej);rekrutuje;;;;tak;Podstawy online OK;;"witryna/szyld, odzież dla personelu (do sprawdzenia na miejscu; oferta zależy od branży); odzież/oklejenie dla nowych ludzi i aut";nie kontaktowano;OpenStreetMap (shop=pet, node/491048841) + wyszukiwarka + wyszukiwarka + wyszukiwarka + wyszukiwarka + wyszukiwarka + wyszukiwarka;2026-10-10
Sklepy lokalne;C;-1;Montèl;Son en Breugel;Ekkersrijt 4129 5692DD;https://www.montel.nl/vestigingen/son/;OK;tak;tak;;;Facebook, Instagram, YouTube;NIEUSTALONE (wymaga zdjęć lub wizji lokalnej);rekrutuje;;;;tak;Podstawy online OK;;"witryna/szyld, odzież dla personelu (do sprawdzenia na miejscu; oferta zależy od branży); odzież/oklejenie dla nowych ludzi i aut";nie kontaktowano;OpenStreetMap (shop=furniture, node/4467648582);2026-10-10
Sklepy lokalne;C;-1;Peter Dirne keurslager;Eindhoven;Ardèchelaan 9 5627EM;https://dirne.keurslager.nl/;OK;tak;tak;;;;NIEUSTALONE (wymaga zdjęć lub wizji lokalnej);;;;;tak;Częściowe braki;nie znaleziono social media na stronie;"materiały do social media; witryna/szyld, odzież dla personelu (do sprawdzenia na miejscu; oferta zależy od branży)";nie kontaktowano;OpenStreetMap (shop=butcher, node/2747767987);2026-10-10
Sklepy lokalne;C;-1;PontMeyer;Eindhoven;Lodewijkstraat 16 5652AC;https://www.pontmeyer.nl/vestiging/pontmeyer-eindhoven-hurk;OK;tak;tak;;;;NIEUSTALONE (wymaga zdjęć lub wizji lokalnej);;;;;tak;Częściowe braki;nie znaleziono social media na stronie;"materiały do social media; witryna/szyld, odzież dla personelu (do sprawdzenia na miejscu; oferta zależy od branży)";nie kontaktowano;OpenStreetMap (shop=doityourself, node/2713671760) + wyszukiwarka;2026-10-10
Sklepy lokalne;C;-1;Praxis;Eindhoven;Tenierslaan 2 5613DZ;;NIE ZNALEZIONO STRONY W DANYCH;;;;;;NIEUSTALONE (wymaga zdjęć lub wizji lokalnej);;;;;tak;Do sprawdzenia;strony nie ma w danych mapy (do sprawdzenia);"jeśli faktycznie brak: strona WWW; witryna/szyld, odzież dla personelu (do sprawdzenia na miejscu; oferta zależy od branży)";nie kontaktowano;OpenStreetMap (shop=doityourself, node/1427249087);2026-10-10
Sklepy lokalne;C;-1;Praxis;Nuenen;Duivendijk 1B 5672AD;;NIE ZNALEZIONO STRONY W DANYCH;;;;;;NIEUSTALONE (wymaga zdjęć lub wizji lokalnej);;;;;tak;Do sprawdzenia;strony nie ma w danych mapy (do sprawdzenia);"jeśli faktycznie brak: strona WWW; witryna/szyld, odzież dla personelu (do sprawdzenia na miejscu; oferta zależy od branży)";nie kontaktowano;OpenStreetMap (shop=doityourself, node/2992404852);2026-10-10
Sklepy lokalne;C;-1;Profijt Meubel;Son en Breugel;Ekkersrijt 4115 5692DD;https://www.profijtmeubel.nl/winkel/eindhoven-son;OK;tak;tak;2026;;Facebook, Instagram, YouTube;NIEUSTALONE (wymaga zdjęć lub wizji lokalnej);rekrutuje;;;;tak;Podstawy online OK;;"witryna/szyld, odzież dla personelu (do sprawdzenia na miejscu; oferta zależy od branży); odzież/oklejenie dla nowych ludzi i aut";nie kontaktowano;OpenStreetMap (shop=furniture, node/2785223019) + wyszukiwarka;2026-10-10
Sklepy lokalne;C;-1;Prominent;Best;Eindhovenseweg 30 5683KH;https://www.prominent.nu/winkels/prominent-best;OK;tak;tak;2026;;Facebook, Instagram, YouTube;NIEUSTALONE (wymaga zdjęć lub wizji lokalnej);rekrutuje;;;;tak;Podstawy online OK;;"witryna/szyld, odzież dla personelu (do sprawdzenia na miejscu; oferta zależy od branży); odzież/oklejenie dla nowych ludzi i aut";nie kontaktowano;OpenStreetMap (shop=furniture, node/2720623909);2026-10-10
Sklepy lokalne;C;-1;Pronto Wonen;Son en Breugel;Ekkersrijt 4113 5692DD;https://www.prontowonen.nl/winkel/eindhoven-son;OK;tak;tak;2026;;Facebook, Instagram, TikTok, YouTube;NIEUSTALONE (wymaga zdjęć lub wizji lokalnej);rekrutuje;;;;tak;Podstawy online OK;;"witryna/szyld, odzież dla personelu (do sprawdzenia na miejscu; oferta zależy od branży); odzież/oklejenie dla nowych ludzi i aut";nie kontaktowano;OpenStreetMap (shop=furniture, node/2785223012) + wyszukiwarka;2026-10-10
Sklepy lokalne;C;-1;Reef keurslager;Geldrop;Heuvel 31 5664HM;https://reef.keurslager.nl/;OK;tak;tak;;;Facebook, Instagram;NIEUSTALONE (wymaga zdjęć lub wizji lokalnej);rekrutuje;;;;tak;Podstawy online OK;;"witryna/szyld, odzież dla personelu (do sprawdzenia na miejscu; oferta zależy od branży); odzież/oklejenie dla nowych ludzi i aut";nie kontaktowano;OpenStreetMap (shop=butcher, node/2872357549);2026-10-10
Sklepy lokalne;C;-1;Sanidirect;Son en Breugel;Ekkersrijt 4016 5692DA;https://www.sanidirect.nl/winkels/son-regio-eindhoven;OK;tak;tak;;;YouTube;NIEUSTALONE (wymaga zdjęć lub wizji lokalnej);rekrutuje;;;;tak;Podstawy online OK;;"witryna/szyld, odzież dla personelu (do sprawdzenia na miejscu; oferta zależy od branży); odzież/oklejenie dla nowych ludzi i aut";nie kontaktowano;OpenStreetMap (shop=bathroom_furnishing, node/2785222930);2026-10-10
Sklepy lokalne;C;-1;Schutjes;Son en Breugel;17 Septemberplein 1c 5691DG;https://schutjes.keurslager.nl;OK;tak;tak;;;;NIEUSTALONE (wymaga zdjęć lub wizji lokalnej);;;;;tak;Częściowe braki;nie znaleziono social media na stronie;"materiały do social media; witryna/szyld, odzież dla personelu (do sprawdzenia na miejscu; oferta zależy od branży)";nie kontaktowano;OpenStreetMap (shop=butcher, node/2792747624);2026-10-10
Sklepy lokalne;C;-1;Seats and Sofas;Eindhoven;Kanaaldijk-Noord 5 5613DH;https://www.seatsandsofas.nl/megastores/eindhoven/;OK;tak;tak;;;Facebook, Instagram, LinkedIn, TikTok, YouTube;NIEUSTALONE (wymaga zdjęć lub wizji lokalnej);rekrutuje;;;;tak;Podstawy online OK;;"witryna/szyld, odzież dla personelu (do sprawdzenia na miejscu; oferta zależy od branży); odzież/oklejenie dla nowych ludzi i aut";nie kontaktowano;OpenStreetMap (shop=furniture, node/2761870882);2026-10-10
Sklepy lokalne;C;-1;Stella;Best;Bosseweg 35 5682BA;https://www.stella.nl/fietsenwinkels/best;OK;tak;tak;;;Facebook, Instagram, LinkedIn, YouTube;NIEUSTALONE (wymaga zdjęć lub wizji lokalnej);rekrutuje;;;;tak;Podstawy online OK;;"witryna/szyld, odzież dla personelu (do sprawdzenia na miejscu; oferta zależy od branży); odzież/oklejenie dla nowych ludzi i aut";nie kontaktowano;OpenStreetMap (shop=bicycle, node/3490041344);2026-10-10
Sklepy lokalne;C;-1;Superkeukens;Helmond;Engelseweg 156 5705AJ;https://www.superkeukens.nl/winkels/helmond;OK;tak;tak;2026;;Facebook, Instagram, TikTok, YouTube;NIEUSTALONE (wymaga zdjęć lub wizji lokalnej);rekrutuje;;;;tak;Podstawy online OK;;"witryna/szyld, odzież dla personelu (do sprawdzenia na miejscu; oferta zależy od branży); odzież/oklejenie dla nowych ludzi i aut";nie kontaktowano;OpenStreetMap (shop=kitchen, node/2902557569) + wyszukiwarka;2026-10-10
Sklepy lokalne;C;-1;Technische Unie;Eindhoven;De Schakel 14 5651GH;https://www.c.technischeunie.nl/vestigingen/eindhoven.html;OK;tak;tak;;;Facebook, Instagram, LinkedIn, YouTube;NIEUSTALONE (wymaga zdjęć lub wizji lokalnej);rekrutuje;;;;tak;Podstawy online OK;;"witryna/szyld, odzież dla personelu (do sprawdzenia na miejscu; oferta zależy od branży); odzież/oklejenie dla nowych ludzi i aut";nie kontaktowano;OpenStreetMap (shop=hardware, node/2737111224) + wyszukiwarka;2026-10-10
Sklepy lokalne;C;-1;Thuisin de Kleurenkamer;Best;Oranjestraat 9A 5682CA;https://kleurenkamer.nl;OK;tak;tak;;WordPress;;NIEUSTALONE (wymaga zdjęć lub wizji lokalnej);;;;;tak;Częściowe braki;nie znaleziono social media na stronie;"materiały do social media; witryna/szyld, odzież dla personelu (do sprawdzenia na miejscu; oferta zależy od branży)";nie kontaktowano;OpenStreetMap (shop=interior_decoration, node/3490042667);2026-10-10
Sklepy lokalne;C;-1;Toolstation;Eindhoven;Hurksestraat 44 5652AL;https://www.toolstation.nl/branches/eindhoven;OK;tak;tak;;;Facebook, Instagram, LinkedIn, YouTube;NIEUSTALONE (wymaga zdjęć lub wizji lokalnej);rekrutuje;;;;tak;Podstawy online OK;;"witryna/szyld, odzież dla personelu (do sprawdzenia na miejscu; oferta zależy od branży); odzież/oklejenie dla nowych ludzi i aut";nie kontaktowano;OpenStreetMap (shop=doityourself, node/2713267704) + wyszukiwarka + wyszukiwarka;2026-10-10
Sklepy lokalne;C;-1;Trendhopper;Son en Breugel;Ekkersrijt 4103 5692DD;https://www.trendhopper.nl/eindhoven;OK;tak;tak;2026;;Facebook, Instagram, TikTok;NIEUSTALONE (wymaga zdjęć lub wizji lokalnej);rekrutuje;;;;tak;Podstawy online OK;;"witryna/szyld, odzież dla personelu (do sprawdzenia na miejscu; oferta zależy od branży); odzież/oklejenie dla nowych ludzi i aut";nie kontaktowano;OpenStreetMap (shop=furniture, node/4467648578);2026-10-10
Sklepy lokalne;C;-1;Wasco;Eindhoven;Dillenburgstraat 25M 5652AM;https://www.wasco.nl/vestiging/wasco-eindhoven;OK;tak;tak;2026;;Facebook, Instagram, LinkedIn, YouTube;NIEUSTALONE (wymaga zdjęć lub wizji lokalnej);rekrutuje;;;;tak;Podstawy online OK;;"witryna/szyld, odzież dla personelu (do sprawdzenia na miejscu; oferta zależy od branży); odzież/oklejenie dla nowych ludzi i aut";nie kontaktowano;OpenStreetMap (shop=trade, node/2712980727);2026-10-10
Sklepy lokalne;C;-1;Würth;Eindhoven;Hurksestraat 42-02 5652AL;https://www.wurth.nl/nl/wuerth_nl/wuerth_shops/shop_finder/nl_detail_68.php;OK;tak;tak;;;Facebook, Instagram, LinkedIn, YouTube;NIEUSTALONE (wymaga zdjęć lub wizji lokalnej);rekrutuje;;;;tak;Podstawy online OK;;"witryna/szyld, odzież dla personelu (do sprawdzenia na miejscu; oferta zależy od branży); odzież/oklejenie dla nowych ludzi i aut";nie kontaktowano;OpenStreetMap (shop=hardware, node/2713267693) + wyszukiwarka;2026-10-10
Sklepy lokalne;C;-2;Antonis keurslager;Veldhoven;Meiveld 85 5501KD;https://antonis.keurslager.nl/;OK;tak;tak;;;Facebook, Instagram;NIEUSTALONE (wymaga zdjęć lub wizji lokalnej);;;;;tak;Podstawy online OK;;"witryna/szyld, odzież dla personelu (do sprawdzenia na miejscu; oferta zależy od branży)";nie kontaktowano;OpenStreetMap (shop=butcher, node/1834088580);2026-10-10
Sklepy lokalne;C;-2;Bakkerij Jenny van der Putten;Mierlo;Kerkstraat 30 5731BJ;https://jennyvanderputten.echtebakker.nl/;OK;tak;tak;2026;;Facebook, Instagram;NIEUSTALONE (wymaga zdjęć lub wizji lokalnej);;;;;tak;Podstawy online OK;;"witryna/szyld, odzież dla personelu (do sprawdzenia na miejscu; oferta zależy od branży)";nie kontaktowano;OpenStreetMap (shop=bakery, node/2876515028);2026-10-10
Sklepy lokalne;C;-2;Beddenreus;Son en Breugel;Ekkersrijt 4091 5692DB;https://www.beddenreus.nl/Winkels/noord-brabant/Eindhoven-Ekkersrijt;OK;tak;tak;2026;;Facebook, Instagram;NIEUSTALONE (wymaga zdjęć lub wizji lokalnej);;;;;tak;Podstawy online OK;;"witryna/szyld, odzież dla personelu (do sprawdzenia na miejscu; oferta zależy od branży)";nie kontaktowano;OpenStreetMap (shop=bed, node/9291477209);2026-10-10
Sklepy lokalne;C;-2;Chris Vogels keurslager;Helmond;de Plaetse 76 5708ZJ;https://vogels.keurslager.nl;OK;tak;tak;;;Facebook;NIEUSTALONE (wymaga zdjęć lub wizji lokalnej);;;;;tak;Podstawy online OK;;"witryna/szyld, odzież dla personelu (do sprawdzenia na miejscu; oferta zależy od branży)";nie kontaktowano;OpenStreetMap (shop=butcher, node/2885726475) + wyszukiwarka;2026-10-10
Sklepy lokalne;C;-2;Daan van den Broek keurslager;Eersel;Nieuwstraat 20c 5521CC;https://daan.keurslager.nl/;OK;tak;tak;;;Facebook, Instagram, YouTube;NIEUSTALONE (wymaga zdjęć lub wizji lokalnej);;;;;tak;Podstawy online OK;;"witryna/szyld, odzież dla personelu (do sprawdzenia na miejscu; oferta zależy od branży)";nie kontaktowano;OpenStreetMap (shop=butcher, node/2828636560);2026-10-10
Sklepy lokalne;C;-2;De Bommel Meubelen;Son en Breugel;Ekkersrijt 4107 5692DD;https://www.debommelmeubelen.nl/winkels/de-bommel-meubelen-eindhoven;NIEUSTALONE (blokada robotów);;;;;;NIEUSTALONE (wymaga zdjęć lub wizji lokalnej);;;;;tak;Nieustalone;;"witryna/szyld, odzież dla personelu (do sprawdzenia na miejscu; oferta zależy od branży)";nie kontaktowano;OpenStreetMap (shop=furniture, node/4467648579);2026-10-10
Sklepy lokalne;C;-2;E. Laureijs keurslager;Bladel;Sniederslaan 49 5531EH;https://www.laureijsbladel.keurslager.nl;NIEUSTALONE (brak połączenia z mojego środowiska);;;;;;NIEUSTALONE (wymaga zdjęć lub wizji lokalnej);;;;;tak;Nieustalone;;"witryna/szyld, odzież dla personelu (do sprawdzenia na miejscu; oferta zależy od branży)";nie kontaktowano;OpenStreetMap (shop=butcher, node/3856636195);2026-10-10
Sklepy lokalne;C;-2;E. Tebak keurslager;Nuenen;Parkstraat 12B 5671GG;https://tebak.keurslager.nl;OK;tak;tak;;;Facebook, Instagram;NIEUSTALONE (wymaga zdjęć lub wizji lokalnej);;;;;tak;Podstawy online OK;;"witryna/szyld, odzież dla personelu (do sprawdzenia na miejscu; oferta zależy od branży)";nie kontaktowano;OpenStreetMap (shop=butcher, node/2993009253);2026-10-10
Sklepy lokalne;C;-2;Enorm Graat;Gemert;Haageijk 25 5421KW;https://www.enormgraat.nl;OK;tak;tak;2022;WordPress;Facebook;NIEUSTALONE (wymaga zdjęć lub wizji lokalnej);;;;;tak;Podstawy online OK;;"witryna/szyld, odzież dla personelu (do sprawdzenia na miejscu; oferta zależy od branży)";nie kontaktowano;OpenStreetMap (shop=doityourself, node/3005544204);2026-10-10
Sklepy lokalne;C;-2;G. Kluijtmans keurslager;Sint-Oedenrode;Kerkstraat 13 5492AH;https://kluijtmans.keurslager.nl/;OK;tak;tak;;;Facebook;NIEUSTALONE (wymaga zdjęć lub wizji lokalnej);;;;;tak;Podstawy online OK;;"witryna/szyld, odzież dla personelu (do sprawdzenia na miejscu; oferta zależy od branży)";nie kontaktowano;OpenStreetMap (shop=butcher, node/2260663262);2026-10-10
Sklepy lokalne;C;-2;Gamma;Eindhoven;Kanaaldijk-Noord 15A 5613DH;https://www.gamma.nl/bouwmarkten/eindhoven-centrum;NIEUSTALONE (blokada robotów);;;;;;NIEUSTALONE (wymaga zdjęć lub wizji lokalnej);;;;;tak;Nieustalone;;"witryna/szyld, odzież dla personelu (do sprawdzenia na miejscu; oferta zależy od branży)";nie kontaktowano;OpenStreetMap (shop=doityourself, node/2621685659) + wyszukiwarka + wyszukiwarka + wyszukiwarka + wyszukiwarka + wyszukiwarka;2026-10-10
Sklepy lokalne;C;-2;Giant;Eindhoven;Geldropseweg 9C 5611SB;https://www.giantstore-eindhoven.nl;OK;tak;tak;;;Facebook, YouTube;NIEUSTALONE (wymaga zdjęć lub wizji lokalnej);;;;;tak;Podstawy online OK;;"witryna/szyld, odzież dla personelu (do sprawdzenia na miejscu; oferta zależy od branży)";nie kontaktowano;OpenStreetMap (shop=bicycle, node/2759558973);2026-10-10
Sklepy lokalne;C;-2;Goossens XL;Nuenen;Duivendijk 4 5672AD;https://www.goossenswonen.nl/winkels/goossens-woonwinkel-nuenen;NIEUSTALONE (blokada robotów);;;;;;NIEUSTALONE (wymaga zdjęć lub wizji lokalnej);;;;;tak;Nieustalone;;"witryna/szyld, odzież dla personelu (do sprawdzenia na miejscu; oferta zależy od branży)";nie kontaktowano;OpenStreetMap (shop=furniture, node/2992399500);2026-10-10
Sklepy lokalne;C;-2;Gossens - Joost de Ruijter - keurslager;Valkenswaard;Eindhovenseweg 42 5554AC;https://gossens.keurslager.nl/;OK;tak;tak;;;Facebook, Instagram, YouTube;NIEUSTALONE (wymaga zdjęć lub wizji lokalnej);;;;;tak;Podstawy online OK;;"witryna/szyld, odzież dla personelu (do sprawdzenia na miejscu; oferta zależy od branży)";nie kontaktowano;OpenStreetMap (shop=butcher, node/2829230235);2026-10-10
Sklepy lokalne;C;-2;Karwei;Valkenswaard;De Vest 74 5555XP;https://www.karwei.nl/vestigingen/valkenswaard;NIEUSTALONE (blokada robotów);;;;;;NIEUSTALONE (wymaga zdjęć lub wizji lokalnej);;;;;tak;Nieustalone;;"witryna/szyld, odzież dla personelu (do sprawdzenia na miejscu; oferta zależy od branży)";nie kontaktowano;OpenStreetMap (shop=doityourself, node/602117389) + wyszukiwarka + wyszukiwarka + wyszukiwarka + wyszukiwarka + wyszukiwarka;2026-10-10
Sklepy lokalne;C;-2;Keurslager T. Mennen;Best;Boterhoek 26 5683AV;https://mennen.keurslager.nl/;OK;tak;tak;;;Facebook, YouTube;NIEUSTALONE (wymaga zdjęć lub wizji lokalnej);;;;;tak;Podstawy online OK;;"witryna/szyld, odzież dla personelu (do sprawdzenia na miejscu; oferta zależy od branży)";nie kontaktowano;OpenStreetMap (shop=butcher, node/2723936778);2026-10-10
Sklepy lokalne;C;-2;Laureijs keurslager;Veldhoven;Kromstraat 23 5504BA;https://laureijsveldhoven.keurslager.nl/;OK;tak;tak;;;Facebook, Instagram;NIEUSTALONE (wymaga zdjęć lub wizji lokalnej);;;;;tak;Podstawy online OK;;"witryna/szyld, odzież dla personelu (do sprawdzenia na miejscu; oferta zależy od branży)";nie kontaktowano;OpenStreetMap (shop=butcher, node/6029193611);2026-10-10
Sklepy lokalne;C;-2;Le Soleil;Son en Breugel;Markt 5 5691AR;https://www.lesoleilbloemen.nl;OK;tak;tak;2026;WordPress;Facebook, Instagram;NIEUSTALONE (wymaga zdjęć lub wizji lokalnej);;;;;tak;Podstawy online OK;;"witryna/szyld, odzież dla personelu (do sprawdzenia na miejscu; oferta zależy od branży)";nie kontaktowano;OpenStreetMap (shop=florist, node/2792750520) + wyszukiwarka;2026-10-10
Sklepy lokalne;C;-2;Moeskops, De Echte Bakker;Veldhoven;Van Vroonhovenlaan 59 5503CN;https://moeskops.echtebakker.nl;OK;tak;tak;2026;;Facebook, Instagram;NIEUSTALONE (wymaga zdjęć lub wizji lokalnej);;;;;tak;Podstawy online OK;;"witryna/szyld, odzież dla personelu (do sprawdzenia na miejscu; oferta zależy od branży)";nie kontaktowano;OpenStreetMap (shop=bakery, node/1725262669) + wyszukiwarka + wyszukiwarka;2026-10-10
Sklepy lokalne;C;-2;P. van Tongerloo keurslager;Waalre;Den Hof 138 5582JZ;https://vantongerloo.keurslager.nl/;OK;tak;tak;;;Facebook, Instagram, YouTube;NIEUSTALONE (wymaga zdjęć lub wizji lokalnej);;;;;tak;Podstawy online OK;;"witryna/szyld, odzież dla personelu (do sprawdzenia na miejscu; oferta zależy od branży)";nie kontaktowano;OpenStreetMap (shop=butcher, node/2929819215);2026-10-10
Sklepy lokalne;C;-2;René & Iris Roos keurslager;Oirschot;de Loop 39 5688EW;https://roos.keurslager.nl/;OK;tak;tak;;;Facebook, YouTube;NIEUSTALONE (wymaga zdjęć lub wizji lokalnej);;;;;tak;Podstawy online OK;;"witryna/szyld, odzież dla personelu (do sprawdzenia na miejscu; oferta zależy od branży)";nie kontaktowano;OpenStreetMap (shop=butcher, node/2825996772);2026-10-10
Sklepy lokalne;C;-2;Sanitairwinkel;Son en Breugel;Ekkersrijt 4129a 5692DD;https://www.sanitairwinkel.nl/showrooms/eindhoven/;NIEUSTALONE (blokada robotów);;;;;;NIEUSTALONE (wymaga zdjęć lub wizji lokalnej);;;;;tak;Nieustalone;;"witryna/szyld, odzież dla personelu (do sprawdzenia na miejscu; oferta zależy od branży)";nie kontaktowano;OpenStreetMap (shop=bathroom_furnishing, node/9631711099);2026-10-10
Sklepy lokalne;C;-2;Thomas Koppens keurslager;Someren;Kerkstraat 30 5711GW;https://koppens.keurslager.nl/;OK;tak;tak;;;Facebook;NIEUSTALONE (wymaga zdjęć lub wizji lokalnej);;;;;tak;Podstawy online OK;;"witryna/szyld, odzież dla personelu (do sprawdzenia na miejscu; oferta zależy od branży)";nie kontaktowano;OpenStreetMap (shop=butcher, node/4573075441);2026-10-10
Sklepy lokalne;C;-2;Verberne keurslager;Eindhoven;Heezerweg 318 5643KN;https://verberne.keurslager.nl/;OK;tak;tak;;;Facebook, YouTube;NIEUSTALONE (wymaga zdjęć lub wizji lokalnej);;;;;tak;Podstawy online OK;;"witryna/szyld, odzież dla personelu (do sprawdzenia na miejscu; oferta zależy od branży)";nie kontaktowano;OpenStreetMap (shop=butcher, node/2740342330);2026-10-10
Sklepy lokalne;C;-2;Warmteservice;Eindhoven;Hurksestraat 18 5652AK;https://www.warmteservice.nl/vestiging/Eindhoven;NIEUSTALONE (blokada robotów);;;;;;NIEUSTALONE (wymaga zdjęć lub wizji lokalnej);;;;;tak;Nieustalone;;"witryna/szyld, odzież dla personelu (do sprawdzenia na miejscu; oferta zależy od branży)";nie kontaktowano;OpenStreetMap (shop=trade, node/2713230825) + wyszukiwarka;2026-10-10
Sklepy lokalne;C;-2;Woonsquare;Eindhoven;Willem van Konijnenburglaan 1D 5613DW;https://www.woonsquare.nl/vestiging/eindhoven;NIEUSTALONE (brak połączenia z mojego środowiska);;;;;;NIEUSTALONE (wymaga zdjęć lub wizji lokalnej);;;;;tak;Nieustalone;;"witryna/szyld, odzież dla personelu (do sprawdzenia na miejscu; oferta zależy od branży)";nie kontaktowano;OpenStreetMap (shop=furniture, node/2761870201);2026-10-10
